book,chapter,verse,language,detail,spiritual,modern,meditation
1,1,1,fr,"Premier verset de la Torah. « Au commencement » traduit l'hébreu bereshit, qui donne son nom au livre dans la tradition juive ; le verbe bara, « créer », n'a dans toute la Bible d'autre sujet que Dieu seul. Ce verset ouvre le récit sacerdotal de la création (Gn 1,1–2,4a).","La Bible s'ouvre sur le mystère de Dieu Créateur. Il tire tout du néant par pur amour. Ce commencement annonce déjà le nouveau commencement : la Résurrection du Christ, genèse d'un monde nouveau.","Dans un monde souvent tenté par le non-sens ou la peur du vide spatial, ce verset fonde notre immense dignité : l'univers n'est pas le fruit d'un hasard absurde, mais le chef-d'œuvre d'une Intelligence aimante.","Seigneur, donne-moi la grâce de m'émerveiller. Devant l'immensité de ton œuvre, que mon âme s'élève vers Toi avec gratitude et confiance."
1,1,1,en,"The opening verse of the Torah. ""In the beginning"" renders the Hebrew bereshit, which also gives the book its Jewish name; the verb bara, ""to create,"" never takes any subject but God alone anywhere in the Bible. This verse opens the priestly account of creation (Gen 1:1-2:4a).","Scripture opens on the mystery of God the Creator, who draws all things from nothing out of pure love. This beginning already announces the new beginning: the Resurrection of Christ, the genesis of a new world.","In a world often tempted by meaninglessness or the fear of empty space, this verse grounds our immense dignity: the universe is not the fruit of absurd chance but the masterwork of a loving Intelligence.","Lord, give me the grace to marvel. Before the immensity of your work, may my soul rise to you with gratitude and trust."
1,1,1,es,"Primer versículo de la Torá. «En el principio» traduce el hebreo bereshit, que da su nombre al libro en la tradición judía; el verbo bara, «crear», no tiene en toda la Biblia más sujeto que Dios. Este versículo abre el relato sacerdotal de la creación (Gn 1,1-2,4a).",,,Entrega el comienzo de tu día en las manos de Aquel que creó todas las cosas.
1,1,1,pt,"Primeiro versículo da Torá. «No princípio» traduz o hebraico bereshit, que dá o seu nome ao livro na tradição judaica; o verbo bara, «criar», não tem em toda a Bíblia outro sujeito senão Deus. Este versículo abre o relato sacerdotal da criação (Gn 1,1-2,4a).",,,Entrega o início do teu dia nas mãos Daquele que criou todas as coisas.
1,1,2,fr,"Le tohu-bohu (« informe et vide ») décrit un chaos primitif, non un néant absolu : la création biblique consiste d'abord à mettre de l'ordre. Le mot traduit par « esprit » (ruah) signifie aussi souffle ou vent ; c'est la même ruah qui anime l'homme en Genèse 2, et que le Christ ressuscité insufflera sur ses disciples (Jn 20,22).",L'Esprit (Ruah) planant sur les eaux originelles préfigure les eaux de notre Baptême. Ce même Esprit vient sans cesse recréer nos âmes lorsqu'elles sombrent dans le péché.,"Face aux dépressions, au vide existentiel et au chaos de nos vies trépidantes, l'Esprit Saint est ce Consolateur qui pacifie nos angoisses et remet de l'ordre dans nos tempêtes.","Viens, Esprit Créateur, souffle sur les eaux troubles de mon cœur. Dissipe mes ténèbres et ramène la paix en moi."
1,1,2,en,"Tohu wabohu (""formless and empty"") describes a primeval chaos, not absolute nothingness: biblical creation is first of all a bringing of order. The word translated ""Spirit"" (ruach) also means breath or wind; it is the same ruach that animates man in Genesis 2, and that the risen Christ later breathes upon his disciples (John 20:22).",The Spirit (Ruah) hovering over the primeval waters foreshadows the waters of our Baptism. That same Spirit comes again and again to recreate our souls whenever they sink into sin.,"Facing depression, existential emptiness, and the chaos of our hurried lives, the Holy Spirit is the Comforter who calms our anxieties and restores order to our storms.","Come, Creator Spirit, breathe over the troubled waters of my heart. Scatter my darkness and bring peace back into me."
1,1,2,es,"El tohu wabohu («informe y vacía») describe un caos primitivo, no una nada absoluta: la creación bíblica consiste ante todo en poner orden. La palabra traducida como «espíritu» (ruaj) significa también aliento o viento; es la misma ruaj que anima al hombre en Génesis 2 y que Cristo resucitado soplará sobre sus discípulos (Jn 20,22).",,,"Allí donde tu vida te parezca informe y vacía, cree que el Espíritu de Dios ya se cierne sobre ella."
1,1,2,pt,"O tohu wabohu («sem forma e vazia») descreve um caos primitivo, não um nada absoluto: a criação bíblica é, antes de tudo, um pôr em ordem. A palavra traduzida por «espírito» (ruach) significa também sopro ou vento; é o mesmo ruach que anima o homem em Génesis 2 e que o Cristo ressuscitado soprará sobre os seus discípulos (Jo 20,22).",,,"Onde a tua vida parecer sem forma e vazia, crê que o Espírito de Deus já paira sobre ela."
1,1,3,fr,"C'est la première parole de Dieu dans la Bible : elle crée ce qu'elle nomme, sans effort ni matière première. Cette lumière précède de trois jours la création du soleil et des astres (v. 14-19) : elle n'est donc pas d'abord physique, mais signe que Dieu fait reculer les ténèbres par sa seule parole.","Le Verbe de Dieu est créateur. Le Christ s'affirmera plus tard comme 'la Lumière du monde' (Jean 8,12). Dans le sacrement du Pardon, cette même Parole de lumière est prononcée sur nous.","À l'ère de la confusion, des 'fake news' et du relativisme où tout se vaut, l'homme a soif d'une clarté véritable. La Parole de Dieu tranche nos ambiguïtés.","Seigneur Jésus, Toi la vraie Lumière, viens éclairer les zones d'ombre de ma vie pour que je marche toujours dans la vérité."
1,1,3,en,"This is God's first spoken word in the Bible: it creates what it names, without effort or raw material. Curiously, this light precedes the creation of the sun and stars by three days (vv. 14-19) — it is therefore not primarily physical, but a sign that God pushes back darkness by his word alone.","The Word of God is creative. Christ will later declare himself ""the Light of the world"" (John 8:12). In the sacrament of Reconciliation, that same word of light is spoken over us.","In an age of confusion, ""fake news,"" and a relativism where everything supposedly counts the same, people thirst for real clarity. God's word cuts through our ambiguities.","Lord Jesus, true Light, come and light up the shadowed places in my life, that I may always walk in the truth."
1,1,3,es,"Es la primera palabra pronunciada por Dios en la Biblia: crea lo que nombra, sin esfuerzo ni materia prima. Curiosamente, esta luz precede en tres días a la creación del sol y los astros (vv. 14-19): no es, pues, ante todo física, sino señal de que Dios hace retroceder las tinieblas con su sola palabra.",,,Pide a Dios que pronuncie también una palabra de luz sobre tu jornada.
1,1,3,pt,"É a primeira palavra pronunciada por Deus na Bíblia: cria o que nomeia, sem esforço nem matéria-prima. Curiosamente, esta luz precede em três dias a criação do sol e dos astros (vv. 14-19): não é, pois, antes de mais, física, mas sinal de que Deus faz recuar as trevas apenas pela sua palavra.",,,Pede a Deus que pronuncie também uma palavra de luz sobre o teu dia.
1,1,4,fr,"Le mot hébreu tov (« bon ») apparaît ici pour la première fois : un jugement de valeur, non une simple description. « Séparer » (badal) est le geste créateur par excellence dans ce chapitre — Dieu ordonne en distinguant, plutôt qu'en fusionnant.","Dieu met de l'ordre en séparant. Le combat spirituel consiste justement à savoir faire la part des choses : rejeter les œuvres des ténèbres pour revêtir les armes de la lumière (Romains 13,12).","Le discernement éthique est vital aujourd'hui. Refuser de nommer le mal, c'est s'y soumettre. Dieu nous invite au courage de la clarté morale dans une société souvent trop grise.","Accorde-moi, Père, le don de discernement. Que je sache reconnaître le bien pour le choisir, et fuir toute complicité avec le mal."
1,1,4,en,"The Hebrew tov (""good"") appears here for the first time — a value judgment, not a mere description. ""Separate"" (badal) is this chapter's characteristic creative verb: God orders the world by distinguishing rather than blending.",God brings order by separating. Spiritual combat is precisely this discernment: rejecting the works of darkness to put on the armor of light (Romans 13:12).,Ethical discernment matters today more than ever. Refusing to name evil is already submitting to it. God calls us to the courage of moral clarity in a society that often prefers the gray zone.,"Grant me, Father, the gift of discernment. May I recognize the good and choose it, and flee all complicity with evil."
1,1,5,fr,"Nommer, dans la pensée hébraïque, c'est exercer une autorité : en nommant jour et nuit, Dieu inaugure le rythme du temps créé. La formule « il y eut un soir, et il y eut un matin » compte les jours à la manière juive, du soir au soir — c'est pourquoi le sabbat commencera au coucher du soleil.","Dieu sanctifie le temps. La Liturgie des Heures, prière officielle de l'Église, rythme nos journées pour que le lever du jour et la tombée de la nuit soient consacrés à la louange du Père.","Dans une société du '24h/24' qui abolit les rythmes naturels et épuise les corps, accepter l'alternance du jour et de la nuit, c'est accepter avec humilité notre finitude et notre besoin de déconnexion.","Père, je te confie ma journée et ses labeurs. Ce soir, j'abandonnerai mes soucis entre tes mains pour trouver le repos en Toi."
1,1,5,en,"To name, in Hebrew thought, is to exercise authority: by naming day and night, God inaugurates the rhythm of created time. ""There was evening, and there was morning"" counts days the Jewish way, evening to evening — which is why the Sabbath begins at sunset.","God sanctifies time. The Liturgy of the Hours, the Church's official prayer, shapes our days so that sunrise and nightfall are both consecrated to the Father's praise.","In a round-the-clock society that erases natural rhythms and exhausts our bodies, accepting the alternation of day and night means humbly accepting our finitude and our need to disconnect.","Father, I entrust my day and its labors to you. Tonight I will lay my worries in your hands and find rest in you."
1,1,6,fr,"L'étendue (raqia) désigne dans la cosmologie ancienne une voûte solide séparant les eaux d'en haut des eaux d'en bas — le texte emprunte l'image de son temps sans en faire une leçon d'astronomie. Le vocabulaire de la pluie et du déluge (Genèse 7,11) suppose ce même réservoir céleste.","Pour que la vie puisse éclore, Dieu crée un espace protecteur. De même, la grâce demande que nous fassions de l'espace en nous pour laisser Dieu agir. C'est le sens de l'ascèse et du jeûne.",L'hygiène mentale d'aujourd'hui réclame de 'créer de l'espace' en repoussant le flot ininterrompu d'informations et d'images qui menacent de nous engloutir.,"Apprends-moi, Seigneur, à faire silence. Aide-moi à me désencombrer du superflu pour préserver l'espace intérieur de ma prière."
1,1,6,en,"The ""expanse"" (raqia) reflects ancient cosmology's image of a solid vault separating the waters above from the waters below — the text borrows the picture of its own time without meaning to teach astronomy. The vocabulary of rain and flood later (Genesis 7:11) assumes this same heavenly reservoir.","For life to blossom, God creates a protected space. In the same way, grace asks us to make space within ourselves so God can act. This is the meaning of asceticism and fasting.","Our mental well-being today calls for ""making space"" by pushing back the endless flood of information and images that threatens to overwhelm us.","Teach me, Lord, to keep silence. Help me clear away what is unnecessary, to protect the inner space of my prayer."
1,1,7,fr,"« Et cela fut ainsi » scande le récit à chaque jour : la parole de Dieu s'accomplit sans résistance ni délai, contrairement aux récits mésopotamiens de création où les dieux doivent combattre le chaos marin.",L'autorité souveraine de Dieu s'exerce sur les éléments rebelles de la nature. Il est le roc protecteur. L'Église traverse l'histoire comme l'Arche protégée des eaux diluviennes de la perdition.,Nous nous sentons parfois submergés par nos émotions ou par les crises du monde. Ce verset est un appel à la confiance en la Providence qui maintient les limites protectrices de notre vie.,"Seigneur, quand les eaux de l'angoisse montent en moi, sois ma forteresse et ma digue protectrice."
1,1,7,en,"""And it was so"" punctuates the account on every day: God's word is accomplished without resistance or delay, unlike the Mesopotamian creation stories in which the gods must fight the sea of chaos.","God's sovereign authority holds sway over nature's unruly elements. He is the protecting rock. The Church moves through history like the Ark, kept safe from the floodwaters of ruin.",We sometimes feel overwhelmed by our emotions or by the world's crises. This verse calls us to trust the Providence that keeps our life within its protecting bounds.,"Lord, when the waters of anxiety rise in me, be my fortress and my sheltering wall."
1,1,8,fr,"« Ciel » (shamayim) est un pluriel en hébreu, sans singulier possible : la langue elle-même suggère une réalité qui dépasse l'observation directe. Le deuxième jour est le seul des six à ne pas recevoir la formule « Dieu vit que cela était bon » — une absence que la tradition juive a beaucoup commentée.","Le regard porté vers ce firmament nous rappelle notre destinée éternelle. Le chrétien vit les pieds sur terre, mais son cœur appartient à la Jérusalem céleste.",Le ciel immense au-dessus de nos petites vies urbaines et confinées nous offre la transcendance dont nous avons un besoin vital. Il guérit notre regard souvent rivé vers nos écrans.,"Que l'immensité de ton ciel, Seigneur, me rappelle aujourd'hui la grandeur de tes promesses. Élève mes pensées vers les réalités d'en haut."
1,1,8,en,"""Sky"" (shamayim) is plural in Hebrew, with no singular form — the language itself hints at a reality beyond direct observation. The second day is the only one of the six that does not receive the words ""God saw that it was good,"" an absence much discussed in Jewish tradition.","Looking up at this firmament reminds us of our eternal destiny. The Christian lives with feet on the ground, but a heart that belongs to the heavenly Jerusalem.","The vast sky above our small, confined urban lives offers us the transcendence we vitally need. It heals a gaze too often fixed on our screens.","May the vastness of your sky, Lord, remind me today of the greatness of your promises. Lift my thoughts toward the things above."
1,1,9,fr,"Le troisième jour comporte en réalité deux œuvres distinctes — la séparation des eaux et de la terre (v. 9-10), puis la végétation (v. 11-13) — ce qui explique pourquoi il reçoit deux fois la formule « Dieu vit que cela était bon ».","Le roc inébranlable qui surgit au milieu de l'instabilité des flots, c'est spirituellement le Christ. Celui qui bâtit la maison de son âme sur Lui résistera à toutes les tempêtes.","Dans une époque marquée par 'l'amour liquide' et la volatilité des engagements, fonder sa vie sur des convictions solides, la fidélité et la parole donnée est une véritable audace.","Jésus, sois le roc de ma vie. Donne-moi de construire mes relations et ma vocation sur la solidité de ton Évangile."
1,1,9,en,"The third day actually contains two distinct works — the separation of waters and land (v. 9-10), then vegetation (v. 11-13) — which is why it alone receives the words ""God saw that it was good"" twice.","The unshakable rock rising out of the restless waters is, spiritually, Christ himself. Whoever builds the house of their soul on him will withstand every storm.","In an age marked by ""liquid love"" and volatile commitments, building a life on solid convictions, fidelity, and one's given word is a real act of courage.","Jesus, be the rock of my life. Let me build my relationships and my calling on the solid ground of your Gospel."
1,1,10,fr,"« Terre » (erets) et « mers » (yammim) reçoivent leur nom comme la lumière et le ciel avant eux : la géographie elle-même est instituée par la parole divine, avant tout habitant pour la peupler.","L'approbation divine, 'Dieu vit que cela était bon', est le fondement de la joie chrétienne. Le monde créé est le véhicule de la grâce, appelant la théologie sacramentelle où l'eau sauve et purifie.",La bonté des éléments naturels nous interdit de les considérer comme de simples matières premières à exploiter sans frein. Les océans et les terres sont sacrés car aimés de Dieu.,"Je te rends grâce, Père, pour la beauté de la terre et la majesté des océans. Fais de moi un serviteur respectueux de ton œuvre."
1,1,10,en,"Like light and sky before them, ""earth"" (erets) and ""seas"" (yammim) receive their names here: geography itself is instituted by the divine word, before any inhabitant exists to fill it.","God's approval — ""God saw that it was good"" — is the foundation of Christian joy. The created world is the vehicle of grace, foreshadowing a sacramental theology in which water saves and purifies.","The goodness of the natural elements forbids us from treating them as mere raw material to exploit without limit. Oceans and lands are sacred, because God loves them.","I thank you, Father, for the beauty of the earth and the majesty of the oceans. Make me a respectful steward of your work."
1,1,11,fr,"À partir de ce verset, la terre elle-même devient active — « que la terre produise » — et non plus seulement Dieu : la création reçoit une capacité de collaborer à son propre déploiement. « Selon leur espèce » revient dix fois dans ce chapitre, affirmant un ordre stable du vivant.",La parabole du semeur puise ici sa sève. La grâce est une graine divine déposée dans notre terreau humain. L'Église est appelée à être féconde en engendrant de nouveaux enfants par l'Évangélisation.,"Notre agir dans le monde doit être celui d'un semeur de paix, d'innovation juste et d'attention aux plus faibles. Même les petites graines finissent par donner de grands arbres.","Seigneur, fais de mon âme une bonne terre. Que ta Parole y germe et porte du fruit pour mes frères, non pour ma propre gloire."
1,1,11,en,"From this verse the earth itself becomes active — ""let the earth put forth"" — not God alone: creation is given a capacity to share in its own unfolding. ""After their kind"" recurs ten times in this chapter, affirming a stable order among living things.",The parable of the sower draws its life from this verse. Grace is a divine seed planted in the soil of our humanity. The Church is called to bear fruit by begetting new children through evangelization.,"Our action in the world should be that of a sower of peace, of just innovation, of care for the weakest. Even the smallest seeds eventually grow into great trees.","Lord, make my soul good soil. May your word take root there and bear fruit for my brothers and sisters, not for my own glory."
1,1,12,fr,"Le verset reprend presque mot pour mot l'ordre du verset 11 : la terre obéit exactement à ce qui lui a été commandé, un écho verbal que le texte hébreu affectionne pour montrer l'accomplissement parfait de la parole créatrice.",L'incroyable patience de Dieu face au temps de la croissance. La vie spirituelle ne se fait pas par 'coups de baguette magique' mais selon une lente et humble germination sous l'action du Saint-Esprit.,"Accepter les processus lents. Face à la culture de l'immédiateté et de la gratification instantanée, cultiver un champ ou élever un enfant exige du temps, des saisons et de la patience.","Aide-moi, Seigneur, à être patient envers moi-même et envers les autres. Apprends-moi à respecter le temps mystérieux de la croissance."
1,1,12,en,"The verse repeats almost word for word the command of verse 11: the earth obeys exactly what it was told, a verbal echo the Hebrew text favors to show the perfect accomplishment of the creative word.","God's astonishing patience with the time growth takes. The spiritual life is not worked by a magic wand, but through slow, humble germination under the Holy Spirit's action.","Accepting slow processes. Against a culture of immediacy and instant gratification, tending a field or raising a child demands time, seasons, and patience.","Help me, Lord, to be patient with myself and with others. Teach me to respect the mysterious time that growth takes."
1,1,13,fr,"Formule de clôture identique à chaque jour, sauf le septième (Genèse 2,2-3), qui n'aura ni soir ni matin — un repos qui, dans la lecture chrétienne, préfigure le repos sans fin promis aux croyants (Hébreux 4,9-10).","Le passage du temps n'est pas une dégradation, mais une marche progressive vers l'achèvement. Chaque jour rapproche la création du don suprême qu'est l'homme, puis du salut par le Christ.","Chaque matin est une page vierge. Le fatalisme n'est pas chrétien ; l'Espérance nous murmure que demain est l'opportunité d'une conversion, d'un changement de cap.","Je te confie ce jour qui s'achève, avec mes réussites et mes échecs. Demain, par ta grâce, je me lèverai pour aimer davantage."
1,1,13,en,"The same closing formula as every day, except the seventh (Genesis 2:2-3), which has neither evening nor morning — a rest that, read in a Christian key, foreshadows the unending rest promised to believers (Hebrews 4:9-10).","The passing of time is not decay but a steady march toward completion. Each day brings creation closer to its supreme gift, humankind, and then to salvation in Christ.","Every morning is a blank page. Fatalism is not Christian; Hope whispers that tomorrow is a chance for conversion, for a change of course.","I entrust to you this day now ending, with its successes and its failures. Tomorrow, by your grace, I will rise to love a little more."
1,1,14,fr,"« Luminaires » (meorot) plutôt que les mots courants pour « soleil » et « lune » : un choix probablement délibéré pour éviter tout vocabulaire associé à leur culte, très répandu dans l'Orient ancien. Ils sont créés pour marquer le temps liturgique (« signes », « époques »), non pour être adorés.","L'organisation du temps est liturgique. Les étoiles et les saisons permettent à Israël, puis à l'Église, de fixer ses fêtes. Le cosmos tout entier célèbre la louange de son Dieu.","Le temps nous est donné, il ne nous appartient pas. Gérer son temps de manière chrétienne, c'est d'abord y inscrire la présence de Dieu et le don aux autres au milieu de nos agendas surchargés.","Seigneur, Maître des saisons, aide-moi à ne plus courir après le temps, mais à l'accueillir comme un don pour accomplir ta volonté."
1,1,14,en,"""Lights"" (meorot) rather than the ordinary words for ""sun"" and ""moon"" — probably a deliberate choice avoiding vocabulary tied to their worship, widespread across the ancient Near East. They are made to mark liturgical time (""signs,"" ""seasons""), not to be adored.","The ordering of time is liturgical. The stars and the seasons let Israel, and later the Church, set its feasts. The whole cosmos joins in praising its God.","Time is given to us; it does not belong to us. Managing time as a Christian starts with making room, inside overcrowded schedules, for God's presence and for giving to others.","Lord, Master of the seasons, help me stop chasing time and instead receive it as a gift for doing your will."
1,1,15,fr,"Le texte insiste : les luminaires sont faits « pour éclairer la terre », c'est-à-dire pour servir la vie déjà en germe, et non l'inverse. Toute la cosmologie biblique est orientée vers l'habitabilité du monde.","Les chrétiens sont invités à être 'la lumière du monde' (Matthieu 5,14). Toutefois, comme la lune, nous n'avons pas de lumière propre : nous ne faisons que refléter la sainteté de Jésus-Christ.","Notre témoignage dans la cité moderne n'est pas de chercher le pouvoir, mais d'être d'humbles phares dans la nuit : défendre la justice, accompagner les migrants, soutenir les plus pauvres.","Fais de moi, Seigneur, un témoin lumineux. Que ceux que je rencontre aujourd'hui devinent un reflet de ton infinie douceur à travers moi."
1,1,15,en,"The text insists: the lights are made ""to give light on the earth,"" that is, to serve a life already germinating — not the reverse. The whole biblical cosmology is oriented toward the world's habitability.","Christians are called to be ""the light of the world"" (Matthew 5:14). Yet, like the moon, we have no light of our own: we only reflect the holiness of Jesus Christ.","Our witness in the modern city is not about seeking power, but about being humble lighthouses in the night: defending justice, standing with migrants, supporting the poorest.","Make me, Lord, a shining witness. May the people I meet today catch, through me, a glimpse of your infinite gentleness."
1,1,16,fr,"Le texte évite soigneusement de nommer le soleil et la lune (shemesh, yareah), noms qui étaient aussi ceux de divinités vénérées par les voisins d'Israël ; il ne les désigne que par leur fonction, « le plus grand » et « le plus petit » — une manière de les déclarer créatures, non dieux.",Même la nuit profonde n'est jamais totalement obscure : Dieu y a placé des étoiles. C'est l'image de la présence maternelle de Marie et de l'intercession de tous les saints lors de nos nuits spirituelles.,"L'espoir au cœur des épreuves. Dans les nuits de la maladie, du deuil ou de l'injustice sociale, les petits gestes d'entraide et de compassion sont les étoiles qui empêchent le désespoir.","Dans les moments de désolation, Seigneur, ouvre mes yeux pour y voir ces petites étoiles d'espérance que tu as semées sur ma route."
1,1,16,en,"The text carefully avoids naming the sun and moon (shemesh, yareah), names that were also those of deities worshiped by Israel's neighbors; it designates them only by function, ""the greater"" and ""the lesser"" — a way of declaring them creatures, not gods.","Even the deepest night is never wholly dark: God has set stars within it. This images Mary's maternal presence, and the intercession of all the saints, through our own spiritual nights.","Hope at the heart of trial. In the nights of sickness, grief, or social injustice, small acts of solidarity and compassion are the stars that keep despair away.","In moments of desolation, Lord, open my eyes to see the small stars of hope you have scattered along my path."
1,1,17,fr,"« Placer » (natan, littéralement « donner ») : les astres sont un don fait à la terre, disposés avec soin, et non le fruit d'un combat cosmique comme dans les mythologies voisines.","Nous sommes tous appelés par Dieu et placés à un endroit spécifique. La vocation (qu'elle soit au mariage, à la vie sacerdotale ou consacrée) est le lieu exact où nous sommes invités à rayonner.","Ne pas fuir le réel. C'est dans ma famille, dans mon travail ou ma paroisse, là où je suis planté aujourd'hui, que je dois éclairer, sans rêver d'un monde idéal inaccessible.","Père, révèle-moi la place que tu as choisie pour moi. Que j'y sois fidèle avec joie, humblement dévoué au service de mes frères."
1,1,17,en,"""Set"" (natan, literally ""give"") — the heavenly bodies are a gift made to the earth, carefully placed, not the spoils of a cosmic battle as in neighboring mythologies.","We are all called by God and set in a particular place. A vocation — to marriage, to priesthood, to consecrated life — is exactly the place where we are asked to shine.","Not fleeing from reality. It is in my family, my work, my parish — wherever I am planted today — that I am meant to shine, rather than dreaming of some unreachable ideal world.","Father, show me the place you have chosen for me. May I be faithful to it with joy, humbly devoted to serving my brothers and sisters."
1,1,18,fr,"« Présider » traduit un verbe de gouvernement (mashal) : les luminaires reçoivent une autorité déléguée, image anticipée de la royauté que l'homme recevra lui-même au sixième jour (v. 26).","L'Église prolonge cette mission de séparer la lumière des ténèbres à travers le Magistère, qui nous enseigne fidèlement les vérités de la foi et nous alerte sur les dangers spirituels.","Garder son esprit critique éclairé par l'Évangile. Dans un monde de séductions technologiques et de promesses mercantiles, savoir dire non à ce qui avilit l'homme est une œuvre de lumière.","Esprit de vérité, préserve-moi de la confusion mentale. Donne-moi le courage d'appeler le mal par son nom et le bien par sa splendeur."
1,1,18,en,"""Rule"" translates a verb of governance (mashal): the lights receive a delegated authority, an early image of the kingship humanity will itself receive on the sixth day (v. 26).","The Church carries on this work of separating light from darkness through her Magisterium, which faithfully teaches the truths of the faith and warns us of spiritual dangers.","Keeping a critical mind shaped by the Gospel. In a world of technological seduction and commercial promises, knowing how to say no to what degrades human beings is a work of light.","Spirit of truth, keep me from confusion of mind. Give me the courage to call evil by its name, and good by its splendor."
1,1,19,fr,"Ce quatrième jour correspond structurellement au premier (lumière/luminaires), comme le cinquième correspondra au deuxième et le sixième au troisième : le chapitre est bâti en deux panneaux parallèles de trois jours, où chaque espace créé au premier triduum reçoit son habitant au second.","Le rythme rassurant de l'Alliance divine. Même lorsque nous sommes infidèles, la fidélité de Dieu demeure : le soleil se lève sur les bons comme sur les méchants, signe de sa miséricorde universelle.",L'inquiétude pour l'avenir et l'éco-anxiété rongent nos contemporains. La foi nous enseigne une espérance active : le monde est entre les mains sûres du Créateur qui n'abandonnera pas son œuvre.,"Renouvelle en moi, Seigneur, la vertu théologale d'Espérance. Garde mon cœur dans la paix, sachant que ma vie est cachée en Toi."
1,1,19,en,"This fourth day corresponds structurally to the first (light/lights), as the fifth will correspond to the second and the sixth to the third: the chapter is built as two parallel panels of three days, in which each space made in the first triad receives its inhabitant in the second.","The reassuring rhythm of God's covenant. Even when we are unfaithful, God's faithfulness remains: the sun rises on the good and the wicked alike, a sign of his universal mercy.","Anxiety about the future, and eco-anxiety, gnaw at people today. Faith teaches us an active hope: the world rests in the sure hands of a Creator who will not abandon his work.","Renew in me, Lord, the theological virtue of Hope. Keep my heart in peace, knowing that my life is hidden in you."
1,1,20,fr,"Le cinquième jour correspond au deuxième (les eaux et le ciel reçoivent leurs habitants). Les « grands poissons » du verset suivant incluent en hébreu les taninim, les monstres marins que les mythologies voisines redoutaient comme des puissances rivales : ici, ce sont de simples créatures de Dieu.","La surabondance du don. La grâce divine, illustrée par la richesse inouïe du vivant, n'est jamais mesquine ou calculée. Elle s'offre à profusion, à l'image du sang eucharistique versé pour la multitude.","La prodigalité de la nature doit inspirer notre propre générosité humaine et économique. Face au culte de l'accumulation égoïste, partager largement et sans peur du manque est un acte profondément chrétien.","Seigneur, délivre-moi de l'avarice et de la peur de manquer. Inspire-moi une charité large, généreuse et abondante envers mon prochain."
1,1,20,en,"The fifth day corresponds to the second (the waters and sky receive their inhabitants). The ""great creatures"" of verse 21 include, in Hebrew, the taninim — the sea monsters neighboring mythologies feared as rival powers. Here they are simply God's creatures.","The overflowing abundance of the gift. Divine grace, mirrored in the astonishing richness of living things, is never stingy or calculated. It is poured out lavishly, as the Eucharistic blood is poured out for the multitude.","Nature's prodigality should inspire our own human and economic generosity. Against a culture of selfish accumulation, sharing freely and without fear of scarcity is a deeply Christian act.","Lord, free me from greed and the fear of not having enough. Inspire in me a wide, generous, overflowing charity toward my neighbor."
1,1,21,fr,"Le verbe bara (créer, réservé à Dieu seul) réapparaît ici pour la première fois depuis le verset 1 : il marque une nouveauté radicale, la vie animée (nephesh haya, « âme vivante »), que la terre et les plantes n'avaient pas.",'Dieu vit que cela était bon'. Rien dans le foisonnement animal n'est intrinsèquement mauvais. Tout est créé en vue de la contemplation de la gloire de Dieu (Doxologie).,"Cette contemplation amoureuse est le remède chrétien à notre regard souvent 'technique' ou 'utilitariste' sur les animaux. Respecter la vie animale, c'est respecter la signature de l'Artiste divin.","Père Créateur, donne-moi le cœur de saint François d'Assise pour m'émerveiller de la beauté de tes créatures et te louer à travers elles."
1,1,21,en,"The verb bara (create, reserved for God alone) reappears here for the first time since verse 1: it marks a radical novelty, animated life (nephesh hayyah, ""living soul""), which neither the earth nor the plants had.","""God saw that it was good."" Nothing in the teeming variety of animal life is evil in itself. All of it is made so as to be contemplated for the glory of God — a doxology in living form.","This loving contemplation is the Christian remedy to our often merely ""technical"" or utilitarian view of animals. Respecting animal life means respecting the signature of the divine Artist.","Creator Father, give me the heart of Saint Francis of Assisi, to marvel at the beauty of your creatures and to praise you through them."
1,1,22,fr,"Première bénédiction du texte biblique, adressée non à l'homme mais aux animaux : la fécondité est un don de Dieu avant d'être un projet humain, et elle précède de six versets la bénédiction identique donnée au couple humain (v. 28).","La première bénédiction scripturaire porte sur la transmission de la vie. Dieu est le Vivant, son désir est l'expansion de la vie. C'est l'appel constant de l'Église à défendre la culture de la vie.","Avoir des enfants, protéger la vie naissante ou finissante, devient presque un acte de rébellion prophétique dans des sociétés occidentales vieillissantes et souvent effrayées par l'avenir.","Dieu de toute vie, je te rends grâce pour le miracle de la naissance. Bénis toutes les familles et soutiens celles qui espèrent ardemment un enfant."
1,1,22,en,"The Bible's first blessing, addressed not to man but to the animals: fruitfulness is God's gift before it is a human project, and it precedes by six verses the identical blessing given to the human couple (v. 28).","Scripture's first blessing concerns the passing on of life. God is the Living One, and his desire is for life to spread. This is the Church's constant call to defend a culture of life.","Having children, protecting life at its beginning or its end, has become almost a prophetic act of resistance in aging Western societies often fearful of the future.","God of all life, I thank you for the miracle of birth. Bless every family, and sustain those who long ardently for a child."
1,1,23,fr,"Refrain habituel ; rien ne distingue formellement ce cinquième jour du quatrième, sinon qu'il inaugure, avec la bénédiction du verset précédent, le vocabulaire de vie et de fécondité qui dominera jusqu'à la fin du chapitre.","L'histoire avance vers son sommet de manière ordonnée. De la même façon, la pédagogie divine dans notre vie spirituelle nous prépare lentement, par étapes, à de plus grandes grâces.","Rien n'est précipité. Dans nos projets professionnels ou affectifs, savoir respecter les étapes nécessaires de la préparation est le garant d'une construction solide.","Apprends-moi, Seigneur, à ne pas brûler les étapes. Aide-moi à vivre pleinement le jour présent tout en espérant en tes grâces de demain."
1,1,23,en,"The usual refrain; nothing formally distinguishes this fifth day from the fourth, except that it opens, with the previous verse's blessing, the vocabulary of life and fruitfulness that will dominate the rest of the chapter.","History moves toward its high point in an orderly way. In the same way, God's pedagogy in our spiritual life prepares us slowly, stage by stage, for greater graces.","Nothing is rushed. In our careers as in our relationships, respecting the necessary stages of preparation is what guarantees something solid is being built.","Teach me, Lord, not to skip stages. Help me live this present day fully, while hoping in the graces you have for tomorrow."
1,1,24,fr,"Le sixième jour, comme le troisième, comporte deux œuvres : les animaux terrestres (v. 24-25) puis l'homme (v. 26-31) — ce qui explique sa longueur inhabituelle et sa double mention de « Dieu vit que cela était bon ».","Nous partageons notre matérialité ('la terre') avec le monde animal. L'humilité chrétienne consiste à reconnaître cette attache charnelle, transfigurée plus tard par la sublime Incarnation du Verbe dans cette même chair.","Une écologie chrétienne refuse à la fois de déifier la nature animale et de la mépriser. Nous habitons le même monde, avec la responsabilité singulière de veiller sur nos frères inférieurs.","Seigneur, garde mon cœur dans l'humilité. Rappelle-moi mon appartenance à cette création que ton Fils a voulu sauver tout entière."
1,1,24,en,"The sixth day, like the third, contains two works: the land animals (v. 24-25), then humankind (v. 26-31) — which explains its unusual length and its double ""God saw that it was good.""","We share our materiality — ""the earth"" — with the animal world. Christian humility means acknowledging this bodily kinship, later transfigured by the Word's sublime Incarnation in that same flesh.","A Christian ecology refuses both to deify animal nature and to despise it. We share the same world, with the particular responsibility of caring for our lesser brothers and sisters.","Lord, keep my heart humble. Remind me that I belong to this creation your Son willed to save in its entirety."
1,1,25,fr,"Formule de bilan identique au verset 12 pour les plantes : les animaux terrestres, comme la végétation, sont produits « selon leur espèce », un ordre stable que rien dans le récit ne présente comme évolutif ou changeant.","L'harmonie originelle est un appel vibrant à la paix. C'est un monde voulu sans prédation cruelle, image du Royaume à venir où 'le loup habitera avec l'agneau' (Isaïe 11).","Nous devons œuvrer pour l'harmonie, atténuant les souffrances partout où cela est possible. La cruauté, même envers un animal, est contraire à la dignité et à la douceur chrétiennes.","Prince de la Paix, adoucis ce qui est violent en moi. Apprends-moi la douceur et le respect profond pour toute œuvre sortie de tes mains."
1,1,25,en,"The same summary formula as verse 12 for the plants: the land animals, like the vegetation, are made ""after their kind,"" a stable order the account never presents as evolving or changing.","The original harmony is a vivid summons to peace. It is a world willed without cruel predation, an image of the coming Kingdom where ""the wolf shall dwell with the lamb"" (Isaiah 11).","We must work for harmony, easing suffering wherever we can. Cruelty, even toward an animal, runs against Christian dignity and gentleness.","Prince of Peace, soften whatever is violent in me. Teach me gentleness, and deep respect for everything that has come from your hands."
1,1,26,fr,"Le pluriel « Faisons » a suscité beaucoup de lectures : pluriel de majesté, délibération dans la cour céleste, ou — dans la relecture chrétienne postérieure — trace voilée de la Trinité. « Image » (tselem) désignait dans l'Orient ancien la statue d'un roi représentant son autorité sur un territoire : l'humanité tout entière est ainsi instituée représentante de Dieu sur la terre.","L'apothéose. Le pluriel 'Faisons' est lu par les Pères de l'Église comme la délibération de la Trinité avant de créer. 'Dominer' pour l'homme, c'est régner à la manière du Christ : en s'agenouillant pour laver les pieds et servir l'œuvre de Dieu.","C'est le fondement intouchable des Droits de l'Homme : personne ne peut aliéner une créature qui est l'image même de Dieu. Le racisme, l'exploitation et la guerre sont des blasphèmes contre cette 'image'.","Mon Dieu, Tu m'as créé à ton image ! Quel vertige et quelle responsabilité. Que toute ma vie s'efforce de te ressembler davantage par l'amour de mes frères."
1,1,26,en,"The plural ""Let us make"" has invited many readings: a plural of majesty, deliberation in the heavenly court, or — in later Christian reading — a veiled trace of the Trinity. ""Image"" (tselem) designated, across the ancient Near East, the statue of a king representing his authority over a territory: all humanity is thus made God's representative on earth.","The high point. The plural ""Let us make"" is read by the Church Fathers as the deliberation of the Trinity before creating. For humanity, to ""have dominion"" means to reign as Christ reigns — kneeling to wash feet and serve God's work.","This is the untouchable foundation of human rights: no one may violate a creature who bears the very image of God. Racism, exploitation, and war are blasphemies against that ""image.""","My God, you created me in your image! What a dizzying thought, and what a responsibility. May my whole life strive to resemble you more, through love for my brothers and sisters."
1,1,27,fr,"Le texte hébreu emploie trois fois le verbe bara (créer) en un seul verset, une insistance rare qui souligne l'importance unique de ce moment. « À son image » place chaque être humain — homme et femme — dans une dignité que rien ne peut retirer, avant toute autre distinction sociale ou religieuse.","L'image de Dieu n'est pas solitaire, elle est communion. Dieu étant relation (Père, Fils, Saint-Esprit), l'homme et la femme, dans leur belle complémentarité, sont le reflet terrestre de ce Mystère trinitaire. C'est l'essence du Sacrement du Mariage.",Le refus de la distinction sexuelle (gender) oublie la beauté spirituelle de l'altérité. L'égalité parfaite en dignité entre l'homme et la femme s'épanouit dans l'accueil respectueux de nos différences voulues par Dieu.,"Seigneur, je te prie pour tous les couples. Qu'ils trouvent dans ton amour trinitaire la source d'un amour fidèle, chaste et fécond."
1,1,27,en,"The Hebrew text uses the verb bara (""create"") three times in a single verse, a rare emphasis underlining the unique importance of this moment. ""In his image"" places every human being — man and woman — in a dignity nothing can ever remove, prior to any social or religious distinction.","The image of God is not solitary; it is communion. Since God is relationship — Father, Son, Holy Spirit — man and woman, in their beautiful complementarity, are the earthly reflection of that Trinitarian mystery. This is the very essence of the Sacrament of Marriage.",Denying the distinction between the sexes overlooks the spiritual beauty of otherness. Perfect equality in dignity between man and woman flourishes through the respectful welcome of the differences God himself willed.,"Lord, I pray for every couple. May they find in your Trinitarian love the source of a faithful, chaste, and fruitful love."
1,1,27,es,"El texto hebreo emplea tres veces el verbo bara (crear) en un solo versículo, un énfasis poco frecuente que subraya la importancia única de este momento. «A su imagen» coloca a cada ser humano —hombre y mujer— en una dignidad que nada puede arrebatar, antes de cualquier otra distinción social o religiosa.",,,"Mírate a ti mismo, y mira a cada persona que encuentres hoy, como portador de la imagen de Dios."
1,1,27,pt,"O texto hebraico emprega três vezes o verbo bara (criar) num só versículo, uma ênfase rara que sublinha a importância única deste momento. «À sua imagem» coloca cada ser humano — homem e mulher — numa dignidade que nada pode retirar, antes de qualquer outra distinção social ou religiosa.",,,"Olha para ti mesmo, e para cada pessoa que encontrares hoje, como portador da imagem de Deus."
1,1,28,fr,"La bénédiction reprend presque mot pour mot celle donnée aux animaux (v. 22), à laquelle s'ajoutent deux verbes propres à l'homme : « assujettir » (kabash) et « dominer » (radah), un mandat de gouvernance qui n'autorise pas l'exploitation, comme le montre le verset suivant qui prescrit un régime végétarien.","L'envoi en mission. La fécondité n'est pas que biologique, elle est aussi la fécondité apostolique des célibataires consacrés. Le pouvoir confié par Dieu à l'homme est celui d'un intendant, un prêtre du monde qui ramène la création vers le Père.",L'encyclique *Laudato Si'* rappelle que 'dominer' n'a jamais signifié 'piller'. L'être humain est appelé à cultiver et garder le jardin. Nous devons corriger d'urgence nos modèles économiques prédateurs.,"Donne-moi, Seigneur, l'intelligence et le cœur pour diriger mes actions, mon travail et mon autorité dans le sens de la sauvegarde et du service, jamais de l'abus."
1,1,28,en,"The blessing repeats almost word for word the one given to the animals (v. 22), adding two verbs proper to humankind: ""subdue"" (kabash) and ""have dominion"" (radah) — a mandate to govern, not to exploit, as the following verse confirms by prescribing a plant-based diet.","The sending on mission. Fruitfulness is not only biological; it is also the apostolic fruitfulness of those consecrated in celibacy. The power God entrusts to humanity is that of a steward, a priest of the world who brings creation back to the Father.","The encyclical *Laudato Si'* recalls that ""having dominion"" never meant ""plundering."" Human beings are called to till and to keep the garden. We must urgently correct our predatory economic models.","Give me, Lord, the wisdom and the heart to direct my actions, my work, and my authority toward safeguarding and serving — never toward abuse."
1,1,29,fr,"Dans ce premier régime alimentaire, aucune créature — homme ou animal (v. 30) — ne mange de chair : la violence n'a pas sa place dans le monde tel que Dieu l'a voulu à l'origine. La permission de manger de la viande n'apparaîtra qu'après le déluge (Genèse 9,3).","Dieu pourvoit aux besoins de ses enfants avec abondance. Dans la Nouvelle Alliance, Jésus se fera Lui-même nourriture pour nous, le vrai 'Pain vivant descendu du Ciel' (Jean 6) pour rassasier nos âmes.",Le scandale de la faim dans le monde est le résultat de notre incapacité à partager les dons du Père. La doctrine sociale de l'Église exige que la destination universelle des biens soit respectée.,"Seigneur, Toi qui donnes le pain quotidien, ouvre mes mains et mon portefeuille. Ne permets pas que je sois rassasié alors que Lazare meurt à ma porte."
1,1,29,en,"In this first diet, no creature — human or animal (v. 30) — eats flesh: violence has no place in the world as God first willed it. Permission to eat meat appears only after the flood (Genesis 9:3).","God provides for his children's needs in abundance. In the New Covenant, Jesus himself becomes food for us, the true ""living Bread come down from Heaven"" (John 6), to satisfy our souls.",The scandal of hunger in the world is the result of our failure to share the Father's gifts. The Church's social teaching demands that the universal destination of goods be respected.,"Lord, you who give us our daily bread, open my hands and my wallet. Do not let me be full while Lazarus dies at my door."
1,1,30,fr,"« Souffle de vie » (nishmat hayyim) est la même expression qu'au chapitre suivant pour l'homme (Genèse 2,7) : un vocabulaire commun qui souligne, avant même la distinction entre l'homme et l'animal, leur parenté de créatures vivantes.","Cette vision d'Éden décrit un monde parfaitement pacifié, sans carnivores ni effusion de sang. Même si la faute de l'homme brisera ce dessein originel, ce verset demeure notre espérance d'une création réconciliée à la fin des temps.","Cultiver la douceur dans nos modes de vie et de consommation. Bien que le monde soit imparfait, nous sommes appelés à y semer des germes de paix universelle par l'attention portée au vivant.","Viens Seigneur Jésus, hâte le jour où ton règne de paix s'établira sur toutes tes créatures. Que je sois aujourd'hui un artisan de cette réconciliation."
1,1,30,en,"""Breath of life"" (nishmat hayyim) is the same expression used of man in the next chapter (Genesis 2:7) — a shared vocabulary that underlines, even before any distinction between human and animal, their kinship as living creatures.","This vision of Eden describes a fully peaceful world, with neither predators nor bloodshed. Even though human sin will shatter this original design, this verse remains our hope for a reconciled creation at the end of time.","Cultivating gentleness in our ways of living and consuming. Though the world is imperfect, we are called to sow seeds of universal peace through the attention we give to living things.","Come, Lord Jesus, hasten the day when your reign of peace is established over all your creatures. May I be, today, a craftsman of that reconciliation."
1,1,31,fr,"Après chaque étape de la création, Dieu voyait « que cela était bon » (six fois) ; au sixième jour, une fois l'être humain créé, le texte ajoute un adverbe : « très bon ». C'est le seul superlatif de tout le récit.","Le summum de la beauté. L'irruption de l'homme dans le monde pousse Dieu à déclarer l'ensemble non plus 'bon', mais 'très bon' ! La liturgie eucharistique est le lieu où nous rendons la création 'très bonne' par la louange au Père.","L'antidote ultime contre le cynisme et le dégoût de l'humanité. Malgré nos péchés historiques, Dieu continue de nous regarder avec l'émerveillement du sixième jour. Une immense déclaration d'amour de Dieu pour l'homme !","Mon Dieu, merci pour ton regard plein d'espérance sur moi. Aide-moi à me voir, et à voir mon prochain, avec cet amour absolu du sixième jour."
1,1,31,en,"After each stage of creation, God saw ""that it was good"" (six times); on the sixth day, once humanity was created, the text adds an adverb: ""very good."" It is the only superlative in the whole account.","The height of beauty. The arrival of humankind in the world moves God to declare the whole of it no longer merely ""good,"" but ""very good""! The Eucharistic liturgy is where we render creation ""very good"" again through praise of the Father.","The ultimate antidote to cynicism and disgust with humanity. Despite our long history of sin, God still looks at us with the wonder of the sixth day — an immense declaration of God's love for us.","My God, thank you for looking at me with such hope. Help me to see myself, and to see my neighbor, with that same absolute love of the sixth day."
1,1,31,es,"Tras cada etapa de la creación, Dios vio «que era bueno» (seis veces); al sexto día, una vez creado el ser humano, el texto añade el adverbio: «muy bueno». Es el único superlativo de todo el relato.",,,"Termina tu día buscando también tú lo que en ella fue bueno, y da gracias."
1,1,31,pt,"Depois de cada etapa da criação, Deus viu «que era bom» (seis vezes); ao sexto dia, uma vez criado o ser humano, o texto acrescenta o advérbio: «muito bom». É o único superlativo de todo o relato.",,,Termina o teu dia procurando também tu o que nele foi bom — e agradece.
1,2,1,fr,"« Toute leur armée » (tsebaam) désigne ailleurs dans l'Ancien Testament les astres et les puissances célestes ; l'expression donnera le titre divin Seigneur des armées (Sabaoth). Elle affirme ici que le ciel étoilé lui-même est une créature ordonnée, non une puissance rivale de Dieu.","L'achèvement de l'œuvre divine annonce le « Tout est accompli » prononcé par Jésus sur la croix (Jean 19,30) : la nouvelle création trouve son sommet, comme l'ancienne, dans une parole de plénitude.","Savoir dire qu'un travail est fini, sans toujours vouloir en rajouter, est une sagesse rare dans une culture de la productivité sans limite. Il y a une grâce à s'arrêter.","Reconnais qu'aucune puissance, aucune inquiétude, n'échappe à l'autorité de Dieu sur toute chose créée."
1,2,1,en,"""All their host"" (tseba'am) refers elsewhere in the Old Testament to the stars and heavenly powers; the phrase later becomes the divine title Lord of Hosts (Sabaoth). Here it affirms that the starry sky itself is an ordered creature, not a rival power to God.","The completion of God's work anticipates the ""It is finished"" that Jesus speaks from the cross (John 19:30): the new creation reaches its summit, like the old, in a word of fullness.","Knowing how to say a piece of work is finished, without always wanting to add more, is a rare wisdom in a culture of limitless productivity. There is a grace in simply stopping.","Recognize that no power, no worry, escapes God's authority over everything created."
1,2,1,es,"«Todo su ejército» (tseba'am) designa en otros lugares del Antiguo Testamento a los astros y las potencias celestes; la expresión dará origen al título divino Señor de los ejércitos (Sabaot). Aquí afirma que el cielo estrellado mismo es una criatura ordenada, no un poder rival de Dios.",,,"Reconoce que ningún poder, ninguna inquietud, escapa a la autoridad de Dios sobre todo lo creado."
1,2,1,pt,"«Todo o seu exército» (tseba'am) designa noutros lugares do Antigo Testamento os astros e as potências celestes; a expressão dará origem ao título divino Senhor dos exércitos (Sabaot). Aqui afirma-se que o próprio céu estrelado é uma criatura ordenada, não um poder rival de Deus.",,,"Reconhece que nenhum poder, nenhuma inquietação, escapa à autoridade de Deus sobre tudo o que foi criado."
1,2,2,fr,"Dieu se repose non par fatigue, mais parce que l'oeuvre est achevée : ce repos est une fête, un couronnement de la création plutôt qu'une récupération. C'est le premier « sabbat » de l'Écriture, avant même d'être commandé à Israël.","Le septième jour, sans « soir » ni « matin », reste ouvert : la tradition juive et chrétienne y voit une image de l'éternité bienheureuse, le repos définitif promis au peuple de Dieu (Hébreux 4,9).","Le repos n'est pas un luxe ni une perte de temps productif : il est inscrit dans l'ordre même de la création, avant le travail humain. S'arrêter n'est pas faiblesse, c'est fidélité à un rythme voulu par Dieu.","Accorde-toi aussi un vrai temps de repos aujourd'hui : non par épuisement, mais en signe que ton travail a un sens."
1,2,2,en,"God rests not out of fatigue but because the work is finished: this rest is a celebration, a crowning of creation rather than a recovery. It is Scripture's first ""Sabbath,"" long before it is commanded to Israel.","The seventh day, with neither ""evening"" nor ""morning,"" stays open: Jewish and Christian tradition alike see in it an image of blessed eternity, the final rest promised to God's people (Hebrews 4:9).","Rest is not a luxury or wasted productive time: it is woven into the order of creation itself, before any human labor. Stopping is not weakness — it is faithfulness to a rhythm God himself willed.","Give yourself real rest today too — not from exhaustion, but as a sign that your work has meaning."
1,2,2,es,"Dios descansa no por cansancio, sino porque la obra está terminada: este descanso es una fiesta, una coronación de la creación más que una recuperación. Es el primer «sábado» de la Escritura, incluso antes de ser ordenado a Israel.",,,"Concédete también hoy un verdadero descanso: no por agotamiento, sino como señal de que tu trabajo tiene sentido."
1,2,2,pt,"Deus descansa não por cansaço, mas porque a obra está concluída: este descanso é uma festa, uma coroação da criação, mais do que uma recuperação. É o primeiro «sábado» da Escritura, mesmo antes de ser ordenado a Israel.",,,"Concede-te também hoje um verdadeiro descanso: não por esgotamento, mas como sinal de que o teu trabalho tem sentido."
1,2,3,fr,"C'est la première fois dans la Bible qu'un jour — et non une personne ou un lieu — est béni et « sanctifié » (mis à part pour Dieu). Le repos hebdomadaire naît ainsi comme un don inscrit dans l'ordre même de la création, avant la Loi de Moïse.","Bénir un jour, c'est le remplir de la présence de Dieu. Le dimanche chrétien, jour de la Résurrection, hérite et transfigure ce sabbat originel : il devient le « huitième jour », celui d'une création nouvelle.","Garder un temps sanctifié dans la semaine — messe, silence, temps en famille — est un acte de résistance face à une économie qui voudrait tout marchandiser, y compris le dimanche.","Fais de ce jour un espace mis à part, où tu laisses de la place à Dieu et au repos."
1,2,3,en,"This is the first time in the Bible that a day — not a person or a place — is blessed and ""sanctified"" (set apart for God). Weekly rest thus arises as a gift woven into the very order of creation, before the Law of Moses.","To bless a day is to fill it with God's presence. The Christian Sunday, the day of the Resurrection, inherits and transfigures this original Sabbath: it becomes the ""eighth day,"" the day of a new creation.","Keeping one sanctified time each week — Mass, silence, time with family — is an act of resistance against an economy that would turn everything, even Sunday, into merchandise.","Make this day a set-apart space, leaving room for God and for rest."
1,2,3,es,"Es la primera vez en la Biblia que un día —y no una persona o un lugar— es bendecido y «santificado» (apartado para Dios). El descanso semanal nace así como un don inscrito en el propio orden de la creación, antes de la Ley de Moisés.",,,"Haz de este día un espacio apartado, dejando lugar a Dios y al descanso."
1,2,3,pt,"É a primeira vez na Bíblia em que um dia — e não uma pessoa ou um lugar — é abençoado e «santificado» (separado para Deus). O descanso semanal nasce assim como um dom inscrito na própria ordem da criação, antes da Lei de Moisés.",,,"Faz deste dia um espaço à parte, deixando lugar para Deus e para o descanso."
1,2,4,fr,"Ce verset marque une charnière : le nom divin change, de Elohim (Dieu, dans le premier récit) à YHWH Elohim (l'Éternel Dieu), et le style devient plus narratif, plus proche du conte. La tradition critique y voit la jonction entre deux sources anciennes, réunies par l'auteur biblique en un seul texte.","Le double récit de la création — cosmique au chapitre 1, intime au chapitre 2 — dit une seule vérité sous deux éclairages : Dieu est à la fois l'architecte de l'univers entier et le potier penché sur chaque être qu'il façonne.","Il n'y a pas de contradiction à lire la Genèse comme une méditation théologique plutôt qu'un rapport scientifique : elle répond à la question du sens, non à celle du mécanisme, et laisse la science libre d'explorer l'autre question.","Seigneur, toi qui es à la fois le Dieu de l'univers et le Dieu penché sur ma vie, apprends-moi à te reconnaître dans l'immense comme dans l'infime."
1,2,4,en,"This verse marks a hinge: the divine name shifts from Elohim (God, in the first account) to YHWH Elohim (the LORD God), and the style turns more narrative, closer to a story. Critical tradition sees here the seam between two ancient sources, joined by the biblical author into a single text.","The double account of creation — cosmic in chapter 1, intimate in chapter 2 — tells one truth under two lights: God is at once the architect of the whole universe and the potter bent over each being he shapes.","There is no contradiction in reading Genesis as theological meditation rather than scientific report: it answers the question of meaning, not of mechanism, leaving science free to explore the other question.","Lord, you who are both the God of the universe and the God bent over my own life, teach me to recognize you in the immense as in the smallest thing."
1,2,5,fr,"Contrairement au premier récit, où la végétation précède l'homme (Genèse 1,11-12), ce second récit fait dépendre la croissance des plantes de deux conditions encore absentes : la pluie et un cultivateur. L'homme y est associé, dès l'origine, à l'œuvre créatrice de Dieu.","Dieu choisit de rendre sa création dépendante du travail humain : ce n'est pas une malédiction, mais un honneur, une invitation à devenir collaborateur plutôt que simple spectateur de l'œuvre de Dieu.","Le travail, ici, précède la faute : il n'est donc pas en lui-même une punition, mais une vocation. C'est la pénibilité du travail, plus tard, qui sera la conséquence du péché (Genèse 3,17-19), non le travail lui-même.","Seigneur, aide-moi à voir mon travail non comme une contrainte subie, mais comme une manière de collaborer à ton œuvre de création."
1,2,5,en,"Unlike the first account, where vegetation precedes humanity (Genesis 1:11-12), this second account makes plant growth depend on two conditions still missing: rain, and someone to till the soil. From the very start, humanity is bound up with God's creative work.","God chooses to make his creation dependent on human labor: this is not a curse but an honor, an invitation to become a co-worker rather than a mere spectator of God's work.","Work here precedes the fall: it is not, in itself, a punishment but a vocation. It is the hardship of work, later, that will be the consequence of sin (Genesis 3:17-19) — not work itself.","Lord, help me see my work not as a burden endured, but as a way of collaborating in your work of creation."
1,2,6,fr,"Cette « vapeur » ou source souterraine (ed) est un terme rare, peut-être emprunté à l'akkadien, qui décrit une irrigation naturelle antérieure à la pluie : le texte imagine un monde encore à l'état d'ébauche, comme un potier prépare sa glaise avant de la façonner.","Avant même de façonner l'homme, Dieu prépare la terre qui le recevra : toute vocation est précédée d'une préparation silencieuse et invisible de la Providence.","Combien de choses essentielles à notre vie ont été préparées avant que nous en ayons conscience — par nos parents, par des circonstances, par une grâce silencieuse ? Ce verset invite à la gratitude pour l'invisible.","Merci, Seigneur, pour tout ce que tu as préparé avant même que j'en aie conscience. Apprends-moi la gratitude pour l'invisible."
1,2,6,en,"This ""mist"" or underground spring (ed) is a rare word, perhaps borrowed from Akkadian, describing a natural irrigation that precedes the rain: the text pictures a world still being sketched out, as a potter prepares the clay before shaping it.","Even before shaping the man, God prepares the ground that will receive him: every vocation is preceded by Providence's silent, invisible preparation.","How many essential things in our lives were prepared before we were even aware of them — by our parents, by circumstance, by a quiet grace? This verse invites gratitude for the unseen.","Thank you, Lord, for everything you prepared before I was even aware of it. Teach me gratitude for what is unseen."
1,2,7,fr,"Jeu de mots en hébreu entre adam (l'homme) et adamah (le sol, la glaise) : l'être humain est littéralement « le terreux », tiré de la terre qu'il est appelé à cultiver (v. 5). Le verbe « former » (yatsar) est celui du potier qui façonne l'argile.","L'homme est un composé de poussière et de souffle divin : matière fragile et dignité infinie tout à la fois. C'est ce même souffle que le Christ ressuscité répandra sur ses disciples (Jean 20,22), une nouvelle création.","Se souvenir qu'on est poussière (Genèse 3,19 le redira) est un antidote à l'orgueil ; se souvenir qu'on porte le souffle de Dieu est un antidote au désespoir. Les deux vérités tiennent ensemble.","Seigneur, tu m'as tiré de la poussière et rempli de ton souffle. Que je ne l'oublie ni dans l'orgueil, ni dans le désespoir."
1,2,7,en,"A wordplay in Hebrew links adam (man) and adamah (ground, soil): the human being is literally ""the earthling,"" taken from the ground he is called to till (v. 5). The verb ""formed"" (yatsar) is the potter's word, shaping clay.",Man is a composite of dust and divine breath: fragile matter and infinite dignity at once. It is this same breath that the risen Christ will breathe on his disciples (John 20:22) — a new creation.,Remembering that we are dust (Genesis 3:19 will say it again) is an antidote to pride; remembering that we carry God's breath is an antidote to despair. Both truths hold together.,"Lord, you drew me from dust and filled me with your breath. May I forget neither, in pride or in despair."
1,2,8,fr,"« Éden » vient probablement d'un mot signifiant délice ou plaine fertile ; le jardin n'est pas le monde entier mais un lieu particulier, préparé pour l'homme avant qu'il n'y soit placé — l'hospitalité précède l'arrivée de l'invité.","Le jardin d'Éden préfigure le Paradis retrouvé : l'Apocalypse s'achève elle aussi sur un jardin, celui de la nouvelle Jérusalem, où l'arbre de vie porte du fruit chaque mois (Apocalypse 22,2).","Dieu ne jette pas l'homme dans un monde hostile : il lui prépare un lieu d'accueil. Cette hospitalité divine peut inspirer notre propre manière d'accueillir ceux qui arrivent chez nous, en particulier les plus démunis.","Seigneur, merci pour tous les lieux que tu as préparés pour moi avant même que j'y arrive. Apprends-moi à ton tour l'art de l'hospitalité."
1,2,8,en,"""Eden"" likely comes from a word for delight or fertile plain; the garden is not the whole world but a particular place, prepared for the man before he is placed in it — hospitality precedes the guest's arrival.","The garden of Eden foreshadows Paradise regained: Revelation, too, ends in a garden — that of the new Jerusalem, where the tree of life bears fruit every month (Revelation 22:2).","God does not throw humanity into a hostile world: he prepares a welcoming place. This divine hospitality can shape our own way of welcoming those who arrive among us, especially the most vulnerable.","Lord, thank you for every place you prepared for me before I ever arrived there. Teach me, in turn, the art of hospitality."
1,2,9,fr,"Deux arbres se distinguent au milieu du jardin : celui de la vie, symbole d'une communion sans fin avec Dieu, et celui de la connaissance du bien et du mal, dont le nom désigne moins un savoir intellectuel qu'une prétention à décider soi-même, en autonomie totale, de ce qui est bien ou mal.","L'arbre de vie réapparaît à la dernière page de la Bible (Apocalypse 22,2), accessible cette fois à tous ceux qui ont lavé leurs robes : ce que la Genèse ouvre, l'Apocalypse le referme et l'accomplit.","La tentation de décider seul, sans référence à rien qui nous dépasse, de ce qui est bien ou mal, est peut-être la tentation la plus actuelle qui soit — un relativisme moral qui se prend pour de la liberté.","Seigneur, garde-moi de la prétention à tout décider seul. Que je cherche ton conseil avant de juger par moi-même du bien et du mal."
1,2,9,en,"Two trees stand out in the middle of the garden: the tree of life, a symbol of unending communion with God, and the tree of the knowledge of good and evil, whose name points less to intellectual knowledge than to a claim to decide, entirely on one's own, what is good and what is evil.","The tree of life reappears on the Bible's last page (Revelation 22:2), open this time to all who have washed their robes: what Genesis opens, Revelation closes and fulfills.","The temptation to decide, alone and with no reference beyond ourselves, what is right or wrong may be the most contemporary temptation there is — a moral relativism that mistakes itself for freedom.","Lord, keep me from the pretension of deciding everything on my own. May I seek your counsel before judging good and evil for myself."
1,2,10,fr,"Le chiffre quatre, associé aux points cardinaux dans plusieurs traditions anciennes, suggère que le jardin est la source d'où l'eau — et donc la vie — se répand vers le monde entier : Éden n'est pas fermé sur lui-même, il irrigue toute la terre.","Ce fleuve qui se divise en quatre annonce le fleuve d'eau vive qui coule du trône de Dieu et de l'Agneau dans la Jérusalem céleste (Apocalypse 22,1) : d'un unique jardin à une unique cité, l'eau de la vie ne cesse de couler.","L'accès à l'eau, condition de toute vie, reste aujourd'hui un enjeu de justice mondiale majeur. Ce verset rappelle que l'eau, avant d'être une ressource à négocier, est un don destiné à irriguer toute la terre, non quelques-uns seulement.","Seigneur, source de toute vie, fais de moi un canal qui transmet ce que j'ai reçu, plutôt qu'un réservoir qui le retient pour lui seul."
1,2,10,en,"The number four, tied to the cardinal directions in several ancient traditions, suggests that the garden is the source from which water — and so life — spreads to the whole world: Eden is not closed in on itself, it irrigates the whole earth.","This river dividing into four foreshadows the river of living water flowing from the throne of God and the Lamb in the heavenly Jerusalem (Revelation 22:1): from one garden to one city, the water of life never stops flowing.","Access to water, the condition of all life, remains a major issue of global justice today. This verse recalls that water, before being a resource to negotiate over, is a gift meant to irrigate the whole earth, not only a few.","Lord, source of all life, make me a channel that passes on what it has received, rather than a reservoir that keeps it for itself."
1,2,11,fr,"Pischon et le pays de Havila n'ont pas été identifiés avec certitude par l'archéologie ; le texte ancre pourtant délibérément le jardin dans une géographie réelle, nommée, et non dans un pays de légende sans coordonnées.","En prenant soin de nommer des lieux réels, même aujourd'hui introuvables, l'auteur biblique refuse de faire d'Éden un pur mythe intemporel : Dieu agit dans une histoire et une géographie, pas seulement dans une idée.","La foi biblique ne fuit pas le monde concret — géographie, économie, l'or et la pierre précieuse du verset suivant — pour se réfugier dans un pur symbole : elle prend au sérieux la matière et le lieu.","Seigneur, aide-moi à te chercher non dans un ailleurs abstrait, mais dans le lieu concret, daté et situé, où tu m'as placé aujourd'hui."
1,2,11,en,"Pishon and the land of Havilah have never been identified with certainty by archaeology; yet the text deliberately anchors the garden in a real, named geography, not a legendary land with no coordinates.","By carefully naming real places, even ones we cannot find today, the biblical author refuses to make Eden a purely timeless myth: God acts within history and geography, not only within an idea.","Biblical faith does not flee the concrete world — geography, economics, the gold and the precious stone of the next verse — to take refuge in pure symbol: it takes matter and place seriously.","Lord, help me seek you not in some abstract elsewhere, but in the concrete, dated, situated place where you have put me today."
1,2,12,fr,"L'or et l'onyx reparaîtront dans le tabernacle et le pectoral du grand prêtre (Exode 25, 28) : le jardin d'Éden porte déjà, en germe, les matériaux précieux du culte qu'Israël rendra plus tard à Dieu.","La beauté et la richesse matérielle du jardin ne sont pas condamnées : elles sont créées bonnes, destinées à servir plus tard la louange de Dieu dans le sanctuaire, plutôt que la seule accumulation.","La beauté et la matière précieuse ne sont pas mauvaises en soi : ce qui compte est leur destination — servent-elles la louange et le partage, ou seulement l'accumulation et la vanité ?","Seigneur, apprends-moi à goûter la beauté des choses créées sans jamais m'y attacher plus qu'à Toi."
1,2,12,en,"Gold and onyx will reappear in the tabernacle and the high priest's breastplate (Exodus 25, 28): the garden of Eden already carries, in seed form, the precious materials of the worship Israel will later offer to God.","The garden's beauty and material richness are not condemned: they are created good, destined later to serve God's praise in the sanctuary, rather than mere accumulation.","Beauty and precious material are not evil in themselves: what matters is their purpose — do they serve praise and sharing, or only accumulation and vanity?","Lord, teach me to enjoy the beauty of created things without ever growing more attached to them than to you."
1,2,13,fr,"Le Guihon porte le même nom qu'une source bien réelle de Jérusalem, où les rois de Juda seront plus tard sacrés (1 Rois 1,33-34) : un écho qui, sans être une preuve géographique, relie symboliquement le jardin des origines à la ville où Dieu établira sa présence.","De l'Éden à Jérusalem, en passant par le Temple puis par l'Église, un même fleuve de vie ne cesse de couler à travers l'histoire du salut, jusqu'à la Jérusalem céleste.","Les lieux ont une mémoire spirituelle : reconnaître les continuités entre les hauts lieux de la foi, à travers les siècles et les cultures, nourrit le sens d'appartenir à une histoire plus grande que soi.","Seigneur, fais de moi un maillon conscient de cette longue histoire du salut qui me précède et me dépasse."
1,2,13,en,"The Gihon shares its name with a real spring in Jerusalem, where the kings of Judah would later be anointed (1 Kings 1:33-34) — an echo that, without being geographical proof, symbolically links the garden of origins to the city where God will establish his presence.","From Eden to Jerusalem, through the Temple and then the Church, one same river of life keeps flowing through the history of salvation, all the way to the heavenly Jerusalem.","Places carry a spiritual memory: recognizing the continuities between the high places of faith, across centuries and cultures, nourishes a sense of belonging to a story larger than ourselves.","Lord, make me a conscious link in this long history of salvation that comes before me and reaches beyond me."
1,2,14,fr,"Le Tigre (Hiddékel) et l'Euphrate sont, eux, parfaitement identifiables : ce sont les deux grands fleuves de la Mésopotamie historique, berceau des civilisations antiques. Le texte ancre ainsi le jardin des origines aux confins du monde connu de ses premiers lecteurs.","En situant Éden aux sources des civilisations connues, la Genèse affirme que le Dieu d'Israël est le Dieu de toute l'humanité, bien avant l'appel d'Abraham : l'histoire du salut commence par l'histoire de tous.","Rappeler que l'humanité entière partage une même origine, avant toute frontière et toute nation, est un antidote biblique à tout repli identitaire ou nationaliste.","Seigneur, Dieu de toute l'humanité avant d'être celui d'un seul peuple, élargis mon cœur à la mesure de ton amour pour tous."
1,2,14,en,"The Tigris (Hiddekel) and the Euphrates, by contrast, are perfectly identifiable: the two great rivers of historical Mesopotamia, cradle of the ancient civilizations. The text thus anchors the garden of origins at the edge of the known world of its first readers.","By placing Eden at the source of known civilizations, Genesis affirms that the God of Israel is the God of all humanity, well before the call of Abraham: the history of salvation begins with the history of everyone.","Recalling that the whole human family shares one common origin, prior to every border and nation, is a biblical antidote to any inward-turning identity or nationalism.","Lord, God of all humanity before you were the God of one people, widen my heart to the measure of your love for all."
1,2,15,fr,"Les deux verbes hébreux employés, avad (cultiver, servir) et shamar (garder, protéger), sont ceux qu'utilisera plus tard le Lévitique pour le service et la garde du sanctuaire (Nombres 3,7-8) : le jardin est déjà pensé comme un lieu de culte, et le premier travail humain comme un service sacré.","Travailler et garder : la vocation humaine originelle n'est ni la seule production, ni la seule contemplation passive, mais les deux ensemble — prendre soin de ce qui est confié.","Une écologie chrétienne trouve ici sa racine la plus ancienne : l'homme n'est pas propriétaire de la terre, mais intendant, chargé de la cultiver sans la détruire, et de la garder pour ceux qui viendront après lui.","Seigneur, apprends-moi à cultiver et à garder ce que tu m'as confié — mon travail, ma famille, la terre elle-même — comme un service et non comme une possession."
1,2,15,en,"The two Hebrew verbs used, avad (to work, to serve) and shamar (to keep, to guard), are the same ones Leviticus and Numbers will later use for serving and guarding the sanctuary (Numbers 3:7-8): the garden is already conceived as a place of worship, and the first human labor as a sacred service.","To work and to keep: humanity's original calling is neither mere production nor passive contemplation alone, but both together — taking care of what has been entrusted.","A Christian ecology finds its oldest root here: man is not the owner of the earth but its steward, charged with cultivating it without destroying it, and keeping it for those who come after.","Lord, teach me to work and to keep what you have entrusted to me — my work, my family, the earth itself — as a service, not a possession."
1,2,16,fr,"Avant l'unique interdit du verset suivant, le texte insiste sur l'ampleur du don : « tous les arbres », sans restriction — l'interdit de Genèse 3 portera sur un seul arbre parmi une multitude offerte librement.","Dieu commence toujours par le don avant de poser une limite : sa loi n'est jamais un premier mot de privation, mais s'inscrit dans une abondance déjà offerte.","Il est facile, en religion comme ailleurs, de ne retenir que l'interdit et d'oublier tout ce qui est largement permis. Ce verset invite à un regard plus juste sur la générosité qui précède toute règle.","Seigneur, aide-moi à voir d'abord tes dons avant de m'arrêter sur tes limites, comme un enfant reconnaissant plutôt que suspicieux."
1,2,16,en,"Before the single prohibition of the next verse, the text stresses the sheer scope of the gift: ""every tree,"" without restriction — the prohibition of Genesis 3 will concern only one tree among a multitude freely offered.","God always begins with the gift before setting a limit: his law is never a first word of deprivation, but is set within an abundance already given.","In religion as elsewhere, it is easy to remember only the prohibition and forget everything that is freely allowed. This verse invites a fairer look at the generosity that comes before any rule.","Lord, help me see your gifts first, before dwelling on your limits — like a grateful child, not a suspicious one."
1,2,17,fr,"Le texte hébreu redouble le verbe (littéralement « mourir, tu mourras ») pour insister sur la gravité absolue de l'avertissement — non une menace arbitraire, mais la simple description d'une conséquence : se couper de la Source de vie, c'est choisir la mort.","La mort n'est pas ici une punition extérieure infligée par un Dieu vengeur, mais la conséquence logique d'une rupture : couper le fruit de sa branche, c'est le couper de sa sève.","Toute liberté véritable suppose des limites : ce n'est pas leur existence qui est un déni de liberté, mais leur négation qui conduit, tôt ou tard, à l'autodestruction — d'un individu comme d'une société.","Seigneur, aide-moi à recevoir tes commandements non comme des chaînes, mais comme le mode d'emploi de ma propre vie."
1,2,17,en,"The Hebrew text doubles the verb (literally ""dying, you shall die"") to underline the utter seriousness of the warning — not an arbitrary threat, but a simple description of a consequence: to cut oneself off from the Source of life is to choose death.","Death here is not an external punishment inflicted by a vengeful God, but the logical consequence of a rupture: cutting a fruit from its branch is cutting it off from its own sap.","All genuine freedom presupposes limits: it is not their existence that denies freedom, but their denial, which leads, sooner or later, to self-destruction — for an individual as for a society.","Lord, help me receive your commandments not as chains, but as the user's guide to my own life."
1,2,18,fr,"Premier « pas bon » du texte biblique, dans un chapitre par ailleurs tout entier tendu vers le bien : la solitude radicale de l'homme est la seule chose que Dieu, à ce stade du récit, ne trouve pas bonne. « Aide » (ezer) est un mot fort, employé ailleurs pour Dieu lui-même venant au secours d'Israël — non une position de subordination.","Dieu lui-même est communion — Père, Fils, Esprit — et il crée l'homme à son image comme un être de relation : la solitude absolue contredit la structure même de ce à quoi l'homme est destiné.","Contre tout individualisme qui ferait de l'autonomie solitaire un idéal, ce verset rappelle que nous sommes structurellement faits pour la relation — au sein du couple, mais aussi de l'amitié, de la communauté, de l'Église.","Seigneur, merci pour ceux que tu as mis sur ma route pour que je ne sois pas seul. Apprends-moi à être, à mon tour, une aide pour eux."
1,2,18,en,"The first ""not good"" in the biblical text, in a chapter otherwise entirely turned toward the good: humanity's radical solitude is the one thing God, at this point in the story, does not find good. ""Helper"" (ezer) is a strong word, used elsewhere of God himself coming to Israel's rescue — not a position of subordination.","God himself is communion — Father, Son, Spirit — and he creates man in his image as a being of relationship: absolute solitude contradicts the very structure of what humanity is made for.","Against any individualism that would make solitary autonomy an ideal, this verse recalls that we are structurally made for relationship — within marriage, but also in friendship, community, and the Church.","Lord, thank you for those you have placed on my path so that I am not alone. Teach me, in turn, to be a help to them."
1,2,19,fr,"Nommer, en hébreu comme dans beaucoup de cultures anciennes, c'est exercer une autorité et une connaissance intime : en laissant l'homme nommer les animaux, Dieu lui délègue une part de son propre pouvoir créateur, exercé au chapitre 1.","Ce moment est aussi une pédagogie divine : en cherchant, parmi tous les animaux, une aide semblable à lui, l'homme découvre par l'expérience — et non par un simple décret — qu'aucun d'eux ne lui correspond (v. 20).","Prendre le temps de chercher, d'essayer, de constater par soi-même avant de recevoir la réponse est une pédagogie que Dieu lui-même choisit ici : la vérité gagnée par l'expérience s'enracine plus profondément qu'une vérité seulement énoncée.","Seigneur, donne-moi la patience de chercher et de découvrir, plutôt que d'attendre toujours des réponses toutes faites."
1,2,19,en,"To name, in Hebrew as in many ancient cultures, is to exercise authority and intimate knowledge: by letting the man name the animals, God delegates to him a share of his own creative power, exercised in chapter 1.","This moment is also a divine pedagogy: searching, among all the animals, for a helper fit for him, the man discovers through experience — not through a mere decree — that none of them corresponds to him (v. 20).","Taking the time to search, to try, to observe for oneself before receiving the answer is a pedagogy God himself chooses here: truth won through experience takes deeper root than truth merely stated.","Lord, give me the patience to search and to discover, rather than always waiting for ready-made answers."
1,2,20,fr,"Le constat de solitude, après le défilé de tous les animaux, prépare dramatiquement le geste suivant : ce n'est qu'après avoir épuisé toutes les possibilités du règne animal que Dieu façonne, du même homme, une aide véritablement semblable.","Aucune créature, si proche soit-elle, ne peut combler le besoin de relation propre à l'homme : seule une autre personne, à son image, le peut. C'est une leçon sur les limites de toute idole de substitution.","Chercher dans les objets, les écrans ou même les animaux de compagnie un substitut complet à la relation humaine, c'est se heurter à la même limite que celle constatée ici : rien ne remplace une présence à notre image.","Seigneur, garde-moi de chercher ailleurs ce que seule une relation vraie, humaine, peut m'offrir."
1,2,20,en,"The observation of solitude, after the parade of every animal, dramatically prepares the next act: only after every possibility within the animal kingdom is exhausted does God shape, from the man himself, a truly fitting helper.","No creature, however close, can fill the need for relationship proper to humanity: only another person, made in the same image, can. This is a lesson on the limits of every substitute idol.","Looking for a complete substitute for human relationship in objects, screens, or even pets runs into the same limit found here: nothing replaces a presence made in our own image.","Lord, keep me from seeking elsewhere what only a real, human relationship can give me."
1,2,21,fr,"Le « profond sommeil » (tardema) est le même mot employé pour l'extase prophétique d'Abraham (Genèse 15,12) : la création de la femme se fait dans une passivité totale de l'homme, qui ne peut ni y assister ni y contribuer par lui-même — un pur don reçu.","L'homme ne participe en rien à la formation de la femme : elle lui est intégralement donnée, comme toute grâce, sans qu'il l'ait ni méritée ni fabriquée.","Dans une culture qui valorise la maîtrise et le contrôle sur toute chose, ce verset rappelle que les dons les plus précieux — une relation, un amour — échappent par nature à notre fabrication : ils se reçoivent.","Seigneur, apprends-moi à recevoir les personnes que tu mets sur ma route comme un don, non comme une conquête."
1,2,21,en,"The ""deep sleep"" (tardemah) is the same word used for Abraham's prophetic trance (Genesis 15:12): the woman's creation happens in the man's total passivity — he can neither witness nor contribute to it himself, a pure gift received.","The man plays no part at all in the woman's formation: she is given to him entirely, like every grace, neither earned nor manufactured by him.","In a culture that prizes mastery and control over everything, this verse recalls that the most precious gifts — a relationship, a love — by nature escape our making: they are received.","Lord, teach me to receive the people you place on my path as a gift, not as a conquest."
1,2,22,fr,"Le verbe « former » (banah), rare pour une personne, signifie ailleurs « bâtir » un édifice : la femme est littéralement « construite », avec le même soin architectural que le jardin ou plus tard le sanctuaire. Dieu « l'amène » ensuite vers l'homme, comme un père conduit son enfant à l'autel.","Ce geste de Dieu qui amène la femme à l'homme préfigure celui du père qui conduit sa fille vers l'époux : le mariage, dès l'origine, est présenté comme une alliance voulue et scellée par Dieu lui-même.","La dignité égale de l'homme et de la femme, tirée d'une même chair, s'oppose à toute hiérarchie de domination : ils sont de même nature, différenciés sans être inégaux.","Seigneur, toi qui as béni la première union, bénis tous ceux qui aujourd'hui cherchent à s'aimer fidèlement."
1,2,22,en,"The verb ""formed"" (banah), rare for a person, elsewhere means ""to build"" a structure: the woman is literally ""built,"" with the same architectural care as the garden, and later the sanctuary. God then ""brings"" her to the man, as a father leads his child to the altar.","This gesture of God bringing the woman to the man foreshadows a father giving his daughter to her husband: marriage, from the very origin, is presented as a covenant willed and sealed by God himself.","The equal dignity of man and woman, drawn from one same flesh, stands against any hierarchy of domination: they share one same nature, differentiated without being unequal.","Lord, you who blessed the first union, bless all who today seek to love one another faithfully."
1,2,23,fr,"Premières paroles humaines rapportées dans la Bible — un cri de reconnaissance et de joie. En hébreu, le jeu de mots entre ish (homme) et isha (femme) souligne leur parenté immédiate : deux formes d'une même racine, non deux espèces étrangères l'une à l'autre.","« Os de mes os, chair de ma chair » est une formule d'alliance, employée ailleurs pour la parenté la plus proche (Genèse 29,14) : l'union du couple est ainsi placée, dès la première page, au rang des liens les plus sacrés.","Ce cri d'émerveillement devant l'autre, reconnu comme son égal et son semblable, reste le modèle de toute rencontre amoureuse authentique — à l'opposé de toute relation de possession ou d'utilité.","Seigneur, apprends-moi à accueillir chaque personne comme une merveille, et non comme un objet à mon service."
1,2,23,en,"The first human words recorded in the Bible — a cry of recognition and joy. In Hebrew, the wordplay between ish (man) and ishah (woman) underlines their immediate kinship: two forms of one same root, not two species foreign to each other.","""Bone of my bones, flesh of my flesh"" is a covenant formula, used elsewhere for the closest kinship (Genesis 29:14): the couple's union is thus placed, from the very first page, among the most sacred of bonds.","This cry of wonder before the other, recognized as one's equal and one's like, remains the model of every authentic encounter of love — the opposite of any relationship of possession or use.","Lord, teach me to welcome each person as a wonder, not as an object for my own use."
1,2,24,fr,"Ce verset, commentaire du narrateur plutôt que parole du premier homme, fonde le mariage comme institution : « quitter » pour « s'attacher » (dabaq, le même verbe qui décrit l'attachement d'Israël à son Dieu, Deutéronome 10,20) et devenir « une seule chair » — Jésus lui-même le citera comme fondement indissoluble du mariage (Matthieu 19,5-6).","L'union des époux devient ici l'image privilégiée de l'union entre Dieu et son peuple, puis entre le Christ et son Église (Éphésiens 5,31-32) : ce que l'homme et la femme vivent l'un pour l'autre reflète, à échelle humaine, l'alliance divine.","Ce verset fonde la priorité du lien conjugal sur tout autre lien familial, y compris filial — une intuition contre-culturelle en son temps comme aujourd'hui, où le mariage est souvent perçu comme second par rapport à d'autres liens ou intérêts.","Seigneur, bénis les couples engagés l'un envers l'autre. Que leur alliance reflète, même imparfaitement, la fidélité de ton amour."
1,2,24,en,"This verse, the narrator's own comment rather than the first man's words, establishes marriage as an institution: to ""leave"" in order to ""hold fast"" (dabaq, the same verb describing Israel's clinging to its God, Deuteronomy 10:20) and become ""one flesh"" — Jesus himself will cite it as the indissoluble foundation of marriage (Matthew 19:5-6).","The union of husband and wife becomes here the privileged image of the union between God and his people, and later between Christ and his Church (Ephesians 5:31-32): what a husband and wife live for one another reflects, on a human scale, the divine covenant.","This verse establishes the priority of the marital bond over every other family bond, including that of a child to parents — a countercultural intuition then as now, when marriage is often treated as secondary to other ties or interests.","Lord, bless couples committed to one another. May their covenant reflect, however imperfectly, the faithfulness of your love."
1,2,25,fr,"Cette nudité sans honte clôt le second récit de la création et ouvre, par contraste, le récit de la chute au chapitre suivant, où la première conséquence du péché sera précisément la découverte de la honte (Genèse 3,7) : l'innocence originelle se mesure, dans le texte, à cette transparence totale.","L'absence de honte dit une confiance et une transparence parfaites, entre eux et devant Dieu : rien à cacher, rien à protéger, rien à défendre — l'état même de la communion originelle, brisée ensuite par le péché.","À l'heure d'une pudeur souvent réduite à la seule nudité physique, ce verset invite à penser une pudeur plus large : celle qui protège la vulnérabilité et la vérité de la personne, bien au-delà du seul corps.","Seigneur, guéris en moi toute honte qui m'éloigne de Toi et des autres. Rends-moi la transparence des origines."
1,2,25,en,"This shameless nakedness closes the second creation account and opens, by contrast, the account of the fall in the next chapter, where the first consequence of sin will be precisely the discovery of shame (Genesis 3:7): original innocence is measured, in the text, by this total transparency.","The absence of shame speaks of perfect trust and transparency, between the two of them and before God: nothing to hide, nothing to protect, nothing to defend — the very state of the original communion, later broken by sin.","At a time when modesty is often reduced to physical nakedness alone, this verse invites a broader idea of modesty: one that protects a person's vulnerability and truth, well beyond the body alone.","Lord, heal in me every shame that pulls me away from you and from others. Restore in me the transparency of the beginning."
1,3,1,fr,"« Rusé » (arum) forme en hébreu un jeu de mots avec « nus » (arummim) du verset précédent (2,25) : la ruse du serpent s'oppose ironiquement à la transparence nue du couple. Le texte ne dit jamais que le serpent est Satan — cette identification viendra plus tard (Sagesse 2,24 ; Apocalypse 12,9).",Le tentateur commence toujours par déformer légèrement la parole de Dieu — « Dieu a-t-il réellement dit… tous les arbres ? » — alors que Dieu n'avait interdit qu'un seul arbre. Le mensonge s'infiltre par une exagération à peine perceptible.,"La désinformation la plus efficace n'est pas le mensonge grossier, mais la légère distorsion d'une vérité, suffisante pour semer le doute. Ce mécanisme, vieux comme le texte, reste celui de toute manipulation aujourd'hui.","Seigneur, donne-moi de reconnaître les petites déformations de ta Parole avant qu'elles ne deviennent un doute plus grand."
1,3,1,en,"""Crafty"" (arum) forms a wordplay in Hebrew with ""naked"" (arummim) in the previous verse (2:25): the serpent's cunning ironically mirrors the couple's naked transparency. The text never says the serpent is Satan — that identification comes later (Wisdom 2:24; Revelation 12:9).","The tempter always begins by slightly distorting God's word — ""Has God really said... any tree?"" — when God had forbidden only one. The lie creeps in through an almost imperceptible exaggeration.","The most effective disinformation is not a crude lie but the slight distortion of a truth, just enough to plant doubt. This mechanism, as old as the text itself, still drives every manipulation today.","Lord, help me recognize the small distortions of your word before they grow into a greater doubt."
1,3,2,fr,"La femme répond d'abord correctement, rappelant la liberté immense laissée par Dieu (cf. 2,16) — avant de glisser, au verset suivant, une restriction que Dieu n'avait pas formulée.","Engager le dialogue avec le tentateur, même pour le contredire, est déjà un pas risqué : la femme aurait pu simplement s'éloigner. Le combat spirituel commence souvent par le choix d'écouter ou non la voix qui doute.","Débattre indéfiniment avec ce qui cherche à nous déstabiliser, plutôt que de couper court, est un piège encore très actuel — dans les relations toxiques comme dans les controverses en ligne.","Seigneur, donne-moi le discernement de savoir quand répondre et quand simplement m'éloigner."
1,3,2,en,"The woman answers correctly at first, recalling the immense freedom God had left (cf. 2:16) — before slipping, in the next verse, into a restriction God never stated.","Engaging in dialogue with the tempter, even to contradict him, is already a risky step: the woman could simply have walked away. Spiritual combat often begins with the choice to listen to the doubting voice or not.","Endlessly debating whatever seeks to destabilize us, rather than cutting it short, remains a very present-day trap — in toxic relationships as much as in online controversies.","Lord, give me the discernment to know when to answer and when simply to walk away."
1,3,3,fr,"« Vous n'y toucherez point » est un ajout de la femme : Dieu n'avait interdit que de manger (2,17), pas de toucher. Cette exagération de l'interdit, qui rend la loi de Dieu plus dure qu'elle ne l'est, est justement ce que le serpent va exploiter pour la faire paraître arbitraire.","Durcir soi-même un commandement de Dieu au-delà de ce qu'il demande finit, paradoxalement, par fragiliser l'obéissance : une loi ressentie comme excessive devient plus facile à transgresser tout entière.","Le rigorisme, qui ajoute des interdits à ceux réellement posés, produit souvent l'effet inverse de celui recherché : il use la confiance plutôt que de la fortifier.","Seigneur, garde-moi de déformer tes commandements, en plus ou en moins. Aide-moi à les recevoir exactement tels que tu les donnes."
1,3,3,en,"""Neither shall you touch it"" is the woman's own addition: God had forbidden only eating (2:17), not touching. This hardening of the command beyond what it asks is exactly what the serpent will exploit to make it look arbitrary.","Hardening one of God's commands beyond what it truly demands ends up, paradoxically, weakening obedience: a law felt as excessive becomes easier to break altogether.","Rigorism, which piles prohibitions onto the ones actually given, often produces the opposite of what it intends: it wears down trust instead of strengthening it.","Lord, keep me from distorting your commandments, whether by adding to them or subtracting from them. Help me receive them exactly as you give them."
1,3,4,fr,"Première parole explicitement fausse et contradictoire de toute la Bible, opposée mot pour mot à l'avertissement de Dieu (2,17) : le mensonge entre dans le monde par la négation pure et simple de la parole divine.","Le père du mensonge, dira plus tard Jésus (Jean 8,44), commence son œuvre en niant simplement la conséquence du péché — la mort — pour rendre la transgression indolore en apparence.","Minimiser les conséquences réelles de nos choix — dépendances, ruptures de confiance, dommages écologiques — est une tentation intacte : « tu ne mourras point » se rejoue sous mille formes contemporaines.","Seigneur, donne-moi le courage de regarder en face les conséquences réelles de mes choix, sans me laisser bercer par des promesses trompeuses."
1,3,4,en,"The first explicitly false and contradictory statement in the whole Bible, opposed word for word to God's warning (2:17): falsehood enters the world through the plain denial of the divine word.","The father of lies, as Jesus will later call him (John 8:44), begins his work by simply denying the consequence of sin — death — to make the transgression seem painless.","Minimizing the real consequences of our choices — addictions, broken trust, ecological damage — is a temptation still fully intact: ""you won't surely die"" replays itself in a thousand contemporary forms.","Lord, give me the courage to face the real consequences of my choices, without letting myself be lulled by false promises."
1,3,5,fr,"Le serpent transforme un fait vrai (les yeux s'ouvriront réellement, v. 7) en une promesse mensongère de divinisation autonome : la moitié-vérité, plus efficace qu'un mensonge total, est sa technique la plus redoutable.","Le péché originel n'est donc pas d'abord une gourmandise, mais une prétention : vouloir décider soi-même, sans Dieu et contre lui, de ce qui est bien et mal — l'autonomie totale substituée à la confiance filiale.","L'idéal moderne d'une autonomie absolue, où chacun serait son propre législateur moral sans référence extérieure, reprend presque mot pour mot cette promesse ancienne — et porte les mêmes fruits amers.","Seigneur, garde-moi de vouloir être mon propre dieu. Que je préfère ta sagesse à ma prétendue autonomie."
1,3,5,en,"The serpent turns a true fact (their eyes really will be opened, v. 7) into a lying promise of self-made divinity: the half-truth, more effective than an outright lie, is his most dangerous technique.","Original sin, then, is not first a matter of appetite but of pretension: wanting to decide, alone and against God, what is good and evil — total autonomy substituted for filial trust.","The modern ideal of absolute autonomy, where each person would be their own moral legislator with no outside reference, repeats this ancient promise almost word for word — and bears the same bitter fruit.","Lord, keep me from wanting to be my own god. May I prefer your wisdom to my supposed autonomy."
1,3,6,fr,"Trois convoitises se succèdent — bon à manger, agréable à la vue, désirable pour l'intelligence — que la tradition chrétienne (1 Jean 2,16) reprendra sous les noms de convoitise de la chair, des yeux, et orgueil de la vie : la structure même de toute tentation.","« Elle en donna aussi à son mari, qui était auprès d'elle » : le texte souligne la présence silencieuse et passive de l'homme, dont la complicité par omission n'est pas moins grave que l'initiative de la femme.","Céder par entraînement, sans opposition active, reste une forme de responsabilité pleine et entière — un rappel utile face à toute tentation de se dédouaner en disant seulement « je n'ai rien fait ».","Seigneur, donne-moi le courage de m'opposer activement au mal, plutôt que de le laisser advenir par mon silence."
1,3,6,en,"Three desires follow one another — good for food, pleasant to the eyes, desirable for wisdom — which Christian tradition (1 John 2:16) will later name the lust of the flesh, the lust of the eyes, and the pride of life: the very structure of every temptation.","""She also gave some to her husband with her"": the text notes the man's silent, passive presence — his complicity by omission is no less serious than the woman's initiative.","Giving in through mere passivity, without actively opposing wrong, remains a form of full responsibility — a useful reminder against the temptation to excuse oneself by saying only ""I didn't do anything.""","Lord, give me the courage to actively resist evil, rather than letting it happen through my silence."
1,3,7,fr,"Le serpent avait dit vrai sur ce point précis (v. 5) : leurs yeux s'ouvrent effectivement — mais à la honte et à la vulnérabilité, non à la divinité promise. La « connaissance » acquise est amère, à l'opposé de ce qui avait été espéré.","La honte, absente jusque-là (Genèse 2,25), naît exactement au moment du péché : elle est le premier symptôme d'une communion brisée, avec soi-même comme avec l'autre.",La tentative de se couvrir soi-même — les feuilles de figuier — illustre un réflexe humain constant : chercher à réparer par ses propres moyens ce que seule la grâce peut réellement guérir.,"Seigneur, ne me laisse pas chercher à cacher mes fautes par moi-même. Conduis-moi à Toi, seul capable de guérir ce que j'ai brisé."
1,3,7,en,"The serpent had told the truth on this one point (v. 5): their eyes really do open — but to shame and vulnerability, not to the promised divinity. The ""knowledge"" gained is bitter, the opposite of what was hoped for.","Shame, absent until now (Genesis 2:25), is born at the exact moment of sin: it is the first symptom of a broken communion, with oneself as much as with the other.",The attempt to cover themselves — the fig leaves — illustrates a constant human reflex: trying to repair by our own means what only grace can truly heal.,"Lord, do not let me try to hide my faults by myself. Lead me to you, the only one able to heal what I have broken."
1,3,8,fr,"« Vers le soir » — littéralement « au vent du jour » — suggère une habitude déjà installée : Dieu avait coutume de marcher avec le couple à cette heure. Le péché ne brise donc pas une première rencontre, mais une intimité déjà quotidienne.","Se cacher de Dieu est, bien sûr, absurde — il connaît déjà tout — mais le geste dit une vérité psychologique profonde : le péché produit toujours un réflexe de fuite plutôt que de retour.","S'éloigner de la prière ou des sacrements après une faute, au moment même où l'on en aurait le plus besoin, reproduit exactement ce réflexe originel de fuite plutôt que de retour.","Seigneur, quand j'ai envie de me cacher de Toi après une faute, rappelle-moi que c'est précisément alors que j'ai le plus besoin de me tourner vers Toi."
1,3,8,en,"""In the cool of the day"" — literally ""in the wind of the day"" — suggests an established habit: God used to walk with the couple at this hour. Sin, then, breaks not a first encounter but an already daily intimacy.","Hiding from God is, of course, absurd — he already knows everything — but the gesture speaks a deep psychological truth: sin always produces a reflex of flight rather than of return.","Drawing away from prayer or the sacraments after a fault, at the very moment we need them most, reproduces exactly this original reflex of flight instead of return.","Lord, when I want to hide from you after a fault, remind me that this is precisely when I most need to turn toward you."
1,3,9,fr,Question rhétorique : Dieu sait parfaitement où se trouve l'homme. Elle vise moins à obtenir une information qu'à provoquer chez lui une prise de conscience et une réponse libre — le premier acte de miséricorde après la faute.,"C'est Dieu qui prend l'initiative de chercher l'homme caché, non l'inverse : toute l'histoire du salut commencera et continuera par cette même démarche divine vers l'humanité en fuite.","« Où es-tu ? » reste la question fondamentale que Dieu pose à chacun aujourd'hui — non pour juger, mais pour ouvrir un chemin de retour, quel que soit l'endroit où l'on s'est éloigné.","Seigneur, où es-tu, me demandes-tu encore aujourd'hui. Donne-moi la sincérité de te répondre vraiment."
1,3,9,en,A rhetorical question: God knows perfectly well where the man is. It aims less at gathering information than at prompting his awareness and a free response — the first act of mercy after the fall.,"It is God who takes the initiative to seek out the hidden man, not the other way around: the whole history of salvation will begin, and continue, with this same divine movement toward a fleeing humanity.","""Where are you?"" remains the fundamental question God asks each of us today — not to judge, but to open a way back, wherever we have wandered.","Lord, where are you — the question you still ask me today. Give me the honesty to truly answer you."
1,3,10,fr,"L'homme mentionne la peur et la nudité, mais pas encore la désobéissance elle-même : un aveu partiel, encore marqué par l'évitement, qui prépare la question suivante de Dieu.","La peur remplace la confiance filiale qui caractérisait la relation originelle avec Dieu : le péché introduit dans le cœur humain une image faussée de Dieu, perçu désormais comme une menace plutôt qu'un père.","Beaucoup de personnes aujourd'hui portent, sans le savoir, cette même image faussée d'un Dieu à craindre plutôt qu'à aimer — une blessure que seule la révélation du Christ, plein de tendresse, peut guérir en profondeur.","Seigneur, guéris en moi toute peur qui déforme ton vrai visage. Apprends-moi à te reconnaître comme un Père, non comme une menace."
1,3,10,en,"The man mentions fear and nakedness, but not yet the disobedience itself: a partial confession, still marked by avoidance, which prepares God's next question.","Fear replaces the filial trust that marked the original relationship with God: sin introduces into the human heart a distorted image of God, now perceived as a threat rather than a father.","Many people today carry, without knowing it, this same distorted image of a God to be feared rather than loved — a wound only the revelation of Christ, full of tenderness, can heal at its depth.","Lord, heal in me every fear that distorts your true face. Teach me to recognize you as a Father, not as a threat."
1,3,11,fr,"Deuxième question, plus précise, qui conduit peu à peu l'homme à nommer sa faute lui-même plutôt que de la lui imposer de l'extérieur : une pédagogie divine de la confession, respectueuse de la liberté humaine.","Dieu ne condamne jamais sans d'abord inviter à la vérité sur soi-même : le jugement biblique commence toujours par une question qui ouvre un espace de reconnaissance, non par une sentence immédiate.","Le sacrement de la Réconciliation reprend cette même pédagogie : ce n'est pas Dieu qui a besoin d'apprendre nos fautes, mais nous qui avons besoin de les nommer nous-mêmes pour en être libérés.","Seigneur, aide-moi à nommer mes fautes avec vérité, sans fuite ni excuse, devant Toi qui connais déjà tout."
1,3,11,en,"A second, more precise question, which gradually leads the man to name his own fault rather than have it imposed from outside: a divine pedagogy of confession, respectful of human freedom.","God never condemns without first inviting truth about oneself: biblical judgment always begins with a question that opens space for acknowledgment, not with an immediate sentence.","The sacrament of Reconciliation follows this same pedagogy: it is not God who needs to learn our faults, but we who need to name them ourselves in order to be freed from them.","Lord, help me name my faults truthfully, without fleeing or excusing myself, before you who already know everything."
1,3,12,fr,"L'homme reconnaît le fait — « j'en ai mangé » — mais rejette d'abord la responsabilité sur la femme, et implicitement sur Dieu lui-même (« que tu as mise auprès de moi ») : le péché engendre immédiatement une chaîne d'accusations.","Le refus d'assumer sa faute, en la reportant sur autrui, est peut-être la première conséquence spirituelle du péché, avant même la punition proprement dite : la relation à l'autre se brise en même temps que la relation à Dieu.","La culture contemporaine de la déresponsabilisation — toujours la faute de quelqu'un d'autre, du système, des circonstances — n'invente rien : elle rejoue ce tout premier réflexe humain.","Seigneur, donne-moi le courage d'assumer mes fautes sans en rejeter le poids sur d'autres."
1,3,12,en,"The man admits the fact — ""I ate"" — but first shifts responsibility onto the woman, and implicitly onto God himself (""whom you gave to be with me""): sin immediately generates a chain of accusations.","Refusing to own one's fault, by passing it onto another, may be the very first spiritual consequence of sin, even before the punishment itself: the relationship with the other breaks along with the relationship with God.","Today's culture of avoiding responsibility — always someone else's fault, the system's, the circumstances' — invents nothing new: it replays this very first human reflex.","Lord, give me the courage to own my faults without shifting their weight onto others."
1,3,13,fr,"La femme répète le même mécanisme que l'homme, reportant la faute sur le serpent : la chaîne des accusations se poursuit, chacun désignant celui qui précède, sans qu'aucun ne s'arrête pour assumer pleinement sa propre part.","Bien que trompée, la femme reste pleinement responsable de son choix : être séduit n'annule jamais la liberté d'avoir consenti — une vérité que l'Écriture ne cesse de rappeler sur la responsabilité personnelle.","Se dire victime d'une manipulation n'efface pas, dans bien des cas, la part de consentement libre qui demeure : une nuance essentielle, aussi bien en morale qu'en droit.","Seigneur, aide-moi à reconnaître ma part de liberté, même quand j'ai été influencé ou trompé par d'autres."
1,3,13,en,"The woman repeats the same mechanism as the man, shifting the fault onto the serpent: the chain of accusations continues, each one pointing to what came before, none stopping to fully own their own part.","Though deceived, the woman remains fully responsible for her choice: being deceived never cancels the freedom of having consented — a truth Scripture keeps returning to regarding personal responsibility.","Calling oneself a victim of manipulation does not, in many cases, erase the remaining measure of free consent — an essential nuance, in morality as much as in law.","Lord, help me recognize my own share of freedom, even when I have been influenced or deceived by others."
1,3,14,fr,"Seul le serpent est explicitement « maudit » dans ce chapitre — ni l'homme ni la femme ne le sont directement, seulement le sol (v. 17) : la malédiction frappe le tentateur en premier et le plus directement.","Manger la poussière et ramper évoquent une déchéance totale : de tous les animaux, le serpent était le plus rusé (v. 1), il devient ici le plus abaissé — un retournement caractéristique de la justice biblique.","Ce verset invite à distinguer, dans toute situation de faute, la source du mal (ici clairement identifiée et jugée en premier) de ceux qui, trompés, en portent aussi les conséquences sans en être la cause première.","Seigneur, garde-moi de la ruse qui abaisse. Que je préfère la simplicité de cœur à toute forme de manipulation."
1,3,14,en,"Only the serpent is explicitly ""cursed"" in this chapter — neither the man nor the woman is directly cursed, only the ground (v. 17): the curse strikes the tempter first and most directly.","Eating dust and crawling suggest a total fall: of all the animals, the serpent had been the craftiest (v. 1); here it becomes the lowest — a reversal characteristic of biblical justice.","This verse invites us to distinguish, in any situation of wrongdoing, the source of the evil (here clearly identified and judged first) from those who, deceived, also bear its consequences without being its first cause.","Lord, keep me from the cunning that debases. May I prefer simplicity of heart to any form of manipulation."
1,3,15,fr,"Ce verset, appelé Protévangile (« premier évangile »), est lu depuis les premiers siècles chrétiens comme l'annonce voilée de la victoire du Christ sur le mal, né d'une femme, et de la blessure — la Croix — qu'il en recevra.","La tradition catholique associe traditionnellement ce verset à Marie, la nouvelle Ève, dont le talon triomphe de la tête du serpent en engendrant celui qui écrasera définitivement le mal.","Au cœur même du jugement pour la faute, Dieu inscrit déjà une promesse de victoire : la première conséquence du péché porte en elle la première annonce du salut — un schéma qui traversera toute la Bible.","Seigneur, merci d'avoir promis la victoire avant même que le combat ne commence. Fortifie mon espérance dans les moments où le mal semble avoir le dernier mot."
1,3,15,en,"This verse, called the Protoevangelium (the ""first gospel""), has been read since the earliest Christian centuries as the veiled announcement of Christ's victory over evil, born of a woman, and of the wound — the Cross — he will receive for it.","Catholic tradition has traditionally linked this verse to Mary, the new Eve, whose heel crushes the serpent's head by bringing forth the one who will finally crush evil.","At the very heart of judgment for the fault, God already writes in a promise of victory: the first consequence of sin carries within it the first announcement of salvation — a pattern that will run through the whole Bible.","Lord, thank you for promising victory before the battle even began. Strengthen my hope in the moments when evil seems to have the last word."
1,3,16,fr,"Le texte ne dit pas que la souffrance de l'enfantement est créée ici, mais « augmentée » (harbah) : une réalité déjà présente, aggravée par la rupture introduite par le péché — non une punition disproportionnée mais une conséquence.","« Il dominera sur toi » décrit une conséquence du péché — une distorsion de la relation originelle d'égale dignité (Genèse 1,27 ; 2,23) — et non un ordre voulu par Dieu à l'origine : ce que la faute a faussé, le Christ vient restaurer.","Toute domination de l'un sur l'autre dans le couple est ainsi décrite par le texte biblique lui-même comme une blessure du péché, non comme un idéal — un fondement scripturaire pour rejeter toute forme d'emprise conjugale.","Seigneur, guéris dans les couples toute forme de domination. Restaure entre eux l'égale dignité que tu as voulue dès l'origine."
1,3,16,en,"The text does not say the pain of childbirth is created here, but ""multiplied"" (harbah): a reality already present, made worse by the rupture sin introduces — a consequence, not a disproportionate punishment.","""He will rule over you"" describes a consequence of sin — a distortion of the original relationship of equal dignity (Genesis 1:27; 2:23) — not an order God willed from the start: what the fault distorted, Christ comes to restore.","Every domination of one spouse over the other is thus described by the biblical text itself as a wound of sin, not as an ideal — a scriptural foundation for rejecting any form of marital control.","Lord, heal in every couple any form of domination. Restore between them the equal dignity you willed from the beginning."
1,3,17,fr,"C'est le sol, non l'homme lui-même, qui est directement maudit ici : la conséquence retombe sur la création confiée à sa garde (2,15), rendant désormais pénible ce qui était vocation joyeuse.","Le travail, bon dès l'origine (2,15), devient pénible sans cesser d'être bon : la souffrance liée au travail est une conséquence du péché, non sa nature profonde — une distinction essentielle pour la spiritualité du travail.","Reconnaître la part de pénibilité inévitable dans tout travail, sans pour autant renier sa valeur et sa dignité, est un équilibre que ce verset aide à tenir face aux deux excès : l'idéalisation du travail et son rejet complet.","Seigneur, aide-moi à traverser la pénibilité de mon travail sans perdre de vue sa dignité et son sens."
1,3,17,en,"It is the ground, not the man himself, that is directly cursed here: the consequence falls on the creation entrusted to his care (2:15), making what was once a joyful calling painful from now on.","Work, good from the start (2:15), becomes painful without ceasing to be good: the suffering tied to work is a consequence of sin, not its deepest nature — an essential distinction for a spirituality of work.","Recognizing the unavoidable hardship in all work, without denying its value and dignity, is a balance this verse helps us keep against two excesses: idealizing work, and rejecting it outright.","Lord, help me bear the hardship of my work without losing sight of its dignity and its meaning."
1,3,18,fr,"Épines et ronces, symboles constants dans la Bible d'une terre hostile et d'un travail stérile, réapparaîtront de façon frappante sur la tête du Christ (Jean 19,2) : celui qui porte la couronne d'épines assume et retourne la malédiction du sol.","La création tout entière, dira saint Paul, gémit et souffre les douleurs de l'enfantement (Romains 8,22), en attendant sa propre libération : la malédiction du sol n'est pas le dernier mot de l'histoire.","L'expérience universelle de la résistance de la nature au travail humain — sécheresse, ravageurs, sols épuisés — trouve ici sa première lecture théologique, entre réalisme et espérance d'une restauration.","Seigneur, dans les épines et les difficultés de ma vie, garde vivante en moi l'espérance d'une création restaurée."
1,3,18,en,"Thorns and thistles, constant biblical symbols of a hostile earth and fruitless labor, will strikingly reappear on Christ's head (John 19:2): the one who wears the crown of thorns takes on and reverses the curse of the ground.","The whole of creation, Saint Paul will say, groans and suffers the pains of childbirth (Romans 8:22), waiting for its own liberation: the curse of the ground is not history's final word.","The universal experience of nature resisting human labor — drought, pests, exhausted soil — finds here its first theological reading, poised between realism and the hope of restoration.","Lord, amid the thorns and hardships of my life, keep alive in me the hope of a restored creation."
1,3,19,fr,"Le texte referme la boucle ouverte en 2,7 : formé de la poussière du sol, l'homme y retourne — la mortalité, absente du projet initial d'Éden, entre dans l'histoire humaine comme conséquence, non comme donnée première de la création.","Ce même « tu es poussière » est prononcé sur le front des chrétiens chaque Mercredi des Cendres : un rappel annuel de la faute originelle, mais aussi de l'espérance pascale qui la surmonte.","Se souvenir régulièrement, sans morbidité, de sa propre mortalité — une pratique que beaucoup de traditions de sagesse redécouvrent aujourd'hui — reste un puissant antidote à l'illusion de toute-puissance.","Seigneur, apprends-moi à vivre avec la conscience de ma finitude, sans peur mais dans l'espérance de la résurrection."
1,3,19,en,"The text closes the loop opened in 2:7: formed from the dust of the ground, the man returns to it — mortality, absent from Eden's original design, enters human history as a consequence, not as a first given of creation.","This same ""you are dust"" is spoken over Christians' foreheads every Ash Wednesday: an annual reminder of the original fault, but also of the Easter hope that overcomes it.","Regularly remembering, without morbidity, one's own mortality — a practice many wisdom traditions are rediscovering today — remains a powerful antidote to the illusion of omnipotence.","Lord, teach me to live aware of my own finitude, without fear, but in the hope of the resurrection."
1,3,20,fr,"« Ève » (Hawwah) vient de la racine hébraïque pour « vivre » : au cœur même du jugement qui vient de tomber, un nom de vie est donné — un acte de foi et d'espérance de la part de l'homme, au lendemain immédiat de la faute.","Nommer sa femme « mère de tous les vivants » juste après avoir entendu l'annonce de la mort (v. 19) est un geste de foi pur : l'homme choisit de croire à la vie que Dieu continuera de donner, malgré tout.","Choisir l'espérance et la vie au cœur même de l'épreuve, plutôt que de s'y enfermer, reste une attitude spirituelle profondément actuelle — la première d'une longue lignée biblique.","Seigneur, apprends-moi à choisir la vie et l'espérance, même au lendemain de mes échecs les plus lourds."
1,3,20,en,"""Eve"" (Hawwah) comes from the Hebrew root for ""to live"": right at the heart of the judgment just pronounced, a name of life is given — an act of faith and hope on the man's part, on the very morrow of the fall.","Naming his wife ""mother of all living"" right after hearing the announcement of death (v. 19) is a pure act of faith: the man chooses to believe in the life God will keep giving, despite everything.","Choosing hope and life at the very heart of trial, rather than closing in on it, remains a deeply present-day spiritual stance — the first in a long biblical line.","Lord, teach me to choose life and hope, even the morning after my heaviest failures."
1,3,21,fr,"Après les feuilles de figuier, insuffisantes et fabriquées par les hommes eux-mêmes (v. 7), c'est Dieu lui-même qui les revêt d'un vêtement plus durable : le premier geste de miséricorde concrète après le jugement, impliquant la mort d'un animal.","Ce vêtement de peau, offert par Dieu et non fabriqué par l'homme, préfigure toute la logique du salut : ce que l'homme ne peut réparer par ses propres moyens, Dieu le lui donne gratuitement, au prix d'une vie offerte.","La justice de Dieu, dans ce chapitre, ne se sépare jamais de sa tendresse concrète : même après la sanction, Dieu prend soin très concrètement du couple qu'il vient de juger — un modèle pour toute justice qui se veut réparatrice.","Seigneur, merci de me revêtir toujours de ta miséricorde, même après mes fautes les plus graves."
1,3,21,en,"After the fig leaves, insufficient and made by the humans themselves (v. 7), it is God himself who clothes them with something more lasting: the first act of concrete mercy after judgment, involving the death of an animal.","This garment of skin, given by God and not made by man, foreshadows the whole logic of salvation: what man cannot repair by his own means, God gives him freely, at the cost of a life offered.","God's justice, in this chapter, is never separated from his concrete tenderness: even after the sentence, God very practically cares for the couple he has just judged — a model for any justice that seeks to be restorative.","Lord, thank you for always clothing me in your mercy, even after my most serious faults."
1,3,22,fr,"Le pluriel « comme l'un de nous » fait écho au « Faisons l'homme » de 1,26 : ce que le serpent avait faussement promis (« vous serez comme des dieux », 3,5) se réalise ici d'une manière ironique et amère — une connaissance du mal acquise par l'expérience, non par la sagesse.","Empêcher l'accès à l'arbre de vie n'est pas ici une cruauté supplémentaire, mais une protection : vivre éternellement dans l'état de rupture serait un mal sans fin, non un bien. L'exil du jardin porte, paradoxalement, une forme de miséricorde.","Certaines limites imposées par amour — même douloureuses sur le moment — protègent d'un mal plus grand encore : une intuition que la parentalité, entre autres, redécouvre sans cesse.","Seigneur, aide-moi à voir tes limites comme des protections, même quand elles me semblent d'abord des privations."
1,3,22,en,"The plural ""like one of us"" echoes ""Let us make man"" in 1:26: what the serpent had falsely promised (""you will be like God,"" 3:5) is realized here in a bitter, ironic way — a knowledge of evil gained through experience, not through wisdom.","Blocking access to the tree of life is not an added cruelty here, but a protection: living forever in a state of rupture would be an endless evil, not a good. Exile from the garden carries, paradoxically, a form of mercy.","Some limits set out of love — however painful in the moment — protect from a still greater harm: an intuition parenthood, among other things, keeps rediscovering.","Lord, help me see your limits as protections, even when at first they feel to me like deprivations."
1,3,23,fr,"L'exil ramène l'homme précisément à sa vocation initiale — cultiver le sol (2,15) — mais désormais hors du jardin protégé, dans une terre devenue hostile (v. 17-18) : la vocation demeure, ses conditions ont changé.",L'exil n'efface pas la vocation originelle de l'homme ; il la rend seulement plus difficile à vivre. La grâce continue d'agir même dans les conséquences les plus dures du péché.,"Continuer à exercer sa vocation — professionnelle, familiale, spirituelle — même dans des conditions devenues difficiles ou hostiles, reste une fidélité profondément biblique, à l'image de ce premier exil.","Seigneur, aide-moi à rester fidèle à ma vocation, même quand les circonstances de ma vie sont devenues plus rudes que je ne l'aurais voulu."
1,3,23,en,"The exile brings the man back precisely to his original calling — tilling the ground (2:15) — but now outside the protected garden, in a land grown hostile (v. 17-18): the calling remains, its conditions have changed.",Exile does not erase man's original calling; it only makes it harder to live out. Grace keeps working even within the hardest consequences of sin.,"Continuing to carry out one's calling — professional, family, spiritual — even in conditions grown difficult or hostile, remains a deeply biblical faithfulness, in the image of this first exile.","Lord, help me stay faithful to my calling, even when the circumstances of my life have grown harsher than I would have wished."
1,3,24,fr,"Les chérubins et l'épée flamboyante, gardiens du chemin de l'arbre de vie, réapparaîtront comme motifs décoratifs du sanctuaire (Exode 25,18-20) et du Temple (1 Rois 6,23-28) : le chemin vers Dieu, fermé ici, sera rouvert par le culte, puis pleinement par le Christ.","Le voile du Temple, déchiré au moment de la mort de Jésus (Matthieu 27,51), rouvre symboliquement l'accès que les chérubins de la Genèse gardaient fermé : la Croix est la clé du retour au jardin.","L'histoire biblique tout entière peut se lire comme le chemin d'un retour progressif vers cette communion perdue — un fil qui traverse la Loi, les prophètes, et s'accomplit dans le Christ, jusqu'au jardin retrouvé de l'Apocalypse.","Seigneur Jésus, toi qui as rouvert le chemin fermé par le péché, conduis-moi vers la communion parfaite que tu as rendue possible."
1,3,24,en,"The cherubim and the flaming sword, guarding the way to the tree of life, will reappear as decorative motifs of the sanctuary (Exodus 25:18-20) and the Temple (1 Kings 6:23-28): the way to God, closed here, will be reopened through worship, then fully through Christ.","The Temple veil, torn at the moment of Jesus's death (Matthew 27:51), symbolically reopens the access the cherubim of Genesis had kept closed: the Cross is the key to the return to the garden.","The whole of biblical history can be read as the path of a gradual return toward this lost communion — a thread running through the Law and the prophets, fulfilled in Christ, all the way to the garden regained in Revelation.","Lord Jesus, you who reopened the way closed by sin, lead me toward the perfect communion you made possible."
1,4,1,fr,"« Caïn » (Qayin) est rapproché par un jeu de mots du verbe qanah, « acquérir » : Ève célèbre la naissance comme une œuvre commune avec Dieu (« avec l'aide de l'Éternel »), première naissance humaine de l'histoire.","La vie continue de se transmettre après l'exil du jardin : la bénédiction de fécondité (Genèse 1,28) n'a pas été retirée par la faute, seulement rendue plus douloureuse (3,16). La grâce persiste dans la conséquence du péché.","Reconnaître Dieu comme partenaire de toute naissance, plutôt que la réduire à un pur fait biologique, reste une manière féconde d'habiter la parentalité aujourd'hui.","Seigneur, merci pour le don de la vie qui continue malgré nos fautes. Que je sache y reconnaître ta main à l'œuvre."
1,4,1,en,"""Cain"" (Qayin) is linked by wordplay to the verb qanah, ""to acquire"": Eve celebrates the birth as a shared work with God (""with Yahweh's help"") — the first human birth in history.","Life keeps being passed on after the garden's exile: the blessing of fruitfulness (Genesis 1:28) was not withdrawn by the fall, only made more painful (3:16). Grace persists within the consequence of sin.","Recognizing God as a partner in every birth, rather than reducing it to a pure biological fact, remains a fruitful way to inhabit parenthood today.","Lord, thank you for the gift of life that continues despite our failures. May I recognize your hand at work in it."
1,4,2,fr,"Berger et laboureur représentent les deux grandes activités économiques du Proche-Orient ancien : le texte ne hiérarchise pas les métiers eux-mêmes, la suite du récit montrera que ce n'est pas l'activité qui compte, mais la disposition du cœur.","Deux frères, deux vocations légitimes : la diversité des appels n'est en elle-même ni un problème ni une hiérarchie — c'est ce que chacun en fait, intérieurement, qui sera jugé.","Comparer la valeur des vocations ou des métiers entre eux, plutôt que la sincérité du cœur qui les habite, est un piège que ce chapitre invite déjà à déjouer.","Seigneur, aide-moi à vivre ma propre vocation sans jamais la comparer, en valeur, à celle des autres."
1,4,2,en,"Shepherd and farmer represent the two great economic activities of the ancient Near East: the text does not rank the trades themselves — the rest of the story will show that what matters is not the activity, but the disposition of the heart.","Two brothers, two legitimate callings: the diversity of vocations is, in itself, neither a problem nor a hierarchy — what will be judged is what each one makes of it inwardly.","Comparing the worth of vocations or trades against one another, rather than the sincerity of the heart within them, is a trap this chapter is already exposing.","Lord, help me live out my own calling without ever measuring its worth against that of others."
1,4,3,fr,"« Au bout de quelque temps » (littéralement « à la fin des jours ») suggère une offrande périodique, presque liturgique : le culte rendu à Dieu naît spontanément, sans commandement explicite préalable dans le texte.","L'offrande de Caïn n'est jamais dite mauvaise en elle-même ; le texte insistera plutôt sur une disposition intérieure défaillante (v. 5-7), non sur la nature du don.","Offrir quelque chose à Dieu — temps, argent, talents — sans y engager son cœur reste une tentation intemporelle, que ce chapitre commence déjà à mettre en lumière.","Seigneur, que mes offrandes, quelles qu'elles soient, viennent toujours d'un cœur vraiment donné, non d'un geste extérieur seulement."
1,4,3,en,"""As time passed"" (literally ""at the end of days"") suggests a periodic, almost liturgical offering: worship of God arises spontaneously here, with no prior explicit command in the text.","Cain's offering is never called bad in itself; the text will instead stress a failing inward disposition (v. 5-7), not the nature of the gift.","Offering something to God — time, money, talent — without engaging the heart remains a timeless temptation, one this chapter already brings to light.","Lord, may whatever I offer you always come from a heart truly given, not merely an outward gesture."
1,4,4,fr,"Abel offre « des premiers-nés... et de leur graisse », soit le meilleur de ce qu'il possède, alors que le texte ne précise pas la qualité de l'offrande de Caïn : un contraste implicite entre le don total et le don quelconque.","Hébreux 11,4 explique rétrospectivement ce que la Genèse ne dit pas explicitement : c'est « par la foi » qu'Abel offrit un sacrifice plus excellent — la disposition intérieure précède et dépasse la nature du don.","Donner le meilleur de soi plutôt que le superflu ou le reste — de son temps, de ses ressources, de son attention — distingue encore aujourd'hui un don véritable d'un geste purement formel.","Seigneur, aide-moi à t'offrir le meilleur de moi-même, et non seulement ce qu'il me reste après tout le reste."
1,4,4,en,"Abel offers ""the firstborn... and their fat"" — the best of what he has — while the text says nothing about the quality of Cain's offering: an implicit contrast between total gift and ordinary gift.","Hebrews 11:4 explains, in hindsight, what Genesis does not say explicitly: it was ""by faith"" that Abel offered a more excellent sacrifice — the inward disposition precedes and outweighs the nature of the gift.","Giving the best of oneself rather than the surplus or the leftover — of one's time, resources, attention — still distinguishes a true gift from a purely formal gesture today.","Lord, help me offer you the best of myself, not only what's left after everything else."
1,4,5,fr,"Le texte ne dit jamais pourquoi Dieu regarde favorablement l'un et non l'autre : cette absence délibérée d'explication déplace l'attention du lecteur, non vers un arbitraire divin, mais vers la réaction de Caïn qui suit immédiatement.","La colère de Caïn, plutôt que de se tourner vers l'introspection, se fixe d'abord sur l'extérieur — le rejet ressenti — révélant un cœur déjà vulnérable avant même le meurtre à venir.","La comparaison à autrui, plutôt que l'attention à son propre chemin, reste l'un des poisons les plus actuels de la vie intérieure — dans les réseaux sociaux comme dans toute vie de communauté.","Seigneur, garde-moi du poison de la comparaison. Aide-moi à me réjouir sincèrement du bien reçu par les autres."
1,4,5,en,"The text never says why God favors one and not the other: this deliberate lack of explanation shifts the reader's attention, not toward divine arbitrariness, but toward Cain's reaction that follows immediately.","Cain's anger, rather than turning toward introspection, fixes first on what is outside himself — the rejection felt — revealing a heart already vulnerable even before the coming murder.","Comparing oneself to others, rather than attending to one's own path, remains one of the most present-day poisons of the inner life — on social media as in any community life.","Lord, keep me from the poison of comparison. Help me rejoice sincerely in the good others receive."
1,4,6,fr,"Dieu s'adresse directement à Caïn, comme il l'avait fait pour Adam après la faute (3,9) : avant toute conséquence, l'interpellation divine ouvre un espace de dialogue et de choix encore possible.","Dieu ne condamne pas la colère elle-même, mais interroge sur ce qu'on va en faire : l'émotion n'est pas le péché, c'est le choix qui la suit qui l'est.","Faire la différence entre ressentir une émotion — même négative — et agir sous son emprise est une distinction psychologique et spirituelle que ce verset pose déjà, des millénaires avant la psychologie moderne.","Seigneur, aide-moi à reconnaître mes émotions sans me laisser gouverner par elles."
1,4,6,en,"God speaks directly to Cain, as he had to Adam after the fall (3:9): before any consequence, the divine question opens a space for dialogue and a choice still possible.","God does not condemn the anger itself, but asks what will be done with it: the emotion is not the sin — the choice that follows it is.","Distinguishing between feeling an emotion — even a negative one — and acting under its grip is a psychological and spiritual distinction this verse already draws, millennia before modern psychology.","Lord, help me recognize my emotions without letting them govern me."
1,4,7,fr,"« Le péché se couche à la porte » emploie une image animale de prédateur tapi, prêt à bondir ; « domine sur lui » (mashal) est le même verbe employé pour la domination promise à l'homme sur la création (1,26) — ici retourné vers un combat intérieur.","Ce verset est l'un des premiers textes bibliques sur le libre arbitre : le péché rôde, mais il ne contraint jamais absolument — la possibilité de le dominer reste ouverte jusqu'au dernier instant.","Ce verset, l'un des plus anciens sur la psychologie de la tentation, décrit avec une précision étonnante ce que la sagesse spirituelle appellera plus tard le discernement des pensées.","Seigneur, donne-moi la force de dominer le péché qui rôde à ma porte, avant qu'il ne devienne un acte."
1,4,7,en,"""Sin crouches at the door"" uses the image of a predator lying in wait, ready to spring; ""you are to rule over it"" (mashal) is the same verb used for the dominion promised to man over creation (1:26) — here turned toward an inner struggle.","This verse is one of the Bible's earliest texts on free will: sin prowls, but it never absolutely compels — the possibility of ruling over it remains open until the very last moment.","This verse, among the oldest on the psychology of temptation, describes with striking precision what spiritual wisdom will later call the discernment of thoughts.","Lord, give me the strength to rule over the sin crouching at my door, before it becomes an act."
1,4,8,fr,"Le texte hébreu massorétique laisse une lacune après « Caïn adressa la parole à son frère Abel » — aucune parole n'est rapportée ; les versions grecque et samaritaine ajoutent « Allons dans les champs », comblant ce silence par un prétexte au meurtre.","Le premier meurtre de l'humanité est fratricide, non l'œuvre d'un étranger : la violence naît d'abord dans la proximité la plus intime, entre ceux qui devraient être le plus proches.","La violence domestique et intrafamiliale, statistiquement bien plus fréquente que la violence entre inconnus, trouve dans ce verset son archétype le plus ancien.","Seigneur, garde mon cœur de toute violence, en particulier envers ceux qui me sont les plus proches."
1,4,8,en,"The Hebrew Masoretic text leaves a gap after ""Cain spoke to Abel his brother"" — no words are recorded; the Greek and Samaritan versions add ""Let us go into the field,"" filling that silence with a pretext for murder.","Humanity's first murder is fratricide, not the act of a stranger: violence is born first in the closest intimacy, between those who should be nearest to one another.","Domestic and intra-family violence, statistically far more common than violence between strangers, finds in this verse its oldest archetype.","Lord, guard my heart from every violence, especially toward those closest to me."
1,4,9,fr,"Question qui fait écho au « Où es-tu ? » adressé à Adam (3,9) : Dieu interroge de nouveau pour ouvrir un espace de vérité, avant toute sentence — une pédagogie de miséricorde qui se répète malgré l'aggravation de la faute.","« Suis-je le gardien de mon frère ? » est une question rhétorique censée sonner comme une évidence négative — mais le livre entier de la Genèse, et toute l'Écriture, y répondra finalement par un oui retentissant.","La responsabilité fraternelle envers autrui, y compris envers l'étranger ou l'inconnu, trouve dans ce contre-exemple négatif l'un de ses fondements bibliques les plus cités.","Seigneur, apprends-moi à répondre « oui » à cette question que Caïn a refusé d'assumer : je suis le gardien de mon frère."
1,4,9,en,"A question echoing ""Where are you?"" addressed to Adam (3:9): God asks again to open a space for truth, before any sentence — a pedagogy of mercy repeated despite the greater gravity of the fault.","""Am I my brother's keeper?"" is a rhetorical question meant to sound like an obvious no — yet the whole book of Genesis, and all of Scripture, will finally answer it with a resounding yes.","Fraternal responsibility toward others, including toward the stranger or the unknown, finds in this negative counter-example one of its most cited biblical foundations.","Lord, teach me to answer ""yes"" to the question Cain refused to own: I am my brother's keeper."
1,4,10,fr,"« La voix du sang » — au pluriel en hébreu (demei, littéralement « les sangs ») — évoquerait selon certains commentateurs juifs anciens non seulement Abel, mais toute sa descendance à naître, désormais anéantie avec lui.","Le sang d'Abel qui « crie » de la terre trouve son contraire en Hébreux 12,24 : le sang du Christ, versé pour le pardon, « parle mieux que celui d'Abel » — un sang qui ne réclame plus vengeance, mais réconciliation.","Ce verset est souvent cité pour la mémoire des victimes de violence dont le sang, au sens propre comme figuré, continue de crier justice bien après les faits.","Seigneur Jésus, ton sang parle mieux que celui d'Abel. Que ton pardon, et non la vengeance, soit ma dernière parole face au mal subi."
1,4,10,en,"""The voice of your brother's blood"" — plural in Hebrew (demei, literally ""the bloods"") — some ancient Jewish commentators read as referring not only to Abel, but to all his descendants yet unborn, now wiped out with him.","Abel's blood ""crying out"" from the ground finds its opposite in Hebrews 12:24: the blood of Christ, poured out for forgiveness, ""speaks better"" than Abel's — a blood that no longer demands vengeance, but reconciliation.","This verse is often cited in memory of victims of violence whose blood, literally and figuratively, keeps crying out for justice long after the fact.","Lord Jesus, your blood speaks better than Abel's. May your forgiveness, not vengeance, be my final word in the face of the wrong done to me."
1,4,11,fr,"La malédiction frappe ici la relation de Caïn à la terre — celle-là même qui a « ouvert sa bouche » pour recevoir le sang versé — un écho direct de la malédiction du sol après la faute d'Adam (3,17).","Le péché brise la relation à trois niveaux successifs dans ces premiers chapitres : à Dieu (ch. 3), au conjoint (ch. 3), au frère et à la terre elle-même (ch. 4) — une dégradation progressive et systémique.","La dégradation environnementale liée à la violence humaine — sols pollués par les conflits, terres rendues stériles par la guerre — trouve dans ce verset une intuition théologique ancienne : le péché a un coût écologique, pas seulement moral.","Seigneur, guéris les liens brisés par la violence — entre les hommes, et entre l'homme et la terre elle-même."
1,4,11,en,"The curse here strikes Cain's relationship to the ground — the very ground that ""opened its mouth"" to receive the blood shed — a direct echo of the curse on the soil after Adam's fall (3:17).","Sin breaks relationship on three successive levels across these opening chapters: with God (ch. 3), with one's spouse (ch. 3), with a brother and with the earth itself (ch. 4) — a progressive, systemic breakdown.","Environmental damage tied to human violence — soil poisoned by conflict, land made barren by war — finds in this verse an ancient theological intuition: sin carries an ecological cost, not only a moral one.","Lord, heal the bonds broken by violence — between human beings, and between humanity and the earth itself."
1,4,12,fr,"« Errant et vagabond » (na wanad) forme une paire de mots presque identiques en hébreu, soulignant par leur sonorité même l'instabilité perpétuelle infligée à Caïn — condamné à ne plus jamais s'enraciner nulle part.","La sanction reprend, en l'aggravant, celle d'Adam : chassé du jardin mais toujours cultivateur (3,23), Caïn perd jusqu'à la fécondité même du sol qu'il continuera pourtant de travailler.","L'errance sans fin, sans lieu d'appartenance possible, décrit une expérience que vivent aujourd'hui de nombreux déracinés, réfugiés ou exilés — sans que ce chapitre en fasse pour autant un simple châtiment mérité applicable à eux.","Seigneur, prends soin de tous ceux qui errent aujourd'hui sans terre ni foyer. Donne-moi un cœur attentif à leur détresse."
1,4,12,en,"""A fugitive and a wanderer"" (na wanad) forms a pair of nearly identical Hebrew words, their very sound underlining the permanent instability inflicted on Cain — condemned never to put down roots anywhere again.","The sentence repeats and worsens Adam's: driven from the garden yet still a farmer (3:23), Cain now loses even the fruitfulness of the ground he will nonetheless keep working.","Endless wandering, with no possible place of belonging, describes an experience many uprooted people, refugees, and exiles live today — though this chapter never turns that into a simple deserved punishment applicable to them.","Lord, take care of all who wander today with neither land nor home. Give me a heart attentive to their distress."
1,4,13,fr,"L'expression hébraïque peut se traduire aussi bien « mon châtiment est trop grand » que « ma faute est trop grande » : une ambiguïté volontaire, où l'aveu de culpabilité et le cri de détresse se superposent sans se distinguer clairement.","Pour la première fois depuis le début du drame, Caïn s'adresse directement à Dieu, plutôt que de fuir ou d'esquiver : même un cri de désespoir reste un commencement de dialogue possible avec Lui.","Nommer sa propre détresse devant Dieu, même sans certitude sur sa nature exacte — faute ou punition — reste le premier pas d'une prière authentique, quelle que soit la clarté du sentiment.","Seigneur, quand mon fardeau me semble trop lourd, aide-moi à te le crier plutôt qu'à le porter seul en silence."
1,4,13,en,"The Hebrew phrase can be translated equally as ""my punishment is too great"" or ""my guilt is too great"": a deliberate ambiguity, in which an admission of guilt and a cry of distress overlap without being clearly distinguished.","For the first time since the drama began, Cain speaks directly to God, rather than fleeing or evading: even a cry of despair remains the beginning of a possible dialogue with him.","Naming one's own distress before God, even without certainty of its exact nature — guilt or punishment — remains the first step of authentic prayer, whatever the clarity of the feeling.","Lord, when my burden feels too heavy, help me cry it out to you rather than carry it alone in silence."
1,4,14,fr,"Caïn redoute d'être tué par « quiconque me trouvera » — une inquiétude qui suppose, de façon troublante pour le récit, l'existence d'autres humains que la seule famille immédiate d'Adam, question que le texte ne résout pas et que la tradition juive elle-même a beaucoup débattue.",La peur d'être exposé sans protection à la violence des autres est la conséquence directe de la violence que Caïn a lui-même exercée : le mal qu'on répand finit toujours par se retourner en crainte contre soi-même.,"La peur de représailles, dans les cycles de violence contemporains, reproduit ce même schéma : celui qui a fait violence craint désormais de la subir en retour, entretenant l'engrenage.","Seigneur, brise en moi tout cycle de peur et de violence, qu'il vienne de moi ou qu'il me soit fait subir."
1,4,14,en,"Cain fears being killed by ""whoever finds me"" — a worry that troublingly implies, for the narrative, the existence of humans beyond Adam's immediate family, a question the text never resolves and Jewish tradition itself has long debated.","The fear of being exposed, unprotected, to others' violence is the direct consequence of the violence Cain himself committed: the evil one spreads always ends up turning back into fear for oneself.","The fear of reprisal, in today's cycles of violence, reproduces this same pattern: whoever has done violence now fears suffering it in return, feeding the cycle further.","Lord, break in me every cycle of fear and violence, whether it comes from me or is done to me."
1,4,15,fr,"Le « signe » posé sur Caïn n'est décrit par aucun détail précis — ni marque physique, ni tatouage, contrairement à des lectures populaires tardives — mais seulement comme une protection contre la vengeance, non une marque d'infamie.",Dieu protège même le premier meurtrier de l'humanité : la miséricorde divine s'étend jusqu'à celui qui semblerait le moins la mériter — une leçon fondatrice sur l'ampleur de la grâce.,"Ce verset a servi de fondement biblique précoce à l'opposition à la peine de mort et à la vengeance privée : même la justice la plus sévère, dans ce texte, se refuse à l'exécution sommaire.","Seigneur, apprends-moi à voir même l'ennemi ou le coupable comme quelqu'un que ta miséricorde continue de protéger."
1,4,15,en,"The ""sign"" placed on Cain is described with no precise detail — neither a physical mark nor a tattoo, contrary to later popular readings — but only as protection against vengeance, not a mark of infamy.",God protects even humanity's first murderer: divine mercy reaches even the one who would seem to deserve it least — a foundational lesson on the sheer scope of grace.,"This verse served as an early biblical foundation for opposing the death penalty and private vengeance: even the sternest justice, in this text, refuses summary execution.","Lord, teach me to see even the enemy or the guilty as someone your mercy still protects."
1,4,16,fr,"« Nod » (nod) partage sa racine avec le mot « errant » (nad) du verset 12 : le nom du pays où Caïn s'installe est littéralement « la terre de l'errance », un lieu qui incarne dans sa géographie même la condition de son habitant.","« S'éloigner de la face de l'Éternel » marque une rupture volontaire plus grande que le simple exil imposé : Caïn choisit lui-même de s'éloigner davantage, plutôt que de chercher à revenir vers la protection qui vient de lui être offerte.","S'enfoncer plus loin dans l'éloignement après une faute, au lieu de se rapprocher de la miséricorde offerte, reste un piège spirituel récurrent — l'inverse du fils prodigue qui, lui, choisira le chemin du retour.","Seigneur, même après une faute grave, garde-moi de choisir l'éloignement plutôt que le retour vers Toi."
1,4,16,en,"""Nod"" (nod) shares its root with ""wanderer"" (nad) from verse 12: the name of the land where Cain settles is literally ""the land of wandering,"" a place whose very geography embodies its inhabitant's condition.","""Went out from Yahweh's presence"" marks a chosen rupture greater than the exile already imposed: Cain himself chooses to move further away, rather than seeking to return toward the protection just offered him.","Sinking deeper into estrangement after a fault, instead of drawing closer to the mercy offered, remains a recurring spiritual trap — the opposite of the prodigal son, who will choose the road back.","Lord, even after a serious fault, keep me from choosing distance over return to you."
1,4,17,fr,"Caïn, l'errant condamné à ne pas s'enraciner, devient paradoxalement le premier bâtisseur de ville — symbole biblique récurrent d'une sécurité et d'une permanence recherchées par la seule force humaine, indépendamment de Dieu.","La ville, dans plusieurs textes bibliques ultérieurs (Babel en Genèse 11, plus tard Babylone), portera souvent cette même ambivalence : une réussite humaine impressionnante, mais construite en marge, voire contre, la présence de Dieu.","Cette tension entre le désir légitime de sécurité et d'enracinement, et le risque de le chercher entièrement hors de Dieu, traverse encore la manière dont les sociétés contemporaines bâtissent leur propre stabilité.","Seigneur, que ma recherche de sécurité et de stabilité passe toujours par Toi, et non en dehors de Toi."
1,4,17,en,"Cain, the wanderer condemned never to put down roots, paradoxically becomes the first city builder — a recurring biblical symbol of security and permanence sought by human strength alone, apart from God.","The city, in several later biblical texts (Babel in Genesis 11, later Babylon), will often carry this same ambivalence: an impressive human achievement, but built on the margins of, or even against, God's presence.","This tension between the legitimate desire for security and roots, and the risk of seeking it entirely apart from God, still runs through the way contemporary societies build their own stability.","Lord, may my search for security and stability always run through you, never apart from you."
1,4,18,fr,"Cette généalogie de sept générations, de Caïn à Lémec, court en parallèle de celle de Seth au chapitre suivant (5,1-32) : deux lignées issues d'Adam, l'une marquée par la violence croissante, l'autre par la fidélité (« marcher avec Dieu », 5,22.24).","Le texte biblique ne présente jamais qu'une seule trajectoire humaine possible : dès l'origine, deux chemins coexistent, celui qui s'éloigne de Dieu et celui qui continue à marcher avec Lui.","Constater que deux lignées, deux cultures, deux façons de vivre peuvent coexister depuis l'aube de l'humanité aide à ne jamais réduire l'histoire humaine à un seul récit univoque de progrès ou de déclin.","Seigneur, aide-moi à choisir, parmi les chemins qui s'offrent à moi, celui qui continue de marcher avec Toi."
1,4,18,en,"This seven-generation genealogy, from Cain to Lamech, runs parallel to that of Seth in the next chapter (5:1-32): two lines descending from Adam, one marked by growing violence, the other by faithfulness (""walked with God,"" 5:22, 24).","The biblical text never presents a single possible human trajectory: from the very beginning, two paths coexist — one moving away from God, one continuing to walk with him.","Seeing that two lines, two cultures, two ways of living can coexist from the dawn of humanity helps us never reduce human history to one single story of progress or decline.","Lord, help me choose, among the paths open to me, the one that keeps walking with you."
1,4,19,fr,"Lémec est le premier homme de la Bible dont la polygamie est explicitement rapportée, sans jugement immédiat du texte : un écart supplémentaire par rapport au modèle d'union unique établi en Genèse 2,24, dans la lignée précisément marquée par la violence.","La multiplication des transgressions du dessein originel de Dieu — après le meurtre, la polygamie — dessine une trajectoire de dégradation progressive dans la lignée de Caïn, préparant le tableau de corruption généralisée du chapitre 6.","Ce verset invite à observer, sans jugement moralisateur facile sur les personnes, comment les structures sociales peuvent s'éloigner progressivement, génération après génération, d'un idéal initial sans qu'aucune rupture nette ne soit perçue par ceux qui la vivent.","Seigneur, garde-moi des petits écarts répétés qui, sans que je m'en aperçoive, m'éloignent peu à peu de ton dessein."
1,4,19,en,"Lamech is the first man in the Bible explicitly reported to be polygamous, with no immediate judgment from the text: a further departure from the single-union model set out in Genesis 2:24, precisely within the line marked by violence.","The piling up of transgressions against God's original design — murder, then polygamy — traces a trajectory of progressive decline within Cain's line, preparing the picture of widespread corruption in chapter 6.","This verse invites us to observe, without easy moral judgment of individuals, how social structures can drift, generation by generation, away from an original ideal with no sharp break perceived by those living it.","Lord, keep me from the small, repeated departures that, without my noticing, gradually pull me away from your design."
1,4,20,fr,"Jabal est présenté comme l'ancêtre des éleveurs nomades vivant sous tente : le texte reconnaît sans réserve la légitimité et l'utilité de ce mode de vie, malgré la lignée coupable dont il descend.","Même dans une généalogie marquée par la violence croissante, Dieu continue de bénir la créativité et l'utilité humaines : le péché n'annule jamais totalement la capacité de l'homme à produire du bien.","Reconnaître la valeur d'une innovation ou d'un savoir-faire, indépendamment du parcours moral de celui qui l'a développé, est une distinction que ce verset invite déjà à faire.","Seigneur, aide-moi à reconnaître le bien là où il se trouve, même quand il vient de sources imparfaites."
1,4,20,en,"Jabal is presented as the ancestor of nomadic herders living in tents: the text unreservedly recognizes the legitimacy and usefulness of this way of life, despite the guilty line he descends from.","Even in a genealogy marked by growing violence, God keeps blessing human creativity and usefulness: sin never entirely cancels humanity's capacity to produce good.","Recognizing the value of an innovation or a skill, apart from the moral path of the one who developed it, is a distinction this verse already invites us to make.","Lord, help me recognize the good wherever it is found, even when it comes from imperfect sources."
1,4,21,fr,"Jubal, dont le nom évoque en hébreu à la fois la musique et le jubilé, est présenté comme le père des musiciens : l'art naît, comme l'élevage, au sein même de la lignée marquée par le meurtre — un don de Dieu qui persiste malgré tout.","La beauté artistique, don authentique de Dieu inscrit dans la nature humaine créée à son image, peut naître même d'un cœur ou d'une lignée éloignés de Lui : elle n'est jamais, à elle seule, une preuve de sainteté.","L'histoire de l'art moderne connaît elle aussi cette même tension : un immense talent créatif peut coexister, chez une même personne, avec une vie moralement ou spirituellement égarée.","Seigneur, que toute beauté que je crée ou que je contemple me ramène vers Toi, source de toute beauté véritable."
1,4,21,en,"Jubal, whose name in Hebrew evokes both music and the jubilee, is presented as the father of musicians: art is born, like herding, within the very line marked by murder — a gift of God that persists regardless.","Artistic beauty, a genuine gift of God woven into human nature made in his image, can arise even from a heart or a line estranged from him: it is never, on its own, proof of holiness.","The history of modern art carries this same tension: immense creative talent can coexist, in one and the same person, with a life morally or spiritually adrift.","Lord, may every beauty I create or behold lead me back to you, the source of all true beauty."
1,4,22,fr,"Tubal-Caïn, forgeron du bronze et du fer, introduit la métallurgie — et donc, implicitement, les armes — dans une lignée déjà marquée par le premier meurtre : le texte laisse le lecteur tirer lui-même la conclusion inquiétante de cette association.","Toute technologie est, dès son origine biblique, moralement ambivalente : le même métal qui forge une charrue peut forger une épée — la question n'est jamais l'outil lui-même, mais l'usage qu'en fait le cœur humain.","Le débat contemporain sur l'usage éthique des technologies, notamment celles à double usage, trouve dans ce verset son intuition la plus ancienne : le progrès technique n'est jamais moralement neutre dans ses conséquences.","Seigneur, donne-moi la sagesse d'utiliser tout ce que je crée ou possède pour construire, jamais pour détruire."
1,4,22,en,"Tubal-Cain, a forger of bronze and iron, introduces metallurgy — and so, implicitly, weapons — into a line already marked by the first murder: the text leaves the reader to draw the unsettling conclusion of this pairing.","Every technology is, from its very biblical origin, morally ambivalent: the same metal that forges a plow can forge a sword — the question is never the tool itself, but the use the human heart makes of it.","Today's debate over the ethical use of technology, especially dual-use technology, finds in this verse its oldest intuition: technical progress is never morally neutral in its consequences.","Lord, give me the wisdom to use everything I create or possess to build, never to destroy."
1,4,23,fr,"Ce court poème, l'un des plus anciens fragments de la Bible selon la critique littéraire, est structuré en parallélisme hébraïque classique : deux vers qui se répondent, dans un style archaïque distinct de la prose environnante.","Le « chant de Lémec » célèbre ouvertement une vengeance disproportionnée — un homme tué pour une simple blessure — signe d'une escalade morale continue depuis le meurtre de Caïn, jusqu'à sa complète banalisation.","La glorification publique et poétique de la violence, sous forme de fanfaronnade plutôt que de remords, trouve dans ce chant son plus ancien exemple biblique — un phénomène malheureusement toujours actuel.","Seigneur, garde mon cœur et ma bouche de toute glorification de la violence, même sous une forme qui semblerait anodine."
1,4,23,en,"This short poem, one of the oldest fragments in the Bible according to literary criticism, is structured in classic Hebrew parallelism: two lines answering each other, in an archaic style distinct from the surrounding prose.","""Lamech's song"" openly celebrates a disproportionate revenge — a man killed for a mere wound — a sign of moral escalation continuing since Cain's murder, now fully normalized.","The public, poetic glorification of violence, as boasting rather than remorse, finds in this song its oldest biblical example — a phenomenon unfortunately still very much alive today.","Lord, guard my heart and my mouth from ever glorifying violence, even in a form that might seem harmless."
1,4,24,fr,"Lémec revendique une vengeance soixante-dix-sept fois supérieure à celle promise à Caïn (v. 15) : le chiffre, choisi pour son exagération délibérée, montre une escalade explicite et assumée de la violence au fil des générations.","Ce verset marque le point le plus bas de la lignée de Caïn dans ce chapitre — une inversion complète de la protection divine du verset 15, transformée en menace personnelle et disproportionnée par un homme qui s'arroge la justice pour lui-même.","Le passage d'une protection divine à une vengeance humaine autoproclamée illustre un mécanisme encore observable aujourd'hui : la justice, retirée des mains de Dieu ou de l'institution, dérive rapidement vers la démesure.","Seigneur, garde-moi de me faire justice moi-même. Que je te confie, à Toi seul, le jugement qui n'appartient qu'à Toi."
1,4,24,en,"Lamech claims a vengeance seventy-seven times greater than the protection promised to Cain (v. 15): the number, deliberately exaggerated, shows an explicit, self-owned escalation of violence across the generations.","This verse marks the lowest point of Cain's line in this chapter — a complete inversion of the divine protection of verse 15, turned into a personal, disproportionate threat by a man who takes justice into his own hands.","The shift from divine protection to self-proclaimed human vengeance illustrates a mechanism still observable today: justice, taken out of God's hands or an institution's, quickly drifts toward excess.","Lord, keep me from taking justice into my own hands. May I entrust to you alone the judgment that belongs to you."
1,4,25,fr,"« Seth » (Shet) est rapproché par jeu de mots du verbe shat, « accorder, établir » : Ève l'interprète elle-même comme un don de remplacement, ouvrant une nouvelle lignée après la perte d'Abel et l'éloignement de Caïn.","Après le meurtre et la lignée de violence de Caïn, Dieu suscite une nouvelle descendance : l'histoire du salut ne s'arrête jamais à un échec, aussi grave soit-il — elle continue toujours par un don renouvelé.","Recevoir un nouveau départ après une perte irréparable, sans jamais oublier ni minimiser ce qui a été perdu, est une manière profondément biblique de traverser le deuil.","Seigneur, merci pour les nouveaux commencements que tu m'accordes après mes pertes et mes échecs les plus douloureux."
1,4,25,en,"""Seth"" (Shet) is linked by wordplay to the verb shat, ""to grant, to establish"": Eve herself reads it as a replacement gift, opening a new line after the loss of Abel and Cain's estrangement.","After the murder and Cain's line of violence, God raises up a new descendant: the history of salvation never stops at a failure, however grave — it always continues through a renewed gift.","Receiving a fresh start after an irreparable loss, without ever forgetting or minimizing what was lost, is a deeply biblical way of walking through grief.","Lord, thank you for the new beginnings you grant me after my most painful losses and failures."
1,4,26,fr,"« Enosch » (Enosh) signifie simplement « être humain, mortel » en hébreu — un nom qui souligne, à l'aube de cette nouvelle lignée, la fragilité et la finitude humaines, en contraste avec l'orgueil croissant de la lignée de Caïn.","« On commença à invoquer le nom de l'Éternel » marque le début du culte public, collectif : la prière communautaire naît précisément dans la lignée qui reconnaît sa propre fragilité, plutôt que dans celle qui revendique sa propre puissance.","La conscience de sa propre fragilité, loin d'être un obstacle à la foi, en est souvent la porte d'entrée la plus sûre — un contraste que ce verset dessine déjà entre les deux lignées d'Adam.","Seigneur, c'est dans ma fragilité reconnue, non dans une prétendue force, que je viens aujourd'hui invoquer ton nom."
1,4,26,en,"""Enosh"" simply means ""human being, mortal"" in Hebrew — a name that underlines, at the dawn of this new line, human fragility and finitude, in contrast to the growing pride of Cain's line.","""Men began to call on Yahweh's name"" marks the beginning of public, collective worship: communal prayer is born precisely within the line that acknowledges its own frailty, rather than the one claiming its own strength.","Awareness of one's own frailty, far from being an obstacle to faith, is often its surest doorway — a contrast this verse already draws between Adam's two lines.","Lord, it is in my acknowledged frailty, not in any pretended strength, that I come today to call on your name."
1,5,1,fr,"« Livre » (sefer) est un terme technique pour un document généalogique officiel : cette liste de dix générations, d'Adam à Noé, est la plus longue chaîne ininterrompue de filiations avant Abraham, et sert de pont narratif entre la création et le déluge.","Le texte rappelle délibérément la ressemblance divine de l'homme (1,26-27) au moment même d'ouvrir une liste de morts successives : la dignité originelle n'est jamais effacée par la mortalité qui va suivre à chaque verset.","Tenir une généalogie précise, nommer chaque génération une à une, dit une valeur biblique fondamentale : aucune vie humaine, même dans la masse du temps, n'est anonyme ou insignifiante aux yeux de Dieu.","Seigneur, toi qui connais le nom de chacun depuis la première génération, aide-moi à croire que mon propre nom compte aussi à tes yeux."
1,5,1,en,"""Book"" (sefer) is a technical term for an official genealogical record: this list of ten generations, from Adam to Noah, is the longest unbroken chain of descent before Abraham, and serves as the narrative bridge between creation and the flood.",The text deliberately recalls man's divine likeness (1:26-27) at the very moment it opens a list of successive deaths: original dignity is never erased by the mortality that will follow with every verse.,"Keeping a precise genealogy, naming each generation one by one, states a foundational biblical value: no human life, even lost in the vastness of time, is anonymous or insignificant in God's eyes.","Lord, you who know the name of every person since the first generation, help me believe that my own name matters to you too."
1,5,2,fr,"Ce verset résume le chapitre 1 avant d'entamer la généalogie proprement dite : « homme » (adam) désigne ici, comme souvent en hébreu, l'humanité entière plutôt qu'un individu isolé, homme et femme réunis sous un même nom collectif.","En rappelant la bénédiction commune du premier couple avant de dérouler dix générations d'hommes seuls nommés, le texte n'oublie pas que chaque génération listée repose sur cette même dignité partagée entre homme et femme.","La forme même du texte, qui ne nomme dans la suite que les pères, reflète les conventions de son temps sans nier ce que ce verset affirme d'emblée : la dignité égale de l'homme et de la femme dès l'origine.","Seigneur, merci pour la bénédiction que tu as posée sur l'humanité entière, homme et femme, dès le commencement."
1,5,2,en,"This verse summarizes chapter 1 before beginning the genealogy proper: ""man"" (adam) here designates, as often in Hebrew, all humanity rather than a single individual, man and woman gathered under one collective name.","By recalling the shared blessing of the first couple before unrolling ten generations of men alone named, the text does not forget that every generation listed rests on that same dignity shared between man and woman.","The very shape of the text, naming only fathers going forward, reflects the conventions of its time without denying what this verse affirms from the outset: the equal dignity of man and woman from the beginning.","Lord, thank you for the blessing you placed on all humanity, man and woman, from the very beginning."
1,5,3,fr,"« À sa ressemblance, selon son image » reprend exactement le vocabulaire de 1,26-27, mais appliqué cette fois à la paternité humaine : la transmission de l'image de Dieu se poursuit désormais de génération en génération par la filiation naturelle.","Ce que Dieu a fait pour Adam — le créer à son image — Adam le fait à son tour pour Seth : la ressemblance divine ne s'arrête pas à la première génération, elle se transmet comme un héritage à travers toute l'humanité.","Chaque parent transmet, souvent sans y penser, quelque chose de la dignité et de l'image reçues de Dieu à son propre enfant : la paternité et la maternité humaines participent à une transmission qui les dépasse.","Seigneur, aide-moi à transmettre à ceux qui viennent après moi quelque chose de ta ressemblance, reçue et vécue."
1,5,3,en,"""In his own likeness, after his image"" repeats exactly the vocabulary of 1:26-27, now applied to human fatherhood: the transmission of God's image now continues from generation to generation through natural descent.",What God did for Adam — creating him in his image — Adam in turn does for Seth: the divine likeness does not stop at the first generation; it passes on as an inheritance through all humanity.,"Every parent passes on, often without thinking about it, something of the dignity and image received from God to their own child: human fatherhood and motherhood share in a transmission that surpasses them.","Lord, help me pass on to those who come after me something of your likeness, received and lived out."
1,5,4,fr,"La longévité extraordinaire attribuée aux patriarches antédiluviens (jusqu'à 969 ans pour Metuschélah, v. 27) a suscité d'innombrables explications — conditions climatiques différentes, unité de temps distincte, valeur symbolique des chiffres — sans qu'aucune ne fasse consensus.","« Il engendra des fils et des filles » revient comme un refrain à travers tout le chapitre : au cœur même d'une liste de morts annoncées, la vie continue inlassablement de se transmettre.","La longévité biblique, qu'on la lise littéralement ou symboliquement, rappelle que le temps humain, même très long à l'échelle d'une vie, reste infime face à l'éternité de Dieu.","Seigneur, quelle que soit la longueur de mes jours, aide-moi à les remplir de sens plutôt que de seulement les compter."
1,5,4,en,"The extraordinary longevity attributed to the pre-flood patriarchs (up to 969 years for Methuselah, v. 27) has drawn countless explanations — different climate conditions, a different unit of time, symbolic value of the numbers — with no consensus.","""He became the father of sons and daughters"" recurs like a refrain throughout the chapter: at the very heart of a list of announced deaths, life keeps tirelessly being passed on.","Biblical longevity, read literally or symbolically, recalls that human time, even stretched to a lifetime's greatest length, remains tiny before God's eternity.","Lord, however long my days may be, help me fill them with meaning rather than merely count them."
1,5,5,fr,"« Puis il mourut » clôt pour la première fois le destin d'un homme nommé dans la Bible : cette formule reviendra huit fois dans ce seul chapitre, comme un glas répété qui rappelle inlassablement la conséquence du péché d'Éden (3,19).","Adam, créé directement par Dieu et ayant marché avec lui au jardin, meurt lui aussi comme tout homme après lui : nul, pas même le premier des hommes, n'échappe à la mortalité entrée par la faute.","Se souvenir que même les grandes figures fondatrices de l'histoire finissent par mourir invite à une humilité salutaire face à toute prétention d'immortalité, ancienne ou moderne.","Seigneur, apprends-moi à vivre chaque jour dans la conscience paisible de ma propre mortalité, sans qu'elle m'écrase."
1,5,5,en,"""Then he died"" closes, for the first time, the fate of a man named in the Bible: this formula recurs eight times in this one chapter, a repeated toll that tirelessly recalls the consequence of Eden's sin (3:19).","Adam, created directly by God and having walked with him in the garden, dies too like every man after him: no one, not even the first of men, escapes the mortality that entered through the fall.","Remembering that even history's great founding figures eventually die invites a healthy humility against any claim to immortality, ancient or modern.","Lord, teach me to live each day in the calm awareness of my own mortality, without letting it crush me."
1,5,6,fr,"Seth, dont le nom rappelle le don accordé par Dieu après la perte d'Abel (4,25), devient ici le premier maillon de la lignée généalogique qui conduira, dix générations plus tard, jusqu'à Noé puis, bien plus tard, jusqu'à Abraham.","La lignée de la promesse ne passe pas par Caïn, l'aîné, mais par Seth, le fils du remplacement et de la grâce : Dieu choisit souvent, dans l'histoire du salut, un chemin différent de celui qu'on attendrait selon l'ordre naturel.","Ce renversement de l'ordre attendu — le cadet plutôt que l'aîné, le fils de la grâce plutôt que le premier-né — se répétera tout au long de la Bible, rappelant que l'élection divine ne suit jamais une simple logique humaine.","Seigneur, aide-moi à faire confiance à tes choix, même quand ils bousculent l'ordre que j'attendrais naturellement."
1,5,6,en,"Seth, whose name recalls the gift granted by God after Abel's loss (4:25), becomes here the first link in the genealogical chain that will lead, ten generations later, to Noah and, much later, to Abraham.","The line of promise does not run through Cain, the firstborn, but through Seth, the son of replacement and grace: in the history of salvation, God often chooses a path different from the one the natural order would suggest.","This reversal of the expected order — the younger rather than the elder, the son of grace rather than the firstborn — will recur throughout the Bible, a reminder that divine election never follows mere human logic.","Lord, help me trust your choices, even when they upend the order I would naturally expect."
1,5,7,fr,"Comme au verset 4, la mention des « fils et des filles » sans les nommer rappelle que cette généalogie officielle ne retient qu'une seule ligne, tout en laissant entendre une descendance bien plus large que celle simplement listée.","Derrière chaque nom retenu par le texte se cachent des multitudes de vies non nommées : Dieu connaît et aime chacune d'elles, même celles que l'histoire humaine, à la différence de Lui, finit par oublier.","Toute généalogie officielle, biblique ou familiale, ne raconte jamais qu'une fraction de l'histoire réelle : un rappel utile face à la tentation de réduire une famille ou un peuple à sa seule lignée la plus visible.","Seigneur, toi qui connais tous les noms oubliés par l'histoire humaine, garde le souvenir de ceux que je ne peux pas moi-même nommer."
1,5,7,en,"As in verse 4, the mention of ""sons and daughters"" without naming them recalls that this official genealogy retains only one line, while hinting at a far wider descent than the one simply listed.","Behind every name kept by the text lie multitudes of unnamed lives: God knows and loves each one, even those human history, unlike him, eventually forgets.","Every official genealogy, biblical or family, only ever tells a fraction of the real story — a useful reminder against the temptation to reduce a family or a people to its most visible line alone.","Lord, you who know every name human history has forgotten, keep the memory of those I myself cannot name."
1,5,8,fr,"912 ans : la longévité de Seth, légèrement inférieure à celle d'Adam (930 ans, v. 5), amorce une tendance générale — quoique non strictement linéaire — de diminution progressive de la durée de vie au fil des générations listées dans ce chapitre.","Cette lente diminution de la longévité, perceptible sur l'ensemble du chapitre, peut se lire comme une image de l'éloignement progressif du jardin d'Éden et de la vie sans fin qu'il représentait.","Que l'on prenne ces chiffres au pied de la lettre ou de façon symbolique, l'idée d'un affaiblissement progressif de la condition humaine loin de son origine reste une intuition partagée par bien des traditions anciennes.","Seigneur, même dans un monde marqué par la fragilité croissante, garde vivante en moi l'espérance d'une vie sans fin auprès de Toi."
1,5,8,en,"912 years: Seth's lifespan, slightly shorter than Adam's (930 years, v. 5), begins a general trend — though not strictly linear — of gradually decreasing lifespans across the generations listed in this chapter.","This slow decline in longevity, felt across the whole chapter, can be read as an image of growing distance from the garden of Eden and the unending life it represented.","Whether these numbers are read literally or symbolically, the idea of a gradual weakening of the human condition, further from its origin, remains an intuition shared by many ancient traditions.","Lord, even in a world marked by growing frailty, keep alive in me the hope of unending life with you."
1,5,9,fr,"Enosch, dont le nom signifie « mortel, fragile » (voir 4,26), engendre à son tour un fils nommé Kénan — dont le sens exact reste incertain, peut-être apparenté à un mot signifiant « acquisition » ou « métallurgiste » selon différentes hypothèses philologiques.","Que le nom même du père signifie « fragilité » n'empêche pas la vie de continuer à se transmettre : la conscience de sa propre finitude, loin d'être un obstacle, accompagne fidèlement la poursuite de la bénédiction de fécondité.","Reconnaître sa propre fragilité tout en continuant d'espérer, de bâtir, de transmettre, est une tension féconde que ce nom porte à lui seul depuis les origines de l'humanité.","Seigneur, dans ma propre fragilité reconnue, donne-moi malgré tout la force de continuer à transmettre le meilleur de ce que j'ai reçu."
1,5,9,en,"Enosh, whose name means ""mortal, frail"" (see 4:26), in turn fathers a son named Kenan — whose exact meaning remains uncertain, perhaps related to a word for ""acquisition"" or ""metalworker,"" according to different philological hypotheses.","That the father's very name means ""frailty"" does not stop life from continuing to be passed on: awareness of one's own finitude, far from an obstacle, faithfully accompanies the ongoing blessing of fruitfulness.","Acknowledging one's own frailty while continuing to hope, to build, to pass life on is a fruitful tension this name alone has carried since the dawn of humanity.","Lord, in my own acknowledged frailty, give me the strength nonetheless to keep passing on the best of what I have received."
1,5,10,fr,"Le chapitre garde, verset après verset, une structure rigoureusement identique — âge à la naissance du fils, années vécues ensuite, fils et filles engendrés, âge total, mort — un style formulaire caractéristique des généalogies du Proche-Orient ancien.","Cette répétition presque monotone n'est pas un défaut littéraire mais un choix théologique : elle inscrit chaque génération dans une même trame stable et fiable, celle de la fidélité continue de Dieu à travers le temps.","La répétition rituelle — dans une liturgie, une prière quotidienne, une routine familiale — porte souvent la même fonction que cette structure généalogique : elle ancre la vie dans une stabilité rassurante plutôt que dans la seule nouveauté.","Seigneur, apprends-moi à trouver, dans la répétition fidèle de mes jours, une forme de prière plutôt qu'une lassitude."
1,5,10,en,"Verse after verse, the chapter keeps a rigorously identical structure — age at the son's birth, years lived afterward, sons and daughters fathered, total age, death — a formulaic style typical of ancient Near Eastern genealogies.","This almost monotonous repetition is not a literary flaw but a theological choice: it sets every generation within the same stable, reliable frame — God's continuous faithfulness across time.","Ritual repetition — in a liturgy, a daily prayer, a family routine — often serves the same function as this genealogical structure: it anchors life in reassuring stability rather than in novelty alone.","Lord, teach me to find, in the faithful repetition of my days, a form of prayer rather than weariness."
1,5,11,fr,"905 ans : la longévité continue de diminuer légèrement de génération en génération, sans toutefois suivre une courbe strictement régulière — une observation qui a nourri de nombreuses hypothèses, sans qu'aucune lecture ne s'impose de façon certaine.","Le texte ne s'attarde jamais sur les circonstances de la mort, seulement sur sa certitude : ce qui compte pour l'auteur biblique n'est pas comment on meurt, mais comment on a vécu et transmis entre-temps.","Recentrer l'attention sur la manière dont une vie a été remplie plutôt que sur les circonstances de sa fin est une sagesse que ce chapitre, par sa sobriété même, transmet en creux.","Seigneur, que ma vie compte moins par sa durée que par ce que j'aurai su y accomplir et transmettre avec Toi."
1,5,11,en,"905 years: longevity keeps slightly decreasing generation by generation, though not along a strictly regular curve — an observation that has fed many hypotheses, with no single reading gaining certain acceptance.","The text never dwells on the circumstances of death, only on its certainty: what matters to the biblical author is not how one dies, but how one lived and passed things on in the meantime.","Refocusing attention on how a life was filled rather than on the circumstances of its end is a wisdom this chapter, through its very sobriety, quietly hands down.","Lord, may my life matter less for its length than for what I will have managed to accomplish and pass on with you."
1,5,12,fr,"Mahalaleel signifie « louange de Dieu » (de halal, louer, et El, Dieu) : au cœur d'une liste généalogique très sobre, certains noms portent déjà, comme celui-ci, une profession de foi implicite de la part des parents qui les ont choisis.","Nommer un enfant « louange de Dieu » au sein même d'une humanité déjà marquée par la faute et la mortalité est un acte d'espérance : la foi ne cesse jamais totalement, même dans les générations les plus effacées de l'histoire.","Le choix d'un prénom porteur de sens religieux, pratique universelle à travers les cultures et les siècles, prolonge aujourd'hui encore ce même geste de foi transmis dès les premières générations bibliques.","Seigneur, que ma vie tout entière devienne, comme ce nom l'annonce, une louange vivante adressée à Toi."
1,5,12,en,"Mahalalel means ""praise of God"" (from halal, to praise, and El, God): amid a very sober genealogical list, some names, like this one, already carry an implicit profession of faith from the parents who chose them.","Naming a child ""praise of God"" within a humanity already marked by sin and mortality is an act of hope: faith never fully ceases, even in history's most obscure generations.","Choosing a name carrying religious meaning, a universal practice across cultures and centuries, still carries forward today the same act of faith handed down from the earliest biblical generations.","Lord, may my whole life become, as this name announces, a living praise offered to you."
1,5,13,fr,"Le texte hébreu de ce verset ne porte pas la ponctuation finale habituelle (« puis il mourut »), reportée seulement au verset suivant : un détail de construction qui montre que la formule complète s'étend parfois sur deux versets sans en changer le sens global.","La continuité du texte, verset après verset sans rupture de sens, illustre la continuité même de la vie transmise génération après génération, sans interruption depuis Adam.","Certaines réalités importantes de la vie — l'éducation d'un enfant, la construction d'une œuvre, la fidélité d'un engagement — ne se bouclent jamais en un seul instant mais s'étendent, comme ce verset, sur la durée.","Seigneur, donne-moi la patience de laisser certaines choses importantes de ma vie s'accomplir sur la durée, sans chercher à tout conclure trop vite."
1,5,13,en,"The Hebrew text of this verse does not carry the usual closing punctuation (""then he died""), held back to the following verse: a construction detail showing that the full formula sometimes spans two verses without changing its overall meaning.","The text's continuity, verse after verse without a break in meaning, mirrors the very continuity of life passed on generation after generation, unbroken since Adam.","Some important realities of life — raising a child, building a body of work, the faithfulness of a commitment — never wrap up in a single instant but unfold, like this verse, over time.","Lord, give me the patience to let some important things in my life unfold over time, without rushing to conclude everything too soon."
1,5,14,fr,"910 ans pour Kénan : la liste continue son décompte méthodique, rappelant que malgré la diversité des noms et des histoires suggérées, chaque génération partage finalement le même sort commun — vivre, engendrer, mourir.","Ce dénominateur commun de la mortalité, partagé par tous sans exception dans ce chapitre, prépare en creux le contraste saisissant du verset 24 : Hénoc, seul de toute la liste, échappera à cette formule répétée.","Se rappeler que la condition mortelle est universellement partagée, sans distinction de statut ou de génération, reste un puissant nivellement contre toute prétention à l'exception ou au privilège personnel.","Seigneur, dans ma condition mortelle partagée avec tous, aide-moi à vivre avec humilité et solidarité envers chacun."
1,5,14,en,"910 years for Kenan: the list continues its methodical count, a reminder that despite the variety of names and suggested stories, every generation ultimately shares the same common fate — to live, to father, to die.","This common denominator of mortality, shared by all without exception in this chapter, quietly prepares the striking contrast of verse 24: Enoch, alone in the whole list, will escape this repeated formula.","Remembering that the mortal condition is universally shared, regardless of status or generation, remains a powerful leveler against any claim to exception or personal privilege.","Lord, in my mortal condition shared with everyone, help me live with humility and solidarity toward each person."
1,5,15,fr,"« Jéred » (Yered) vient d'une racine signifiant « descendre » : selon une tradition juive ancienne, ce nom serait lié à la descente des « fils de Dieu » évoquée plus tard en Genèse 6,1-4, bien que le lien reste incertain et discuté.","Que le sens d'un nom soit incertain ou même sombre ne l'empêche jamais de porter, dans la lignée bénie de Seth, la même promesse de vie et de bénédiction transmise depuis Adam.","L'incertitude philologique de nombreux noms bibliques anciens rappelle utilement les limites de toute reconstruction historique précise, sans que cela affaiblisse pour autant le sens théologique global du texte.","Seigneur, même quand le sens de ma propre histoire m'échappe en partie, garde-moi confiant dans la promesse de vie que tu m'as donnée."
1,5,15,en,"""Jared"" (Yered) comes from a root meaning ""to go down"": according to an ancient Jewish tradition, this name would be linked to the descent of the ""sons of God"" mentioned later in Genesis 6:1-4, though the connection remains uncertain and disputed.","That a name's meaning is uncertain, or even dark, never stops it from carrying, within Seth's blessed line, the same promise of life and blessing passed down since Adam.","The philological uncertainty surrounding many ancient biblical names is a useful reminder of the limits of any precise historical reconstruction, without weakening the text's overall theological meaning.","Lord, even when the meaning of my own story partly escapes me, keep me confident in the promise of life you have given me."
1,5,16,fr,"Ce verset marque le point médian de la généalogie, entre Adam et Noé : cinq générations précèdent Jéred, quatre le suivront avant d'atteindre Noé — une structure numériquement équilibrée typique du soin littéraire porté à ce chapitre.","L'équilibre presque mathématique de cette généalogie, loin d'être un hasard, signale le soin méticuleux avec lequel l'auteur biblique construit l'histoire du salut, génération après génération, vers son but.","Percevoir une structure et un ordre même dans une simple liste généalogique invite à chercher, dans nos propres histoires familiales souvent perçues comme un pur hasard, une cohérence plus grande qu'il n'y paraît.","Seigneur, aide-moi à croire qu'il y a un ordre et un sens dans l'histoire de ma propre famille, même quand je ne le perçois pas immédiatement."
1,5,16,en,"This verse marks the genealogy's midpoint between Adam and Noah: five generations precede Jared, four will follow before reaching Noah — a numerically balanced structure typical of the literary care given to this chapter.","The near-mathematical balance of this genealogy, far from accidental, signals the meticulous care with which the biblical author builds the history of salvation, generation by generation, toward its goal.","Perceiving structure and order even in a simple genealogical list invites us to look, in our own family histories often seen as pure chance, for a coherence greater than it first appears.","Lord, help me believe there is an order and a meaning in my own family's history, even when I cannot see it right away."
1,5,17,fr,"895 ans : Mahalaleel a la longévité la plus courte de tous les patriarches nommés avant le déluge, hormis Hénoc (365 ans, v. 23) dont le cas, on le verra, est d'une tout autre nature.",Même la plus courte des longévités patriarcales de ce chapitre dépasse de loin toute vie humaine ordinaire aujourd'hui : un rappel que la mesure du temps de Dieu ne coïncide jamais simplement avec nos propres échelles.,"Comparer les longévités entre elles, comme le fait ce verset presque en passant, invite à relativiser toute course à la performance — y compris celle, très contemporaine, de vouloir vivre toujours plus longtemps à tout prix.","Seigneur, que la durée de ma vie compte moins à mes yeux que sa fidélité à Toi, quelle qu'en soit la longueur."
1,5,17,en,"895 years: Mahalalel has the shortest lifespan of all the patriarchs named before the flood, except Enoch (365 years, v. 23), whose case, as we will see, is of an altogether different nature.",Even the shortest of this chapter's patriarchal lifespans far exceeds any ordinary human life today: a reminder that God's measure of time never simply matches our own scales.,"Comparing lifespans against one another, as this verse almost casually does, invites us to keep in perspective any race for performance — including the very contemporary drive to live ever longer at any cost.","Lord, may the length of my life matter less to me than its faithfulness to you, however long or short it is."
1,5,18,fr,"Jéred engendre Hénoc — un nom identique à celui du fils de Caïn (4,17), rappel que les deux lignées, bien que séparées, continuent de partager un même trésor de noms communs, signe d'une humanité toujours unique malgré sa division.","Que deux lignées si différentes — celle de la violence et celle de la fidélité — partagent les mêmes noms rappelle qu'elles restent, malgré tout, une seule et même famille humaine issue d'un seul Adam.",Reconnaître une humanité commune même à travers des choix de vie radicalement opposés est un antidote biblique ancien à toute tentation de déshumaniser ceux qui empruntent un chemin différent du nôtre.,"Seigneur, aide-moi à reconnaître l'humanité commune de tous, même de ceux dont les choix diffèrent profondément des miens."
1,5,18,en,"Jared fathers Enoch — a name identical to Cain's son (4:17), a reminder that the two lines, though separated, keep sharing a treasury of common names, a sign of a humanity still one despite its division.","That two such different lines — one of violence, one of faithfulness — share the same names recalls that they remain, in spite of everything, one single human family descended from one Adam.",Recognizing a common humanity even across radically opposed life choices is an ancient biblical antidote to any temptation to dehumanize those who walk a different path from our own.,"Lord, help me recognize the common humanity of all, even of those whose choices differ deeply from my own."
1,5,19,fr,"800 ans après la naissance d'Hénoc : ce verset prépare, par sa sobriété même, le contraste saisissant qui va suivre — car c'est précisément ce fils, Hénoc, qui va rompre pour la première fois la formule répétée de ce chapitre.","L'attente créée par la structure répétitive du texte rend d'autant plus frappant ce qui va suivre : le lecteur, habitué au refrain « puis il mourut », est préparé à une surprise théologique majeure.","La répétition, en littérature comme dans la vie spirituelle, prépare souvent le terrain pour un moment de rupture d'autant plus significatif qu'il tranche avec l'habitude établie.","Seigneur, garde-moi attentif aux ruptures que tu introduis parfois dans la routine de ma vie — elles portent souvent un sens plus grand qu'il n'y paraît."
1,5,19,en,"800 years after Enoch's birth: this verse's very sobriety prepares the striking contrast to come — for it is precisely this son, Enoch, who will for the first time break the chapter's repeated formula.","The expectation built by the text's repetitive structure makes what follows all the more striking: the reader, used to the refrain ""then he died,"" is being prepared for a major theological surprise.","Repetition, in literature as in the spiritual life, often prepares the ground for a moment of rupture made all the more significant by how sharply it breaks with established habit.","Lord, keep me attentive to the breaks you sometimes introduce into the routine of my life — they often carry more meaning than they first appear to."
1,5,20,fr,"962 ans : Jéred atteint la deuxième plus grande longévité de la liste après Metuschélah (969 ans, v. 27) — un chiffre qui, selon certaines lectures numérologiques juives anciennes, entretiendrait un lien symbolique avec le déluge à venir.","La grande longévité de Jéred, père d'Hénoc, peut se lire comme un cadre providentiel : une génération de stabilité qui précède et prépare celle d'Hénoc, marquée par une intimité particulière avec Dieu.","Certaines périodes de stabilité, en apparence ordinaires, préparent souvent en silence les moments les plus décisifs de l'histoire — une leçon valable autant à l'échelle des familles qu'à celle des nations.","Seigneur, dans les périodes stables et ordinaires de ma vie, prépare en moi ce que tu veux accomplir demain."
1,5,20,en,"962 years: Jared reaches the second-greatest lifespan on the list after Methuselah (969 years, v. 27) — a number that, according to some ancient Jewish numerological readings, would carry a symbolic link to the coming flood.","Jared's great longevity, as Enoch's father, can be read as a providential framing: a generation of stability preceding and preparing the one marked by a particular intimacy with God.","Certain periods of stability, seemingly ordinary, often quietly prepare history's most decisive moments — a lesson as valid for families as for nations.","Lord, in the stable, ordinary seasons of my life, prepare in me what you want to accomplish tomorrow."
1,5,21,fr,"Hénoc engendre Metuschélah à 65 ans — l'âge le plus jeune de tous les patriarches de la liste au moment d'avoir son premier fils nommé, signe peut-être d'une vie tout entière orientée, dès le départ, vers une intimité précoce avec Dieu.","Ce verset ouvre les trois versets les plus célèbres du chapitre : la vie d'Hénoc, unique dans toute cette généalogie, va rompre la formule répétée pour révéler une destinée d'un tout autre ordre.","Que la sainteté la plus remarquable de tout le chapitre naisse précisément au moment de devenir père interroge notre propre manière de vivre la paternité et la maternité comme un chemin spirituel à part entière, non comme une parenthèse.","Seigneur, que la naissance de mes propres responsabilités — familiales ou autres — devienne pour moi, comme pour Hénoc, un chemin plus profond vers Toi."
1,5,21,en,"Enoch fathers Methuselah at 65 — the youngest age of any patriarch on the list at the birth of his named first son, perhaps a sign of a whole life oriented, from the start, toward an early intimacy with God.","This verse opens the chapter's three most famous verses: Enoch's life, unique in this whole genealogy, is about to break the repeated formula and reveal a destiny of an entirely different order.","That the chapter's most remarkable holiness begins precisely at the moment of becoming a father challenges our own way of living fatherhood and motherhood as a spiritual path in its own right, not a parenthesis.","Lord, may the arrival of my own responsibilities — family or otherwise — become for me, as it did for Enoch, a deeper path toward you."
1,5,22,fr,"« Marcher avec Dieu » (hithalek et ha-Elohim) est une expression rare dans la Bible hébraïque, employée seulement pour Hénoc et pour Noé (6,9) : elle désigne une communion intime et continue, bien au-delà d'une simple obéissance ponctuelle.","Contrairement à tous les autres patriarches de la liste, dont on dit seulement qu'ils « vécurent », le texte précise qu'Hénoc « marcha avec Dieu » : une qualité de relation, non seulement une durée de vie, distingue désormais sa biographie.","« Marcher avec » suggère un mouvement partagé, un compagnonnage de chaque instant plutôt qu'une pratique religieuse ponctuelle : une image particulièrement parlante pour une spiritualité vécue au quotidien plutôt que réservée à des moments isolés.","Seigneur, apprends-moi à marcher avec Toi au fil de mes journées ordinaires, et non seulement lors de mes prières formelles."
1,5,22,en,"""Walked with God"" (hithalek et ha-Elohim) is a rare expression in the Hebrew Bible, used only of Enoch and, later, of Noah (6:9): it describes an intimate, continuous communion, far beyond mere occasional obedience.","Unlike every other patriarch on the list, of whom the text says only that they ""lived,"" it specifies that Enoch ""walked with God"": a quality of relationship, not just a length of years, now defines his story.","""Walking with"" suggests a shared movement, a companionship of every moment rather than an occasional religious practice — a particularly vivid image for a spirituality lived daily rather than reserved for isolated moments.","Lord, teach me to walk with you through my ordinary days, not only during my formal prayers."
1,5,23,fr,"365 ans : durée remarquablement plus courte que celle de tous les autres patriarches de la liste, et qui correspond, par une coïncidence frappante, au nombre de jours d'une année solaire — un détail qui a nourri d'anciennes spéculations calendaires et astronomiques juives autour de la figure d'Hénoc.","Une vie plus courte que toutes les autres, mais d'une qualité si singulière qu'elle échappera à la mort elle-même (v. 24) : le texte suggère déjà que la durée d'une vie importe moins que son intimité avec Dieu.","Ce contraste entre brièveté et intensité invite à repenser la réussite d'une vie non par sa seule longueur, mais par la profondeur de la relation qui l'a habitée — un critère radicalement différent de celui de nos sociétés de performance.","Seigneur, que la profondeur de ma relation avec Toi compte davantage à mes yeux que la seule longueur de mes jours."
1,5,23,en,"365 years: a strikingly shorter span than any other patriarch on the list, and one that, by a striking coincidence, matches the number of days in a solar year — a detail that fed ancient Jewish calendrical and astronomical speculation about Enoch.","A life shorter than all the others, yet of such singular quality that it will escape death itself (v. 24): the text already suggests that a life's length matters less than its intimacy with God.","This contrast between brevity and intensity invites us to rethink a life's success not by its length alone, but by the depth of relationship that filled it — a radically different measure than our performance-driven societies use.","Lord, may the depth of my relationship with you matter more to me than the mere length of my days."
1,5,24,fr,"« Il ne fut plus, parce que Dieu le prit » : formule unique dans toute la généalogie, qui rompt délibérément le refrain « puis il mourut » répété huit fois ailleurs dans ce chapitre — Hénoc est le seul patriarche antédiluvien dont la mort n'est jamais mentionnée.","La tradition juive et chrétienne a très tôt lu ce verset comme une translation directe vers Dieu, sans passer par la mort : Hénoc devient ainsi, avec le prophète Élie plus tard (2 Rois 2,11), l'une des rares figures bibliques enlevées vivantes auprès de Dieu.","Cette exception unique au sein d'une longue liste de morts annoncées maintient ouverte, dès les tout premiers chapitres de la Bible, la possibilité d'une communion avec Dieu plus forte que la mort elle-même — une espérance que la résurrection du Christ viendra pleinement accomplir.","Seigneur, comme Hénoc a marché avec toi jusqu'à ne plus jamais te quitter, conduis-moi à une communion avec toi plus forte que la mort."
1,5,24,en,"""He was not, for God took him"": a unique formula in the whole genealogy, deliberately breaking the refrain ""then he died"" repeated eight times elsewhere in this chapter — Enoch is the only pre-flood patriarch whose death is never mentioned.","Jewish and Christian tradition very early read this verse as a direct translation to God, bypassing death: Enoch thus becomes, with the prophet Elijah later (2 Kings 2:11), one of the rare biblical figures taken up alive to God.","This one exception within a long list of announced deaths keeps open, from the Bible's very first chapters, the possibility of a communion with God stronger than death itself — a hope Christ's resurrection will fully fulfill.","Lord, as Enoch walked with you until he never left you again, lead me toward a communion with you stronger than death."
1,5,25,fr,"« Metuschélah » (Metushelah) signifierait, selon une hypothèse philologique répandue, « homme du javelot » ou, selon une autre lecture, contiendrait une allusion au déluge à venir (shalah, « envoyer ») : son nom deviendra proverbial pour désigner la plus grande longévité humaine jamais rapportée.","Fils d'Hénoc, l'homme qui a marché avec Dieu, Metuschélah hérite d'une bénédiction de longévité exceptionnelle — comme si la fidélité du père rejaillissait, d'une certaine manière, sur la vie du fils.","L'expression « vieux comme Metuschélah », passée dans le langage courant bien au-delà du cercle religieux, témoigne de la portée culturelle durable de ce texte ancien, des millénaires après sa rédaction.","Seigneur, que la fidélité que je vis aujourd'hui porte du fruit, d'une manière ou d'une autre, dans la vie de ceux qui viendront après moi."
1,5,25,en,"""Methuselah"" (Metushelah), according to one common philological hypothesis, may mean ""man of the javelin,"" or, on another reading, may contain an allusion to the coming flood (shalah, ""to send""): his name would become proverbial for the greatest human longevity ever recorded.","Son of Enoch, the man who walked with God, Methuselah inherits an exceptional blessing of longevity — as if the father's faithfulness overflowed, in some way, into the life of the son.","The phrase ""old as Methuselah,"" passed into everyday language far beyond religious circles, testifies to the lasting cultural reach of this ancient text, millennia after it was written.","Lord, may the faithfulness I live today bear fruit, in one way or another, in the lives of those who come after me."
1,5,26,fr,"782 ans vécus après la naissance de Lémec : selon les calculs traditionnels établis à partir des chiffres cumulés de ce chapitre, la mort de Metuschélah coïnciderait précisément avec l'année du déluge (Genèse 7,6) — un rapprochement chronologique frappant, souligné par de nombreux commentateurs juifs anciens.","Que la vie la plus longue jamais enregistrée s'achève précisément à l'aube du jugement par le déluge suggère une forme de patience et de miséricorde divines : Dieu attend, autant qu'il est possible, avant de laisser advenir le jugement.","La patience divine, qui retarde le jugement autant que possible, trouve un écho dans l'invitation chrétienne à ne jamais désespérer de la conversion possible d'une personne ou d'une situation, jusqu'au dernier moment.","Seigneur, donne-moi la patience que tu montres toi-même, en n'abandonnant jamais l'espérance sur quiconque, jusqu'au dernier instant."
1,5,26,en,"782 years lived after Lamech's birth: according to traditional calculations based on this chapter's cumulative numbers, Methuselah's death would coincide precisely with the year of the flood (Genesis 7:6) — a striking chronological convergence, noted by many ancient Jewish commentators.","That the longest life ever recorded ends exactly at the dawn of the flood's judgment suggests a form of divine patience and mercy: God waits, as long as possible, before allowing judgment to fall.","Divine patience, which delays judgment as long as possible, echoes the Christian call never to despair of a person's or a situation's possible conversion, until the very last moment.","Lord, give me the patience you yourself show, never giving up hope for anyone, until the very last moment."
1,5,27,fr,"969 ans : la plus grande longévité jamais rapportée dans toute la Bible, un record qu'aucun autre personnage biblique, avant ou après le déluge, ne dépassera jamais — un sommet numérique qui clôt symboliquement l'âge d'or de la longévité antédiluvienne.","Après le déluge, la longévité humaine diminuera drastiquement (Genèse 11) : Metuschélah marque ainsi, par sa mort, la fin d'une époque et le seuil d'un monde nouveau, profondément transformé par le jugement à venir.","Ce record jamais égalé rappelle, par contraste, la brièveté bien réelle de la vie humaine telle que nous la connaissons aujourd'hui — et invite, sans nostalgie stérile, à donner à chaque jour reçu toute sa valeur.","Seigneur, aide-moi à donner toute sa valeur à chaque jour que tu m'accordes, sans en regretter la brièveté."
1,5,27,en,"969 years: the greatest longevity ever recorded in the whole Bible, a record no other biblical figure, before or after the flood, will ever surpass — a numerical peak that symbolically closes the golden age of pre-flood longevity.","After the flood, human longevity will drop sharply (Genesis 11): Methuselah's death thus marks the end of an era and the threshold of a new world, deeply transformed by the coming judgment.","This never-equaled record recalls, by contrast, the very real brevity of human life as we know it today — and invites us, without empty nostalgia, to give full value to every day we are given.","Lord, help me give full value to every day you grant me, without regretting its brevity."
1,5,28,fr,"Ce Lémec, descendant de Seth, porte le même nom que le Lémec violent de la lignée de Caïn (4,18-24) : une homonymie frappante entre les deux lignées, qui invite à ne jamais juger une personne sur son seul nom, mais sur le fruit de sa vie.","Alors que le Lémec de Caïn chantait la vengeance disproportionnée (4,23-24), ce Lémec-ci va prononcer, au verset suivant, une parole de consolation et d'espérance : deux hommes de même nom, deux destinées radicalement opposées.","Ce contraste entre deux hommes du même nom rappelle qu'aucune identité — un nom, une origine, une réputation familiale — ne détermine à elle seule le caractère ou la destinée d'une personne.","Seigneur, que je sois jugé, comme ce Lémec, non par le poids d'un nom ou d'une réputation, mais par le fruit réel de ma vie."
1,5,28,en,"This Lamech, a descendant of Seth, bears the same name as the violent Lamech of Cain's line (4:18-24): a striking homonymy between the two lines, inviting us never to judge a person by name alone, but by the fruit of their life.","While Cain's Lamech sang of disproportionate revenge (4:23-24), this Lamech will speak, in the next verse, a word of consolation and hope: two men with the same name, two radically opposite destinies.","This contrast between two men of the same name reminds us that no identity — a name, an origin, a family reputation — determines on its own a person's character or destiny.","Lord, may I be judged, like this Lamech, not by the weight of a name or a reputation, but by the real fruit of my life."
1,5,29,fr,"« Noé » (Noah) est rapproché par jeu de mots du verbe nahum, « consoler » : Lémec prophétise, sans le savoir pleinement, le rôle que jouera son fils, sauveur du reste de l'humanité et instaurateur d'un monde nouveau après le déluge.","Cette parole d'espérance prononcée au cœur même d'une humanité toujours marquée par la malédiction du sol (3,17) annonce, bien avant l'événement, le repos et le soulagement que Noé apportera véritablement — d'une manière que Lémec ne pouvait pas encore mesurer.","Espérer et nommer prophétiquement, sans en connaître d'avance toute la portée, un avenir meilleur pour ceux qui viennent après nous, reste un geste de foi profondément actuel face à toute génération qui semble marquée par l'épreuve.","Seigneur, donne-moi d'espérer, comme Lémec, un avenir de consolation pour ceux qui viendront après moi, même sans en connaître d'avance tous les détails."
1,5,29,en,"""Noah"" is linked by wordplay to the verb nacham, ""to comfort"": Lamech prophesies, without fully knowing it, the role his son will play — savior of the remnant of humanity and founder of a new world after the flood.","This word of hope, spoken at the very heart of a humanity still marked by the curse of the ground (3:17), announces, well ahead of the event, the rest and relief Noah will truly bring — in a way Lamech could not yet measure.","Hoping for, and prophetically naming, a better future for those who come after us, without knowing its full scope in advance, remains a deeply present-day act of faith for any generation that feels marked by trial.","Lord, grant me, like Lamech, to hope for a future of comfort for those who come after me, even without knowing all its details in advance."
1,5,30,fr,"595 ans vécus après la naissance de Noé : cette longévité, en légère diminution par rapport aux générations précédentes, confirme la tendance générale amorcée depuis Adam, sans pour autant rompre brutalement avec elle avant le déluge.","La vie continue de se transmettre, génération après génération, jusqu'au seuil même du jugement annoncé : Dieu ne cesse jamais de bénir la fécondité humaine, même à l'approche des heures les plus sombres de l'histoire biblique.","Continuer à fonder une famille, à transmettre la vie, même dans un contexte d'incertitude ou de crise annoncée, reste un acte de foi et d'espérance que ce verset, discrètement, met en lumière.","Seigneur, aide-moi à continuer de transmettre la vie et l'espérance, même dans les périodes les plus incertaines."
1,5,30,en,"595 years lived after Noah's birth: this lifespan, slightly shorter than the preceding generations, confirms the general trend under way since Adam, without breaking sharply from it before the flood.","Life keeps being passed on, generation after generation, right up to the very threshold of the announced judgment: God never stops blessing human fruitfulness, even as history's darkest hours draw near.","Continuing to start a family, to pass on life, even amid announced uncertainty or crisis, remains an act of faith and hope this verse quietly brings to light.","Lord, help me keep passing on life and hope, even in the most uncertain seasons."
1,5,31,fr,"777 ans : dernier chiffre de longévité de la liste avant l'arrivée de Noé lui-même, dont l'âge sera mentionné séparément (v. 32) au moment précis où commence le récit du déluge — la généalogie proprement dite s'achève ici.","Ce nombre 777, par sa composition symbolique (le chiffre sept, souvent associé à la perfection ou à l'achèvement dans la Bible, répété trois fois), clôt de façon presque solennelle cette première grande généalogie de l'humanité.","Que la liste se referme sur un chiffre d'une telle harmonie symbolique, juste avant l'irruption du récit du déluge, rappelle que même les généalogies les plus arides portent, pour qui sait les lire, une intention littéraire et théologique soignée.","Seigneur, aide-moi à percevoir, même dans les pages les plus arides de ma propre histoire, la trace patiente de ta présence."
1,5,31,en,"777 years: the last longevity figure on the list before Noah's own arrival, whose age will be mentioned separately (v. 32) at the exact moment the flood narrative begins — the genealogy proper ends here.","This number 777, through its symbolic composition (the number seven, often tied in the Bible to perfection or completion, repeated three times), closes this first great genealogy of humanity in an almost solemn way.","That the list closes on a number of such symbolic harmony, just before the flood narrative erupts, reminds us that even the driest genealogies carry, for those who know how to read them, a careful literary and theological intention.","Lord, help me perceive, even in the driest pages of my own story, the patient trace of your presence."
1,5,32,fr,"Noé, âgé de cinq cents ans, engendre trois fils : Sem, Cham et Japhet, dont les noms et les destinées rempliront tout le chapitre 10, après le déluge, comme origine de l'ensemble des peuples connus de l'auteur biblique.","En clôturant la généalogie de Seth sur ces trois noms, le texte prépare directement le récit du déluge et, au-delà, celui de la re-création d'une humanité entièrement nouvelle, issue d'une seule famille sauvée des eaux.","Ce dernier verset fait le pont entre deux mondes : celui, ancien, de la généalogie antédiluvienne qui s'achève, et celui, à venir, du monde re-fondé après le jugement — une charnière discrète mais décisive du récit biblique.","Seigneur, comme tu as préparé Noé et ses fils pour un monde nouveau, prépare-moi moi aussi pour ce que tu veux accomplir à travers ma propre vie."
1,5,32,en,"Noah, five hundred years old, fathers three sons: Shem, Ham, and Japheth, whose names and destinies will fill all of chapter 10, after the flood, as the origin of all the peoples known to the biblical author.","By closing Seth's genealogy on these three names, the text directly prepares the flood narrative and, beyond it, the re-creation of an entirely new humanity, descended from one family saved from the waters.","This final verse bridges two worlds: the old one, the pre-flood genealogy now ending, and the one to come, the world re-founded after judgment — a quiet but decisive hinge in the biblical narrative.","Lord, as you prepared Noah and his sons for a new world, prepare me too for what you want to accomplish through my own life."
1,6,1,fr,"Ce verset ouvre l'un des passages les plus énigmatiques de toute la Genèse : la multiplication de l'humanité, bénédiction du chapitre 1, devient ici le cadre d'un récit de corruption grandissante qui va culminer dans le jugement du déluge.","La croissance numérique de l'humanité, en elle-même bonne (1,28), s'accompagne ici d'une dégradation morale : la quantité ne garantit jamais, à elle seule, la qualité d'une vie tournée vers Dieu.","La croissance démographique ou économique d'une société ne dit jamais, à elle seule, la santé morale ou spirituelle de cette société — une nuance que ce verset introduit dès l'ouverture du chapitre.","Seigneur, que ma vie porte du fruit non seulement en abondance, mais surtout en fidélité à Toi."
1,6,1,en,"This verse opens one of the most enigmatic passages in all of Genesis: humanity's multiplication, a blessing in chapter 1, becomes here the setting for a story of growing corruption that will culminate in the flood's judgment.","Humanity's numerical growth, good in itself (1:28), is here accompanied by moral decline: quantity never, on its own, guarantees the quality of a life turned toward God.","A society's demographic or economic growth never says, on its own, whether that society is morally or spiritually healthy — a nuance this verse introduces right at the chapter's opening.","Lord, may my life bear fruit not only in abundance, but above all in faithfulness to you."
1,6,2,fr,"« Fils de Dieu » (benei ha-Elohim) a reçu, à travers l'histoire de l'interprétation, au moins trois lectures principales : des êtres angéliques déchus, les descendants pieux de Seth s'unissant aux filles de la lignée de Caïn, ou des rois et despotes anciens réclamant pour eux-mêmes un statut divin. Le texte lui-même reste volontairement bref et ne tranche pas.","Quelle que soit l'identité précise des « fils de Dieu », le geste décrit — « ils en prirent pour femmes parmi toutes celles qu'ils choisirent » — évoque une prise sans consentement ni limite, symptôme d'un monde où le désir ne connaît plus de frontière morale.","Le motif d'un désir sans limite, qui s'autorise à prendre ce qu'il veut sans considération pour l'autre, reste malheureusement d'une actualité brûlante — dans les rapports de pouvoir comme dans l'exploitation sexuelle.","Seigneur, garde mon désir de toute prétention à posséder l'autre. Apprends-moi le respect qui précède et dépasse tout désir."
1,6,2,en,"""Sons of God"" (benei ha-Elohim) has received, across the history of interpretation, at least three main readings: fallen angelic beings, the pious descendants of Seth intermarrying with Cain's line, or ancient kings and despots claiming divine status for themselves. The text itself stays deliberately brief and does not decide.","Whatever the precise identity of the ""sons of God,"" the act described — ""they took for themselves wives of all that they chose"" — suggests a taking with neither consent nor limit, a symptom of a world where desire no longer recognizes any moral boundary.","The pattern of a limitless desire that grants itself the right to take whatever it wants with no regard for the other remains, unfortunately, painfully relevant today — in power dynamics as in sexual exploitation.","Lord, guard my desire from any claim to possess another. Teach me the respect that comes before, and outlasts, every desire."
1,6,3,fr,"« Cent vingt ans » a été compris de deux façons principales : soit comme un délai de grâce avant le déluge (Noé aurait alors environ 480 ans à ce moment, puisqu'il a 600 ans au moment du déluge, 7,6), soit comme une nouvelle limite fixée à la durée de vie humaine — les deux lectures coexistant depuis l'Antiquité sans consensus définitif.","Même dans l'annonce d'un jugement, Dieu laisse un délai, un temps de grâce avant que la sentence ne s'accomplisse : la patience divine précède toujours son action, aussi grave soit-elle.","Accorder du temps avant de sanctionner, laisser une possibilité de changement avant que les conséquences ne deviennent irréversibles, reste un principe de justice que ce verset porte en germe, bien au-delà du seul contexte religieux.","Seigneur, merci pour le temps de grâce que tu m'accordes avant chaque conséquence de mes choix. Aide-moi à ne pas le gaspiller."
1,6,3,en,"""One hundred twenty years"" has been understood mainly in two ways: either as a grace period before the flood (Noah would then be about 480, since he is 600 at the time of the flood, 7:6), or as a new limit set on human lifespan — both readings have coexisted since antiquity, with no final consensus.","Even in announcing judgment, God leaves a delay, a time of grace before the sentence is carried out: divine patience always precedes God's action, however serious it is.","Granting time before sanctioning, leaving room for change before consequences become irreversible, remains a principle of justice this verse carries in seed form, far beyond its religious context alone.","Lord, thank you for the time of grace you grant me before every consequence of my choices. Help me not to waste it."
1,6,4,fr,"« Géants » traduit l'hébreu nephilim, terme dont l'étymologie précise reste débattue (peut-être lié au verbe naphal, « tomber ») ; le texte précise qu'ils existaient « en ces temps-là » et « après », suggérant qu'ils ne sont pas seulement le fruit de l'union décrite au verset 2, mais une réalité plus large et antérieure.","« Héros… fameux dans l'antiquité » évoque, avec une ironie discrète, les grandes épopées héroïques des cultures voisines d'Israël : la Genèse semble relativiser ces figures glorifiées ailleurs, les intégrant dans un récit de corruption plutôt que de gloire.","Relire d'un œil critique les grandes figures héroïques ou légendaires célébrées par une culture, en interrogeant ce qu'elles ont réellement laissé derrière elles, reste une démarche que ce verset invite déjà à adopter.","Seigneur, garde-moi d'admirer aveuglément la grandeur ou la renommée humaines, sans discernement sur ce qu'elles construisent réellement."
1,6,4,en,"""Nephilim"" is a term whose precise etymology remains debated (perhaps linked to the verb naphal, ""to fall""); the text notes they existed ""in those days"" and ""afterward,"" suggesting they are not merely the offspring of the union described in verse 2, but a wider, earlier reality.","""Mighty men... of renown"" evokes, with quiet irony, the great heroic epics of Israel's neighboring cultures: Genesis seems to deflate these figures glorified elsewhere, folding them into a story of corruption rather than glory.","Rereading, with a critical eye, the great heroic or legendary figures a culture celebrates, asking what they really left behind, is an approach this verse already invites us to take.","Lord, keep me from blindly admiring human greatness or fame, without discernment about what it truly builds."
1,6,5,fr,"« Toutes les pensées… chaque jour uniquement vers le mal » est l'une des formulations les plus radicales et absolues de toute la Bible sur la corruption humaine : non un mal occasionnel, mais une orientation totale et permanente du cœur.","Ce constat sévère prépare le jugement du déluge, mais annonce déjà, en creux, la nécessité d'une grâce qui ne dépendra plus de la seule bonne volonté humaine — un thème qui traversera toute l'Écriture jusqu'à la nouvelle naissance promise par le Christ.","Reconnaître honnêtement la profondeur du mal dont l'être humain est capable, sans naïveté ni cynisme excessif, reste une condition nécessaire à toute anthropologie réaliste, religieuse ou non.","Seigneur, sonde mon cœur et révèle-moi les pensées qui s'y cachent, afin que je puisse les t'offrir pour qu'elles soient transformées."
1,6,5,en,"""Every imagination of the thoughts of his heart... only evil continually"" is one of the most radical, absolute statements in the whole Bible about human corruption: not occasional wrongdoing, but a total, permanent orientation of the heart.","This severe assessment prepares the flood's judgment, but already hints, beneath the surface, at the need for a grace no longer dependent on human goodwill alone — a theme running through all of Scripture up to the new birth promised by Christ.","Honestly acknowledging the depth of evil human beings are capable of, without naivety or excessive cynicism, remains a necessary condition for any realistic anthropology, religious or not.","Lord, search my heart and show me the thoughts hidden there, so I can offer them to you to be transformed."
1,6,6,fr,"Ce verset, qui prête à Dieu un « repentir » et une « affliction du cœur », est l'un des textes les plus discutés de toute la théologie biblique sur l'impassibilité divine : un langage résolument anthropomorphique, qui exprime la réalité d'une relation blessée plutôt qu'un changement littéral de la nature immuable de Dieu.","Que Dieu soit décrit comme souffrant du mal commis par sa propre création révèle une vérité essentielle : l'amour divin n'est jamais indifférent, il est profondément affecté par ce qui blesse ceux qu'il aime.","L'image d'un Dieu affligé, et non simplement d'un juge froid et distant, transforme la manière dont on peut comprendre toute la suite du récit du déluge : le jugement naît de la douleur, non de la seule colère.","Seigneur, que mes propres choix ne t'affligent pas davantage. Que je Te donne plutôt des raisons de te réjouir."
1,6,6,en,"This verse, ascribing to God a ""regret"" and a ""grief of heart,"" is one of the most discussed texts in all biblical theology on divine impassibility: resolutely anthropomorphic language, expressing the reality of a wounded relationship rather than a literal change in God's unchanging nature.",That God is described as suffering over the evil committed by his own creation reveals an essential truth: divine love is never indifferent — it is deeply affected by whatever wounds those it loves.,"The image of a grieving God, rather than simply a cold, distant judge, reshapes how the rest of the flood narrative can be understood: judgment is born of sorrow, not of anger alone.","Lord, may my own choices grieve you no further. May I give you reasons to rejoice instead."
1,6,7,fr,"La destruction annoncée touche « l'homme… jusqu'au bétail, aux reptiles, et aux oiseaux du ciel » : le jugement, provoqué par le péché humain, s'étend à la création tout entière — un rappel que l'homme et le monde qui l'entoure demeurent, depuis Genèse 1, profondément solidaires.","La solidarité de la création avec le sort de l'homme, déjà présente dans la malédiction du sol après la faute (3,17), atteint ici son point culminant : le péché humain a des répercussions cosmiques, non seulement individuelles.","La crise écologique contemporaine, où les choix humains affectent l'ensemble du vivant, retrouve dans ce verset une intuition biblique ancienne : l'homme et la création partagent un même destin, pour le meilleur comme pour le pire.","Seigneur, aide-moi à mesurer combien mes choix affectent bien au-delà de moi-même — les autres, et la création tout entière."
1,6,7,en,"The destruction announced touches ""man... along with animals, creeping things, and birds of the sky"": judgment, triggered by human sin, extends to all of creation — a reminder that humanity and the world around it remain, since Genesis 1, deeply bound together.","Creation's solidarity with humanity's fate, already present in the curse of the ground after the fall (3:17), reaches here its high point: human sin has cosmic, not merely individual, repercussions.","Today's ecological crisis, where human choices affect all living things, echoes an ancient biblical intuition found in this verse: humanity and creation share one destiny, for better or worse.","Lord, help me grasp how far my choices reach beyond myself — to others, and to all of creation."
1,6,8,fr,"« Trouver grâce » (matsa hen) est la toute première occurrence de cette expression dans la Bible : au cœur même du jugement le plus radical du récit, elle introduit pour la première fois le vocabulaire de la grâce gratuite, non méritée par un mérite préalable explicitement énoncé.","Ce verset, à lui seul, renverse le mouvement de tout le chapitre : là où tout semblait se diriger vers une destruction totale et sans reste, un seul homme suffit à faire basculer l'histoire vers la préservation d'un reste et d'une espérance.",Qu'une seule personne juste puisse infléchir le cours d'une histoire collective marquée par la corruption généralisée reste un encouragement puissant contre tout fatalisme social ou historique.,"Seigneur, comme tu as regardé Noé avec grâce, regarde-moi aussi avec cette même bienveillance, quel que soit l'état du monde qui m'entoure."
1,6,8,en,"""Found favor"" (matsa hen) is the very first occurrence of this expression in the Bible: at the heart of the story's most radical judgment, it introduces for the first time the vocabulary of free grace, not earned by any previously stated merit.","This verse, on its own, reverses the whole chapter's momentum: where everything seemed headed toward total, remainderless destruction, one man alone is enough to tip history toward the preservation of a remnant and a hope.",That a single righteous person can shift the course of a collective history marked by widespread corruption remains a powerful encouragement against any social or historical fatalism.,"Lord, as you looked on Noah with favor, look on me too with that same kindness, whatever state the world around me is in."
1,6,9,fr,"« Juste et intègre » (tsaddiq tamim) associe deux qualités distinctes : la justice, relative à la conduite envers autrui, et l'intégrité, relative à la cohérence intérieure de la personne — Noé n'est donc pas seulement bon en actes, mais entier dans son être.","« Noé marchait avec Dieu », la même expression rare employée pour Hénoc (5,22.24) : Noé hérite, dans le récit, d'une qualité de relation avec Dieu déjà associée à une figure d'exception, préparant le lecteur à un rôle tout aussi décisif dans l'histoire du salut.","Être « intègre » — au sens de cohérent entre ses convictions profondes et ses actes visibles — reste une vertu rare et précieuse, particulièrement recherchée aujourd'hui dans un monde souvent marqué par le décalage entre discours et pratique.","Seigneur, donne-moi de marcher avec Toi comme Noé, avec une intégrité qui unifie mes convictions et mes actes."
1,6,9,en,"""Righteous"" and ""blameless"" (tsaddiq tamim) join two distinct qualities: righteousness, concerning conduct toward others, and blamelessness, concerning a person's inner coherence — Noah is thus not only good in his actions, but whole in his being.","""Noah walked with God"" — the same rare phrase used of Enoch (5:22, 24): the narrative gives Noah a quality of relationship with God already tied to an exceptional figure, preparing the reader for a role just as decisive in the history of salvation.","Being ""blameless"" — in the sense of coherent between deep convictions and visible actions — remains a rare, precious virtue, especially sought today in a world often marked by the gap between what is said and what is done.","Lord, grant me to walk with you as Noah did, with an integrity that unites my convictions and my actions."
1,6,10,fr,"Cette brève mention, reprise presque à l'identique du dernier verset du chapitre précédent (5,32), sert de transition et rappelle au lecteur, juste avant le récit du jugement, que la famille destinée à survivre est déjà pleinement constituée.","Le salut de Noé ne concerne jamais un individu isolé, mais toujours une famille entière : dès l'origine, l'histoire du salut biblique passe par des liens familiaux et communautaires, non par de purs individus séparés les uns des autres.","La dimension familiale et communautaire du salut, déjà présente ici, reste une intuition biblique précieuse face à toute tentation de réduire la foi à une affaire purement individuelle et privée.","Seigneur, que le salut que tu m'offres rejaillisse aussi sur ceux qui me sont proches — ma famille, mes amis, ma communauté."
1,6,10,en,"This brief mention, repeated almost identically from the previous chapter's last verse (5:32), serves as a transition, reminding the reader, just before the judgment narrative, that the family destined to survive is already fully formed.","Noah's salvation never concerns a lone individual, but always a whole family: from the very start, the biblical history of salvation runs through family and community bonds, not through isolated individuals.","The family and communal dimension of salvation, already present here, remains a precious biblical intuition against any temptation to reduce faith to a purely individual, private matter.","Lord, may the salvation you offer me overflow onto those close to me — my family, my friends, my community."
1,6,11,fr,« Corrompue » (shachat) et « violence » (hamas) forment les deux pôles du diagnostic biblique de la crise morale précédant le déluge : une dégradation intérieure profonde (corruption) qui se traduit extérieurement par des actes concrets destructeurs (violence).,"Ce même mot, hamas, reparaîtra tout au long de l'Écriture pour désigner l'injustice sociale la plus criante — celle qui écrase les faibles et les innocents — préparant le lecteur biblique à une lecture constante de la violence comme péché social majeur.","Corruption morale et violence sociale restent aujourd'hui encore intimement liées : aucune société ne devient durablement violente sans une corruption préalable, souvent progressive et peu visible, de ses valeurs les plus fondamentales.","Seigneur, garde mon cœur de toute corruption intérieure qui pourrait, tôt ou tard, se transformer en violence extérieure."
1,6,11,en,"""Corrupt"" (shachat) and ""violence"" (hamas) form the two poles of the biblical diagnosis of the moral crisis before the flood: a deep inward decay (corruption) expressed outwardly in concrete, destructive acts (violence).","This same word, hamas, will recur throughout Scripture to name the most glaring social injustice — the kind that crushes the weak and the innocent — preparing the biblical reader to consistently read violence as a major social sin.","Moral corruption and social violence remain closely tied together today: no society becomes lastingly violent without a prior, often gradual and barely visible, corruption of its most fundamental values.","Lord, guard my heart from every inward corruption that could, sooner or later, turn into outward violence."
1,6,12,fr,"« Toute chair » (kol basar) — expression qui reviendra constamment dans les chapitres du déluge — englobe l'ensemble du vivant, humains et animaux, soulignant l'universalité de la corruption qui touche, selon le texte, bien au-delà du seul genre humain.","Dieu « regarde » avant d'agir : le jugement biblique, ici comme ailleurs dans l'Écriture, n'est jamais un acte arbitraire ou précipité, mais toujours précédé d'une observation attentive et complète de la réalité.","Prendre le temps de regarder attentivement une situation avant de la juger ou d'y réagir, plutôt que de se précipiter, est une sagesse que ce verset, appliqué à Dieu lui-même, invite à imiter dans nos propres jugements humains.","Seigneur, donne-moi ton regard attentif et juste avant de porter mes propres jugements sur les situations et les personnes."
1,6,12,en,"""All flesh"" (kol basar) — an expression that will recur constantly through the flood chapters — encompasses all living things, human and animal alike, underlining the universality of the corruption which, according to the text, reaches far beyond humankind alone.","God ""looks"" before acting: biblical judgment, here as elsewhere in Scripture, is never an arbitrary or hasty act, but always preceded by a careful, complete observation of reality.","Taking the time to look carefully at a situation before judging it or reacting to it, rather than rushing, is a wisdom this verse, applied to God himself, invites us to imitate in our own human judgments.","Lord, give me your attentive, just gaze before I make my own judgments about situations and people."
1,6,13,fr,"C'est ici, pour la première fois du récit, que Dieu s'adresse directement à Noé : après avoir « vu » et « regardé » (v. 5, 12), Dieu passe maintenant à la parole et à l'action concrète, associant l'homme juste à l'exécution de son plan de salut.","Dieu ne détruit jamais sans annoncer d'abord et sans offrir un chemin de salut à celui qui a trouvé grâce : le jugement biblique s'accompagne toujours, structurellement, d'une possibilité de salut pour qui écoute et obéit.","Être averti à l'avance d'une conséquence, avec le temps et les moyens concrets d'y échapper, distingue un jugement juste d'une simple punition arbitraire — une distinction que ce récit pose dès ses fondements.","Seigneur, aide-moi à écouter tes avertissements avec la même confiance et la même obéissance que Noé."
1,6,13,en,"This is, for the first time in the narrative, where God speaks directly to Noah: having ""seen"" and ""looked"" (v. 5, 12), God now moves to speech and concrete action, joining the righteous man to the carrying out of his plan of salvation.","God never destroys without first announcing it and offering a path of salvation to the one who has found favor: biblical judgment is always, structurally, accompanied by a possibility of salvation for whoever listens and obeys.","Being warned in advance of a consequence, with time and concrete means to escape it, distinguishes a just judgment from mere arbitrary punishment — a distinction this story establishes from its very foundation.","Lord, help me heed your warnings with the same trust and obedience Noah showed."
1,6,14,fr,"« Bois de gopher » (gofer) n'apparaît qu'ici dans toute la Bible et son identification précise reste incertaine — peut-être une variété de conifère résineux, adaptée à l'étanchéité recherchée par l'usage de la poix mentionnée dans le même verset.","Le salut de Noé ne repose jamais sur une intervention purement miraculeuse et instantanée : Dieu demande un travail concret, minutieux et prolongé — la construction d'un vaisseau selon des instructions précises — associant pleinement l'obéissance humaine à l'œuvre divine.","La foi biblique n'oppose jamais grâce divine et effort humain concret : recevoir un salut promis par Dieu implique presque toujours, dans l'Écriture, une coopération active et laborieuse de la part de celui qui le reçoit.","Seigneur, donne-moi la persévérance de Noé pour accomplir, avec patience et minutie, ce que tu me demandes de construire dans ma propre vie."
1,6,14,en,"""Gopher wood"" appears only here in the whole Bible, and its precise identification remains uncertain — perhaps a resinous conifer, suited to the waterproofing sought through the pitch mentioned in the same verse.","Noah's salvation never rests on a purely miraculous, instant intervention: God asks for concrete, painstaking, sustained work — building a vessel to precise instructions — fully joining human obedience to the divine work.","Biblical faith never sets divine grace against concrete human effort: receiving a salvation promised by God almost always involves, in Scripture, an active, laborious cooperation from the one receiving it.","Lord, give me Noah's perseverance to carry out, with patience and care, what you ask me to build in my own life."
1,6,15,fr,"Trois cents coudées équivalent, selon l'estimation la plus courante d'une coudée ancienne (environ 45 cm), à environ 135 mètres de long : des dimensions considérables, comparables à celles de grands navires modernes, bien au-delà de ce qu'exigerait un simple radeau de survie.","La précision extrême des mensurations données par Dieu lui-même souligne que le salut divin, loin d'être vague ou approximatif, se réalise toujours à travers des moyens concrets, mesurés et adaptés exactement à leur fin.","Le souci du détail et de la précision dans l'exécution d'un projet, même quand la fin poursuivie relève de la foi la plus haute, reste une leçon de sérieux et de rigueur que ce verset transmet discrètement.","Seigneur, aide-moi à accomplir avec sérieux et précision, et non avec approximation, ce que tu me confies à construire."
1,6,15,en,"Three hundred cubits comes, by the most common estimate of an ancient cubit (about 45 cm), to roughly 135 meters in length: considerable dimensions, comparable to large modern ships, far beyond what a mere survival raft would need.","The extreme precision of the measurements God himself gives underlines that divine salvation, far from vague or approximate, is always accomplished through concrete means, carefully measured and exactly suited to their purpose.","Care for detail and precision in carrying out a project, even one born of the highest faith, remains a lesson in seriousness and rigor this verse quietly conveys.","Lord, help me carry out with seriousness and precision, not with approximation, what you entrust me to build."
1,6,16,fr,"L'arche à trois niveaux évoque, selon certains commentateurs juifs anciens, une structure symbolique tripartite proche de celle du futur Temple (le Saint des Saints, le Lieu saint, le parvis) : un vaisseau de salut déjà pensé, en germe, comme un lieu quasi sacré.","L'unique fenêtre, réduite à une coudée en haut de l'arche, orientera nécessairement le regard des occupants vers le ciel plutôt que vers les flots destructeurs environnants — une architecture qui dirige presque physiquement l'espérance vers le haut.","L'architecture d'un espace, choisie avec soin, peut orienter concrètement l'attention et l'espérance de ceux qui l'habitent : une leçon que l'art sacré, à travers les siècles, ne cessera de développer à partir de cette première arche.","Seigneur, quelles que soient les tempêtes qui m'entourent, oriente mon regard vers le ciel plutôt que vers le chaos environnant."
1,6,16,en,"The three-level ark suggests, to some ancient Jewish commentators, a threefold symbolic structure close to that of the future Temple (the Holy of Holies, the Holy Place, the courtyard): a vessel of salvation already conceived, in seed form, as an almost sacred place.","The single window, reduced to one cubit at the top of the ark, would necessarily turn its occupants' gaze toward the sky rather than the destructive waters around them — an architecture that almost physically directs hope upward.","The careful design of a space can concretely shape the attention and hope of those who inhabit it — a lesson sacred art will keep developing, across the centuries, from this very first ark.","Lord, whatever storms surround me, turn my gaze toward heaven rather than toward the surrounding chaos."
1,6,17,fr,"« Le déluge » traduit l'hébreu mabbul, terme technique employé quasi exclusivement pour cet événement précis dans toute la Bible — un mot rare qui souligne le caractère unique et sans précédent de ce jugement cosmique.","Les eaux, symbole de vie et de fécondité au chapitre 1 (1,20-22), deviennent ici l'instrument même du jugement : le même élément qui fait vivre peut aussi, entre les mains de Dieu, exécuter sa justice — une ambivalence que la théologie du baptême reprendra plus tard.","Que le même élément — l'eau, la technologie, le pouvoir — puisse servir tour à tour la vie ou la destruction, selon l'usage qui en est fait, reste une leçon valable bien au-delà du seul récit du déluge.","Seigneur, que les éléments de ma propre vie — mes talents, mes ressources, mon pouvoir d'agir — servent toujours la vie et jamais la destruction."
1,6,17,en,"""The flood"" translates the Hebrew mabbul, a technical term used almost exclusively for this one event across the whole Bible — a rare word underlining the unique, unprecedented nature of this cosmic judgment.","Waters, a symbol of life and fruitfulness in chapter 1 (1:20-22), become here the very instrument of judgment: the same element that gives life can also, in God's hands, carry out his justice — an ambivalence baptismal theology will later take up.","That the same element — water, technology, power — can serve either life or destruction depending on how it is used remains a lesson well beyond the flood narrative alone.","Lord, may the elements of my own life — my talents, my resources, my power to act — always serve life, never destruction."
1,6,18,fr,"C'est ici la toute première occurrence du mot « alliance » (berit) dans toute la Bible : un terme central qui structurera ensuite l'ensemble de la théologie biblique — l'alliance avec Noé (ch. 9), puis avec Abraham, Moïse, David, et enfin la Nouvelle Alliance dans le Christ.","Que la toute première alliance biblique soit établie précisément au moment du jugement le plus radical révèle un principe constant de l'Écriture : la grâce de Dieu ne fait jamais que suivre le jugement, elle l'accompagne et parfois même le précède.","Un engagement solennel et durable, plutôt qu'une simple promesse ponctuelle, fonde la relation entre Dieu et l'humanité dès ce tout premier moment — un modèle de fidélité qui inspire encore aujourd'hui la notion même d'alliance, y compris dans le mariage.","Seigneur, merci pour ton alliance fidèle, établie avec moi bien avant que je ne la mérite."
1,6,18,en,"This is the very first occurrence of the word ""covenant"" (berit) in the whole Bible: a central term that will later structure all of biblical theology — the covenant with Noah (ch. 9), then with Abraham, Moses, David, and finally the New Covenant in Christ.","That the Bible's very first covenant is established precisely at the moment of its most radical judgment reveals a constant principle of Scripture: God's grace never merely follows judgment — it accompanies it, and sometimes even precedes it.","A solemn, lasting commitment, rather than a mere one-off promise, founds the relationship between God and humanity from this very first moment — a model of faithfulness that still inspires the very notion of covenant today, including in marriage.","Lord, thank you for your faithful covenant, established with me long before I deserved it."
1,6,19,fr,"« Deux de chaque espèce » assure ici la simple survie biologique minimale ; le chapitre suivant (7,2-3) précisera, pour les animaux purs destinés au sacrifice, un nombre plus élevé — une nuance que ce verset seul ne permet pas encore de percevoir.","La préservation de la vie animale, et non seulement humaine, dans le projet de salut de Noé, rappelle que l'alliance de Dieu, dès son origine biblique, embrasse toute la création et non l'humanité seule.","La biodiversité tout entière, préservée ici par un commandement divin explicite, trouve dans ce verset l'un des tout premiers fondements bibliques d'une éthique de conservation de la vie sous toutes ses formes.","Seigneur, élargis mon souci de la vie au-delà de moi-même et des miens, jusqu'à embrasser toute ta création."
1,6,19,en,"""Two of every sort"" here secures the simple minimum for biological survival; the next chapter (7:2-3) will specify, for the clean animals meant for sacrifice, a greater number — a nuance this verse alone does not yet reveal.","The preservation of animal life, not only human life, within Noah's plan of salvation recalls that God's covenant, from its very biblical origin, embraces all creation, not humanity alone.","The whole of biodiversity, preserved here through an explicit divine command, finds in this verse one of the earliest biblical foundations for an ethic of conserving life in all its forms.","Lord, widen my care for life beyond myself and my own, to embrace all your creation."
1,6,20,fr,"La triple répétition — oiseaux, bétail, reptiles — reprend systématiquement, dans un ordre légèrement différent, les catégories d'animaux créées aux cinquième et sixième jours (1,20-25) : la sauvegarde de Noé restaure méthodiquement l'ordre même de la création originelle.","Ce que Dieu avait créé au commencement, il choisit maintenant de le préserver à travers le jugement : la destruction n'est jamais, dans ce récit, une fin en soi, mais le passage obligé vers une re-création fidèle à l'intention originelle.","Préserver méthodiquement, catégorie par catégorie, l'ensemble du vivant plutôt que de se contenter d'un sauvetage partiel ou approximatif, reste un modèle exigeant pour toute politique contemporaine de conservation de la biodiversité.","Seigneur, aide-moi à prendre soin, avec la même méthode et le même soin que Toi, de tout ce que tu as créé autour de moi."
1,6,20,en,"The triple repetition — birds, livestock, creeping things — systematically repeats, in a slightly different order, the categories of animals created on the fifth and sixth days (1:20-25): Noah's rescue methodically restores the very order of the original creation.","What God created in the beginning, he now chooses to preserve through judgment: destruction is never, in this story, an end in itself, but the necessary passage toward a re-creation faithful to the original intention.","Methodically preserving all living things, category by category, rather than settling for a partial or approximate rescue, remains a demanding model for any contemporary policy on biodiversity conservation.","Lord, help me care, with the same method and the same attentiveness as you, for everything you have created around me."
1,6,21,fr,"Cette instruction pratique, presque triviale en apparence à côté de l'ampleur cosmique du jugement annoncé, rappelle que le salut divin ne néglige jamais les besoins les plus concrets et quotidiens de ceux qu'il sauve — jusqu'à l'organisation même des repas à venir.","Dieu, qui vient d'annoncer la destruction de toute chair, prend simultanément soin des détails les plus pratiques de la survie de Noé : la grandeur du plan divin ne néglige jamais l'attention aux plus petits détails du quotidien.","Aucun souci concret et quotidien — se nourrir, organiser une réserve, planifier l'ordinaire — n'est trop petit pour trouver sa place dans un projet de vie inspiré par la foi, comme le montre ce verset presque domestique au cœur d'un récit cosmique.","Seigneur, aide-moi à croire que même mes préoccupations les plus quotidiennes et concrètes trouvent leur place dans ton attention et ta providence."
1,6,21,en,"This practical instruction, almost trivial-seeming next to the cosmic scale of the announced judgment, recalls that divine salvation never overlooks the most concrete, everyday needs of those it saves — down to the very organization of meals to come.","God, having just announced the destruction of all flesh, simultaneously attends to the most practical details of Noah's survival: the grandeur of the divine plan never neglects attention to the smallest daily details.","No concrete, everyday concern — eating, stocking supplies, planning the ordinary — is too small to find its place within a life project inspired by faith, as this almost domestic verse shows at the heart of a cosmic story.","Lord, help me believe that even my most everyday, concrete concerns find their place within your attention and your providence."
1,6,22,fr,"Ce verset de conclusion, d'une sobriété délibérée, souligne par sa brièveté même l'obéissance intégrale et sans réserve de Noé : « tout ce que Dieu lui avait ordonné », sans qu'aucune hésitation, négociation ou résistance ne soit rapportée par le texte.","L'obéissance silencieuse et complète de Noé, à l'inverse de la désobéissance d'Adam et Ève au chapitre 3, marque un tournant théologique majeur : un homme peut, par la grâce, répondre pleinement à ce que Dieu lui demande — la fidélité humaine reste possible.","Exécuter fidèlement et intégralement une tâche confiée, sans négociation ni compromis sur l'essentiel, reste un modèle d'intégrité professionnelle et personnelle que ce simple verset, par sa sobriété, met remarquablement en lumière.","Seigneur, donne-moi l'obéissance simple et complète de Noé, sans négociation ni résistance face à ce que tu me demandes."
1,6,22,en,"This closing verse, deliberately sober, underlines by its very brevity Noah's complete, unreserved obedience: ""all that God commanded him,"" with no hesitation, negotiation, or resistance reported by the text.","Noah's silent, complete obedience, the reverse of Adam and Eve's disobedience in chapter 3, marks a major theological turning point: a man can, by grace, fully respond to what God asks of him — human faithfulness remains possible.","Faithfully and fully carrying out an entrusted task, without negotiating or compromising on what matters, remains a model of professional and personal integrity this simple, sober verse remarkably brings to light.","Lord, give me Noah's simple, complete obedience, without negotiation or resistance to what you ask of me."
1,7,1,fr,"« Toi et toute ta maison » élargit le salut individuel de Noé (6,8-9) à l'ensemble de sa famille : la justice d'un seul homme suffit à sauver les siens, préfigurant le principe biblique de la solidarité familiale dans le salut.","« Je t'ai vu juste devant moi » — non devant les hommes, mais devant Dieu lui-même : la vraie justice ne se mesure jamais à la comparaison avec la génération corrompue environnante, mais au regard de Dieu seul.","Résister à la pression du plus grand nombre, rester fidèle à ses convictions même quand toute une génération semble aller dans le sens contraire, demande un courage que ce verset célèbre dès l'aube de l'histoire biblique.","Seigneur, donne-moi le courage de rester fidèle à Toi, même quand la génération qui m'entoure semble aller dans une tout autre direction."
1,7,1,en,"""You with all your household"" widens Noah's individual salvation (6:8-9) to his whole family: one man's righteousness is enough to save his own, foreshadowing the biblical principle of family solidarity in salvation.","""I have seen your righteousness before me"" — not before other people, but before God himself: true righteousness is never measured against the surrounding corrupt generation, but against the gaze of God alone.","Resisting the pressure of the majority, staying true to one's convictions even when an entire generation seems headed the other way, takes a courage this verse already celebrates at the dawn of biblical history.","Lord, give me the courage to stay faithful to you, even when the generation around me seems headed in an entirely different direction."
1,7,2,fr,"La distinction entre animaux « purs » et « non purs », ici mentionnée pour la première fois dans la Bible sans être encore définie (elle le sera en Lévitique 11), suppose une connaissance déjà partagée par les premiers lecteurs, bien avant la Loi mosaïque proprement dite.","Le nombre plus élevé d'animaux purs — sept plutôt que deux — anticipe leur usage sacrificiel après le déluge (8,20) : Dieu prévoit, avant même que Noé n'en ait besoin, les moyens concrets du culte à venir.","Anticiper les besoins futurs de ceux qu'on aime, bien avant qu'ils n'en expriment eux-mêmes le besoin, reste une forme concrète et pratique de sollicitude, ici incarnée par Dieu lui-même envers Noé.","Seigneur, merci de pourvoir à mes besoins avant même que je ne sache les nommer."
1,7,2,en,"The distinction between ""clean"" and ""unclean"" animals, mentioned here for the first time in the Bible without yet being defined (it will be, in Leviticus 11), assumes a knowledge already shared by the first readers, long before the Mosaic Law proper.","The higher number of clean animals — seven rather than two — anticipates their sacrificial use after the flood (8:20): God provides, even before Noah needs it, the concrete means of the worship to come.","Anticipating the future needs of those we love, well before they express the need themselves, remains a concrete, practical form of care, here embodied by God himself toward Noah.","Lord, thank you for providing for my needs even before I know how to name them."
1,7,3,fr,"« Afin de conserver leur race en vie sur la face de toute la terre » explicite la finalité du projet : au-delà du seul salut de Noé et de sa famille, Dieu vise la restauration complète de la vie sur l'ensemble de la terre après le jugement.","Le souci divin de la préservation des espèces, exprimé ici avant même le déluge, révèle une vision du salut qui dépasse largement le cadre humain : Dieu se soucie de la totalité du vivant qu'il a créé.","La conservation des espèces menacées, aujourd'hui reconnue comme un enjeu éthique majeur, trouve dans ce verset l'une de ses toutes premières formulations bibliques explicites.","Seigneur, élargis mon cœur au souci que tu portes toi-même pour toute forme de vie sur la terre."
1,7,3,en,"""To keep seed alive on the surface of all the earth"" spells out the project's purpose: beyond Noah and his family alone, God aims at the full restoration of life across the whole earth after judgment.","God's concern for the preservation of species, expressed here even before the flood, reveals a vision of salvation far wider than the human sphere alone: God cares for the whole of the living creation he made.","The conservation of endangered species, recognized today as a major ethical issue, finds in this verse one of its earliest explicit biblical statements.","Lord, widen my heart to match your own concern for every form of life on earth."
1,7,4,fr,"« Quarante jours et quarante nuits » deviendra, à travers toute la Bible, un nombre symbolique associé à l'épreuve et à la purification — le jeûne de Moïse (Exode 34,28), celui d'Élie (1 Rois 19,8), puis celui de Jésus au désert (Matthieu 4,2).","Le compte à rebours annoncé — sept jours avant le déluge — laisse un ultime délai, un dernier temps de grâce avant que le jugement ne s'accomplisse réellement : Dieu avertit toujours avant d'agir.","Ce motif des « quarante jours » d'épreuve, devenu culturellement universel bien au-delà du texte biblique, continue d'évoquer aujourd'hui toute période intense de transformation ou de purification traversée par une personne ou une communauté.","Seigneur, que les périodes d'épreuve que je traverse deviennent, comme pour tant de figures bibliques, un chemin de purification plutôt qu'un simple malheur subi."
1,7,4,en,"""Forty days and forty nights"" will become, throughout the Bible, a symbolic number tied to trial and purification — Moses's fast (Exodus 34:28), Elijah's (1 Kings 19:8), and later Jesus's in the wilderness (Matthew 4:2).","The countdown announced — seven days before the flood — leaves a final delay, a last time of grace before judgment is truly carried out: God always warns before he acts.","This pattern of a ""forty days"" trial, now culturally universal well beyond the biblical text, still evokes today any intense period of transformation or purification a person or a community goes through.","Lord, may the trials I go through become, as for so many biblical figures, a path of purification rather than mere misfortune endured."
1,7,5,fr,"Cette formule, quasi identique à celle du chapitre précédent (6,22), encadre tout le récit de la construction et de l'entrée dans l'arche par une même affirmation d'obéissance intégrale — une inclusion littéraire qui souligne la constance de la fidélité de Noé.","Répéter deux fois la même affirmation d'obéissance totale, à quelques versets d'intervalle, insiste sur ce qui distingue Noé de ses contemporains : non un exploit ponctuel, mais une fidélité continue et éprouvée dans la durée.","La fidélité qui compte n'est jamais celle d'un instant isolé, mais celle qui se vérifie et se répète dans la durée — un critère que ce redoublement volontaire du texte met discrètement en lumière.","Seigneur, que ma fidélité à Toi ne soit pas un acte isolé, mais une constance vérifiée jour après jour."
1,7,5,en,"This formula, nearly identical to the previous chapter's (6:22), frames the whole account of building and boarding the ark with the same statement of complete obedience — a literary bracket underlining the constancy of Noah's faithfulness.","Repeating the same statement of total obedience twice, a few verses apart, stresses what sets Noah apart from his contemporaries: not a single feat, but a faithfulness proven continuous over time.","Faithfulness that truly matters is never that of a single moment, but the kind that proves itself, and repeats, over time — a standard this deliberate repetition in the text quietly highlights.","Lord, may my faithfulness to you not be a one-time act, but a constancy proven day after day."
1,7,6,fr,"Cette précision chronologique, la première datation précise de toute la Genèse rattachée à l'âge d'un individu, ouvre une série de dates méticuleuses (v. 11 ; 8,4-5.13-14) qui donnera au récit du déluge l'allure d'un véritable journal de bord historique.","Le soin extrême apporté à la datation du déluge, contrastant avec le flou relatif des chapitres précédents, souligne l'importance capitale que le texte biblique accorde à cet événement fondateur de l'histoire post-adamique.","La précision chronologique, loin d'être un simple détail technique, exprime souvent une conviction plus profonde : que l'histoire elle-même, jusque dans ses dates précises, a un sens et n'est jamais un pur hasard.","Seigneur, aide-moi à croire que chaque étape datée de ma propre vie s'inscrit, elle aussi, dans un dessein que tu conduis avec soin."
1,7,6,en,"This chronological detail, the first precise dating in Genesis tied to an individual's age, opens a series of meticulous dates (v. 11; 8:4-5, 13-14) that will give the flood narrative the feel of an actual historical log.","The extreme care given to dating the flood, in contrast to the relative vagueness of earlier chapters, underlines the capital importance the biblical text gives this founding event of post-Adamic history.","Chronological precision, far from a mere technical detail, often expresses a deeper conviction: that history itself, down to its precise dates, has meaning and is never pure chance.","Lord, help me believe that every dated stage of my own life is also woven into a plan you carefully guide."
1,7,7,fr,"Huit personnes en tout entrent dans l'arche — Noé, sa femme, leurs trois fils et les trois épouses de ceux-ci — un nombre que la première épître de Pierre (3,20) reprendra explicitement comme figure du petit nombre sauvé par l'eau, préfigurant le baptême.","« Pour échapper aux eaux du déluge » : l'entrée dans l'arche n'est jamais un acte de fuite passive, mais une réponse active et confiante à l'invitation divine du verset 1 — le salut demande un mouvement concret vers le lieu que Dieu a préparé.","Se mettre concrètement en mouvement vers ce que Dieu propose, plutôt que d'attendre passivement d'être sauvé sans y participer soi-même, reste une leçon spirituelle que cette entrée dans l'arche continue d'illustrer.","Seigneur, aide-moi à me mettre en mouvement vers le salut que tu m'offres, plutôt que de l'attendre passivement."
1,7,7,en,"Eight people in all enter the ark — Noah, his wife, their three sons, and the three sons' wives — a number the first letter of Peter (3:20) will explicitly take up as a figure of the small number saved through water, foreshadowing baptism.","""Because of the waters of the flood"": entering the ark is never an act of passive flight, but an active, trusting response to the divine invitation of verse 1 — salvation requires a concrete move toward the place God has prepared.","Concretely moving toward what God offers, rather than passively waiting to be saved without taking part oneself, remains a spiritual lesson this entry into the ark keeps illustrating.","Lord, help me move toward the salvation you offer me, rather than waiting for it passively."
1,7,8,fr,"La répétition de la distinction entre purs et impurs, déjà mentionnée au verset 2, souligne l'importance structurante de cette catégorie pour l'ensemble du récit — une distinction rituelle antérieure, dans le texte, à sa codification légale ultérieure.","Que même les animaux jugés « impurs » selon la catégorie rituelle trouvent malgré tout une place dans l'arche montre que le salut de Noé, à sa mesure, n'exclut jamais totalement ce qui est classé comme moins digne ou moins pur.","Inclure dans un projet de préservation ce qui n'est pas immédiatement considéré comme le plus précieux ou le plus utile reste une leçon de générosité que ce verset, en creux, continue de transmettre.","Seigneur, aide-moi à ne jamais exclure de ma sollicitude ce que je jugerais, à tort, moins digne d'attention."
1,7,8,en,"The repeated distinction between clean and unclean, already mentioned in verse 2, underlines how structuring this category is for the whole account — a ritual distinction that, in the text, precedes its later legal codification.","That even animals judged ""unclean"" by ritual category still find a place in the ark shows that Noah's salvation, in its own measure, never fully excludes what is classified as less worthy or less pure.",Including in a rescue project what is not immediately seen as most precious or most useful remains a lesson in generosity this verse quietly conveys.,"Lord, help me never exclude from my care what I might wrongly judge less worthy of attention."
1,7,9,fr,"« Comme Dieu l'avait ordonné à Noé » clôt cette longue séquence d'entrée dans l'arche par le même refrain d'obéissance qui a déjà marqué tout ce chapitre — l'ordre parfait de l'embarquement reflète, dans le texte, l'ordre parfait de l'obéissance de Noé.",Le mouvement même des animaux — entrant « deux à deux » sans que Noé ait à les chercher ou à les rassembler par la force — suggère une coopération surnaturelle et paisible de la création tout entière avec le projet de salut de Dieu.,"Que la création elle-même semble coopérer, dans ce récit, avec le plan de salut divin invite à imaginer une harmonie possible entre l'homme et le reste du vivant, lorsque tous deux répondent ensemble à un même appel.","Seigneur, que toute ma vie coopère paisiblement avec ton dessein, sans résistance ni lutte inutile."
1,7,9,en,"""As God commanded Noah"" closes this long boarding sequence with the same refrain of obedience that has already marked this whole chapter — the perfect order of boarding mirrors, in the text, the perfect order of Noah's obedience.","The very movement of the animals — entering ""by pairs"" with no need for Noah to search them out or round them up by force — suggests a peaceful, supernatural cooperation of all creation with God's plan of salvation.","That creation itself seems to cooperate, in this account, with the divine plan of salvation invites us to imagine a possible harmony between humanity and the rest of the living world, when both answer the same call together.","Lord, may my whole life cooperate peacefully with your design, without needless resistance or struggle."
1,7,10,fr,"Ce verset marque la fin exacte du délai de sept jours annoncé au verset 4 : la parole de Dieu, prononcée avec précision, s'accomplit avec une exactitude tout aussi précise — un principe théologique constant dans toute la Bible.","L'accomplissement ponctuel de la parole divine, ni en avance ni en retard sur le délai annoncé, rassure sur la fiabilité absolue de toutes les promesses de Dieu, qu'elles portent sur le jugement ou sur la bénédiction.","Faire confiance à une parole donnée, même quand son accomplissement tarde encore un peu, reste une vertu que ce verset — sept jours d'attente avant l'accomplissement exact — illustre discrètement.","Seigneur, aide-moi à attendre avec confiance l'accomplissement de tes promesses, même quand le délai me semble long."
1,7,10,en,"This verse marks the exact end of the seven-day delay announced in verse 4: God's word, spoken with precision, is fulfilled with equally precise exactness — a constant theological principle across the whole Bible.","The timely fulfillment of the divine word, neither early nor late against the announced delay, reassures us of the absolute reliability of every one of God's promises, whether of judgment or of blessing.","Trusting a given word, even when its fulfillment is still a little slow in coming, remains a virtue this verse — seven days of waiting before the exact fulfillment — quietly illustrates.","Lord, help me wait with confidence for the fulfillment of your promises, even when the delay feels long to me."
1,7,11,fr,"« Le grand abîme » (tehom rabbah) évoque les eaux primordiales du chapitre 1 (1,2) : le déluge n'est pas la venue d'une réalité étrangère à la création, mais le retour temporaire du chaos originel que Dieu avait ordonné et contenu au commencement.","Que le déluge provienne à la fois d'en bas (l'abîme) et d'en haut (les écluses des cieux) souligne l'ampleur totale du jugement : aucune direction, aucun horizon n'offre d'échappatoire hors de l'arche elle-même.","Reconnaître qu'aucun refuge humain ne suffit face à certaines crises globales — qu'elles soient climatiques, sanitaires ou sociales — sans un abri véritablement préparé à l'avance, trouve dans ce verset une image ancienne mais parlante.","Seigneur, que je cherche mon refuge en Toi seul, et non dans des abris illusoires que je me serais construits moi-même."
1,7,11,en,"""The great deep"" (tehom rabbah) evokes the primeval waters of chapter 1 (1:2): the flood is not the arrival of something foreign to creation, but the temporary return of the original chaos God had ordered and contained at the beginning.","That the flood comes both from below (the deep) and from above (the sky's windows) underlines the total scope of the judgment: no direction, no horizon offers an escape outside the ark itself.","Recognizing that no human refuge is enough against certain global crises — climate, health, or social — without a shelter truly prepared in advance, finds in this verse an ancient but still vivid image.","Lord, may I seek my refuge in you alone, not in illusory shelters I might build for myself."
1,7,12,fr,"Ce verset, d'une sobriété extrême, résume en une seule phrase l'ampleur cosmique du jugement déjà longuement préparé dans les versets précédents — un contraste stylistique entre la minutie des préparatifs et la brièveté de l'exécution.","La sobriété narrative de ce verset, comparée à l'ampleur du désastre qu'il décrit, rappelle que le texte biblique ne s'attarde jamais complaisamment sur la destruction elle-même : il la constate sans la dramatiser inutilement.","Décrire une catastrophe avec sobriété plutôt qu'avec un sensationnalisme complaisant reste une leçon de retenue narrative que ce verset, par son économie de mots, continue d'illustrer aujourd'hui.","Seigneur, garde-moi de toute complaisance face à la souffrance, la mienne ou celle des autres, sans pour autant la minimiser."
1,7,12,en,This extremely sober verse sums up in a single sentence the cosmic scale of the judgment already carefully prepared in the previous verses — a stylistic contrast between the painstaking preparations and the brevity of their execution.,"The verse's narrative restraint, compared with the scale of the disaster it describes, recalls that the biblical text never dwells indulgently on destruction itself: it states it without needless drama.","Describing a catastrophe with restraint rather than indulgent sensationalism remains a lesson in narrative discipline this verse, through its economy of words, still illustrates today.","Lord, keep me from any complacency in the face of suffering, mine or others', without ever minimizing it."
1,7,13,fr,"Ce verset répète, avec un luxe de détails nominatifs, l'entrée déjà décrite au verset 7 : cette double mention, typique du style répétitif des récits bibliques anciens, souligne l'importance capitale de ce moment charnière pour tout le récit.","Nommer individuellement chaque membre de la famille de Noé, plutôt que de se contenter d'une mention collective, rappelle que le salut biblique, même familial, honore toujours la dignité et l'identité propre de chaque personne sauvée.","Nommer précisément chaque personne concernée par un événement important, plutôt que de la fondre dans une masse anonyme, reste une marque de respect que ce texte, par sa précision même, continue d'enseigner.","Seigneur, merci de me connaître et de m'appeler par mon nom, et non comme un simple élément anonyme parmi tant d'autres."
1,7,13,en,"This verse repeats, with a wealth of named detail, the boarding already described in verse 7: this double mention, typical of ancient biblical narrative style, underlines the capital importance of this hinge moment for the whole account.","Naming each member of Noah's family individually, rather than settling for a collective mention, recalls that biblical salvation, even a family's, always honors the dignity and identity of each person saved.","Precisely naming each person involved in a major event, rather than folding them into an anonymous mass, remains a mark of respect this text, through its very precision, keeps teaching.","Lord, thank you for knowing me and calling me by name, not as a mere anonymous element among so many others."
1,7,14,fr,"L'énumération exhaustive des catégories animales — bétail, reptiles, oiseaux, « tout ce qui a des ailes » — insiste, par son ampleur même, sur la totalité de la vie terrestre concernée par ce sauvetage : rien de ce que Dieu a créé n'est oublié dans son plan de préservation.","Cette insistance méticuleuse sur chaque catégorie du vivant rappelle que rien de la création originelle du chapitre 1 n'est perdu de vue par Dieu, même au cœur du jugement le plus radical qu'elle ait jamais connu.","La rigueur avec laquelle ce texte ancien recense chaque catégorie du vivant préfigure, à sa manière, les inventaires scientifiques contemporains de la biodiversité — une même attention portée à ne rien négliger.","Seigneur, que rien de ce que tu as créé ne me devienne indifférent, aussi petit ou insignifiant cela puisse-t-il sembler."
1,7,14,en,"The exhaustive listing of animal categories — livestock, creeping things, birds, ""every bird of every sort"" — stresses, by its sheer scope, the totality of earthly life caught up in this rescue: nothing God made is forgotten in his plan of preservation.","This meticulous insistence on every category of living thing recalls that nothing from chapter 1's original creation is lost from God's sight, even at the heart of the most radical judgment it has ever known.","The rigor with which this ancient text catalogs every category of living thing foreshadows, in its own way, today's scientific inventories of biodiversity — the same attention to leaving nothing out.","Lord, may nothing you have created become a matter of indifference to me, however small or insignificant it may seem."
1,7,15,fr,"« De toute chair ayant souffle de vie » reprend le vocabulaire précis de 6,17 et 2,7 : la même expression employée pour la création de l'homme relie désormais tous les êtres vivants dans un même souffle commun, reçu de Dieu seul.","Ce vocabulaire commun du « souffle de vie », partagé entre l'homme et l'animal depuis la création, souligne une parenté profonde de toute vie créée : la dignité de la créature ne se limite jamais à la seule humanité.","Reconnaître, comme le fait ce vocabulaire biblique ancien, une parenté fondamentale entre toute forme de vie animée nourrit aujourd'hui une éthique renouvelée du respect envers l'ensemble du vivant.","Seigneur, que je respecte en toute créature vivante le souffle de vie qu'elle a reçu de Toi, comme moi-même."
1,7,15,en,"""Of all flesh with the breath of life in them"" repeats the precise vocabulary of 6:17 and 2:7: the very phrase used for the creation of man now links every living being in one same breath, received from God alone.","This shared vocabulary of the ""breath of life,"" common to humans and animals since creation, underlines a deep kinship among all created life: a creature's dignity is never confined to humanity alone.","Recognizing, as this ancient biblical vocabulary does, a fundamental kinship among all animate life today nourishes a renewed ethic of respect toward all living things.","Lord, may I respect in every living creature the breath of life it has received from you, just as I have."
1,7,16,fr,"« Puis l'Eternel ferma la porte sur lui » est le seul geste explicitement attribué à Dieu lui-même dans toute cette scène d'embarquement : après avoir laissé Noé accomplir sa part, c'est Dieu qui scelle définitivement le salut, geste final et décisif qui échappe à toute action humaine.","Ce geste divin de fermer la porte marque la fin du temps de la décision et le début du temps du jugement : une fois la porte close, plus aucune entrée n'est possible — un avertissement solennel sur l'urgence de répondre à temps à l'appel de Dieu.","Que le salut final ne dépende pas seulement de l'effort humain, mais s'achève par un geste que seul Dieu peut poser, rappelle que la grâce demeure toujours, en dernière instance, un don reçu et non une simple conquête personnelle.","Seigneur, comme tu as fermé la porte de l'arche sur Noé, garde-moi enfermé dans ta protection, à l'abri du chaos qui m'entoure."
1,7,16,en,"""And Yahweh shut him in"" is the only gesture explicitly attributed to God himself in this whole boarding scene: having let Noah do his part, it is God who finally seals the salvation — a final, decisive act beyond any human action.","This divine gesture of shutting the door marks the end of the time of decision and the beginning of the time of judgment: once the door is closed, no more entry is possible — a solemn warning about the urgency of answering God's call in time.","That final salvation depends not only on human effort but concludes with a gesture only God can perform recalls that grace remains, in the end, a gift received, not a mere personal conquest.","Lord, as you shut the door of the ark on Noah, keep me enclosed in your protection, sheltered from the chaos around me."
1,7,17,fr,"« Les eaux crûrent et soulevèrent l'arche » marque le moment précis où l'arche cesse d'être un simple abri fixe pour devenir un vaisseau véritablement flottant : le salut de Noé devient, à cet instant, entièrement dépendant du mouvement même des eaux du jugement.","Que l'arche soit « soulevée » par les mêmes eaux destinées à détruire tout le reste illustre un paradoxe central de la foi biblique : ce qui est instrument de jugement pour les uns devient, pour ceux qui sont en Christ (ou dans l'arche), le moyen même de leur élévation et de leur salut.","Traverser une même épreuve, un même événement, de deux manières radicalement opposées — destruction pour les uns, élévation pour les autres — selon la position que l'on occupe face à Dieu, reste une image puissante que ce verset continue d'offrir.","Seigneur, que les épreuves qui semblent vouloir m'engloutir deviennent, par ta grâce, l'occasion même de mon élévation vers Toi."
1,7,17,en,"""The waters increased, and lifted up the ship"" marks the exact moment the ark stops being a mere fixed shelter and becomes a truly floating vessel: from this instant, Noah's salvation depends entirely on the very movement of the waters of judgment.","That the ark is ""lifted up"" by the same waters meant to destroy everything else illustrates a central paradox of biblical faith: what is an instrument of judgment for some becomes, for those in Christ (or in the ark), the very means of their rising and their salvation.","Going through the same trial, the same event, in two radically opposite ways — destruction for some, elevation for others — depending on one's position before God, remains a powerful image this verse still offers.","Lord, may the trials that seem set to overwhelm me become, by your grace, the very occasion of my rising toward you."
1,7,18,fr,"« L'arche flotta sur la surface des eaux » : le texte insiste sur la passivité totale du vaisseau, sans rame ni gouvernail mentionné nulle part dans le récit — Noé ne dirige jamais lui-même son embarcation, il la confie entièrement à la conduite de Dieu.","L'absence de tout moyen de navigation active dans l'arche souligne une confiance radicale : le salut de Noé ne dépend jamais de sa propre capacité à diriger sa trajectoire, mais entièrement de la fidélité de Celui qui guide le vaisseau.","Accepter de ne pas tout maîtriser soi-même, de se laisser porter par une conduite plus grande que la sienne dans les moments les plus incertains de la vie, reste une leçon de lâcher-prise que cette arche sans gouvernail continue d'enseigner.","Seigneur, apprends-moi à te confier la direction de ma vie, plutôt que de vouloir tout maîtriser par mes propres forces."
1,7,18,en,"""The ship floated on the surface of the waters"": the text stresses the vessel's total passivity, with no oar or rudder mentioned anywhere in the account — Noah never steers his own craft; he entrusts it entirely to God's guidance.","The complete absence of any means of active navigation on the ark underlines a radical trust: Noah's salvation never depends on his own ability to steer his course, but entirely on the faithfulness of the One guiding the vessel.","Accepting that we cannot master everything ourselves, letting ourselves be carried by a guidance greater than our own in life's most uncertain moments, remains a lesson in letting go this rudderless ark keeps teaching.","Lord, teach me to entrust you with the direction of my life, rather than trying to master everything by my own strength."
1,7,19,fr,"« Toutes les hautes montagnes... furent couvertes » exclut toute possibilité d'un déluge seulement local ou régional dans l'intention littéraire du texte : le récit décrit délibérément un jugement de portée universelle, touchant l'ensemble de la terre connue de ses auteurs.","L'ampleur totale du jugement, ne laissant subsister aucun sommet, aucun refuge naturel, souligne par contraste l'importance absolue de l'unique refuge véritable offert par Dieu lui-même : l'arche, et elle seule, suffit à sauver.","Face à des crises perçues comme totales et sans échappatoire naturelle, chercher un refuge véritablement fiable plutôt que des solutions partielles ou illusoires reste une sagesse que ce récit continue de transmettre.","Seigneur, que je cherche en Toi seul mon refuge véritable, plutôt qu'en des sécurités humaines qui pourraient, elles aussi, être submergées."
1,7,19,en,"""All the high mountains... were covered"" rules out, in the text's literary intent, any possibility of a merely local or regional flood: the account deliberately describes a judgment of universal scope, reaching the whole known earth of its authors.","The judgment's total scope, leaving no peak, no natural refuge standing, underlines by contrast the absolute importance of the one true refuge God himself offers: the ark, and it alone, is enough to save.","Facing crises perceived as total, with no natural way out, seeking a truly reliable refuge rather than partial or illusory solutions remains a wisdom this story keeps handing down.","Lord, may I seek my true refuge in you alone, not in human securities that could themselves be overwhelmed."
1,7,20,fr,"« Quinze coudées » (environ sept mètres) au-dessus des montagnes assure, dans la logique interne du récit, une marge de sécurité suffisante pour l'arche elle-même, dont la hauteur était de trente coudées (6,15) : un détail technique qui confirme le tirant d'eau réaliste envisagé par le texte.","Ce chiffre précis, bien qu'apparemment technique, rappelle que même dans l'ampleur cosmique du jugement, Dieu mesure et calcule avec exactitude ce qui est nécessaire à la sécurité de ceux qu'il sauve — rien n'est laissé au hasard.","La précision presque scientifique de ce détail, au cœur d'un récit par ailleurs si dramatique, invite à ne jamais opposer rigueur rationnelle et foi religieuse : les deux peuvent coexister dans un même texte, comme dans une même vie.","Seigneur, merci de veiller avec exactitude sur chaque détail de ma sécurité, même ceux que je ne perçois pas moi-même."
1,7,20,en,"""Fifteen cubits"" (about seven meters) above the mountains ensures, within the story's internal logic, a sufficient safety margin for the ark itself, whose height was thirty cubits (6:15): a technical detail confirming the realistic draft the text envisions.","This precise figure, though seemingly technical, recalls that even amid the judgment's cosmic scale, God measures and calculates exactly what is needed for the safety of those he saves — nothing is left to chance.","The almost scientific precision of this detail, at the heart of an otherwise so dramatic account, invites us never to set rational rigor against religious faith: the two can coexist in one text, as in one life.","Lord, thank you for watching with exact care over every detail of my safety, even those I cannot see myself."
1,7,21,fr,"L'énumération complète — oiseaux, bétail, animaux, reptiles, hommes — reprend systématiquement, en négatif cette fois, la liste des créatures du chapitre 1 : ce que Dieu avait fait vivre au commencement, le jugement du déluge le fait maintenant mourir tout entier, sans exception.","Cette destruction totale, aussi terrible soit-elle à lire, prépare par contraste la re-création qui suivra : rien ne subsiste de l'ancien monde corrompu, sinon ce qui était dans l'arche — la table est, en un sens, entièrement renouvelée.","Ce passage compte parmi les plus difficiles moralement de toute la Bible pour un lecteur contemporain ; il invite, sans en minimiser la dureté, à le lire dans l'ensemble du récit — celui d'une justice qui, dès le verset suivant du chapitre 8, s'accompagnera d'une promesse de non-répétition.","Seigneur, devant la dureté de ce récit, je te confie ma difficulté à comprendre pleinement tes voies, tout en te faisant confiance."
1,7,21,en,"The full listing — birds, livestock, animals, creeping things, humans — systematically repeats, now in the negative, chapter 1's list of creatures: what God had brought to life in the beginning, the flood's judgment now brings entirely to death, without exception.","This total destruction, however terrible to read, prepares by contrast the re-creation to follow: nothing of the old, corrupted world remains except what was in the ark — the slate is, in a sense, wholly wiped clean.","This passage ranks among the morally hardest in the whole Bible for today's reader; it invites us, without softening its harshness, to read it within the whole story — a justice that, from the very next chapter, will come with a promise never to repeat it.","Lord, before the harshness of this account, I entrust to you my difficulty in fully understanding your ways, while still trusting you."
1,7,22,fr,"« Tout ce qui avait respiration, souffle de vie dans ses narines » reprend une dernière fois le vocabulaire de la création de l'homme (2,7) : la mort de toute chair ayant ce souffle rappelle, jusque dans le jugement, l'origine commune de toute vie.","Ce verset referme, de manière particulièrement solennelle, le cercle ouvert dès le chapitre 2 : le souffle donné par Dieu au commencement peut aussi, en cas de rupture irréparable avec Lui, être retiré — un rappel de la dépendance totale de toute vie envers son Créateur.","Se souvenir que la vie elle-même, quelle qu'en soit la forme, reste toujours un don reçu et jamais une possession acquise définitivement, garde de toute présomption face à sa propre existence.","Seigneur, que je ne considère jamais mon souffle de vie comme un dû, mais toujours comme un don reçu chaque jour de ta main."
1,7,22,en,"""All in whose nostrils was the breath of the spirit of life"" repeats, one last time, the vocabulary of man's creation (2:7): the death of all flesh carrying this breath recalls, even within judgment, the common origin of all life.","This verse closes, in a particularly solemn way, the circle opened back in chapter 2: the breath given by God at the beginning can also, in the case of an unrepaired break with him, be withdrawn — a reminder of all life's total dependence on its Creator.","Remembering that life itself, whatever its form, always remains a gift received and never a possession permanently secured guards against any presumption about one's own existence.","Lord, may I never treat my breath of life as owed to me, but always as a gift received anew each day from your hand."
1,7,23,fr,"« Il ne resta que Noé, et ce qui était avec lui dans l'arche » clôt le récit de la destruction sur la mention du seul reste préservé : le texte s'achève, comme il avait commencé (6,8), sur la grâce accordée à un seul homme et à ceux qui l'accompagnent.","Ce « reste » préservé au cœur du jugement le plus total deviendra, tout au long de la Bible, un motif théologique central : Dieu, même dans son jugement le plus sévère, ne détruit jamais sans laisser subsister une possibilité de recommencement.","L'espérance qu'un reste, si petit soit-il, puisse toujours survivre au cœur même d'une catastrophe totale reste une conviction précieuse pour traverser n'importe quelle crise, personnelle ou collective.","Seigneur, même quand tout semble perdu autour de moi, aide-moi à croire que tu préserves toujours un reste, un commencement possible."
1,7,23,en,"""Only Noah was left, and those who were with him in the ship"" closes the account of destruction on the mention of the sole remnant preserved: the text ends, as it began (6:8), on grace granted to one man and those with him.","This ""remnant"" preserved at the heart of the most total judgment will become, throughout the Bible, a central theological motif: God, even in his sternest judgment, never destroys without leaving a possibility of a new beginning.","The hope that a remnant, however small, can always survive at the very heart of total catastrophe remains a precious conviction for getting through any crisis, personal or collective.","Lord, even when everything around me seems lost, help me believe that you always preserve a remnant, a possible beginning."
1,7,24,fr,"« Cent cinquante jours » — soit environ cinq mois — précise la durée pendant laquelle les eaux sont restées à leur plus haut niveau, avant que ne commence, au chapitre suivant, leur lent processus de décrue : le jugement a une durée mesurée, non indéfinie.","Que le texte prenne soin de préciser la durée exacte de cette épreuve, plutôt que de la laisser vague et sans fin, annonce déjà, avant même le récit de la décrue, que ce jugement, aussi terrible soit-il, connaîtra un terme.","Savoir qu'une épreuve, aussi longue et intense semble-t-elle sur le moment, a une durée mesurée et non infinie, reste une source d'espérance concrète pour quiconque traverse une période difficile de sa propre vie.","Seigneur, aide-moi à tenir bon dans l'épreuve, en croyant fermement qu'elle a, elle aussi, une fin déjà fixée par Toi."
1,7,24,en,"""One hundred fifty days"" — about five months — specifies how long the waters stayed at their highest level, before the next chapter's slow process of receding begins: judgment has a measured duration, not an unending one.","That the text takes care to state the exact length of this trial, rather than leaving it vague and endless, already announces, even before the account of the waters receding, that this judgment, however terrible, will have an end.","Knowing that a trial, however long and intense it feels at the time, has a measured, not infinite, duration remains a source of concrete hope for anyone going through a difficult season of their own life.","Lord, help me hold firm through trial, trusting firmly that it too has an end already fixed by you."
1,8,1,fr,"« Se souvenir » (zakar), appliqué à Dieu, ne signifie jamais un rappel après un oubli, mais un passage à l'action concrète en faveur de celui dont on se souvient : le même verbe reparaîtra pour l'alliance avec Abraham (Genèse 19,29) et pour la libération d'Israël d'Égypte (Exode 2,24).","Ce verset marque le tournant précis du récit : après cent cinquante jours de silence apparent (7,24), Dieu « se souvient » et agit — la miséricorde succède au jugement, sans jamais l'annuler rétroactivement.","Traverser une longue période où Dieu semble silencieux, avant de percevoir enfin un signe de son action, reste une expérience spirituelle universelle que ce verset, par sa place précise dans le récit, met particulièrement en lumière.","Seigneur, même dans les silences qui me semblent interminables, aide-moi à croire que tu te souviens de moi et agis déjà en ma faveur."
1,8,1,en,"""Remembered"" (zakar), applied to God, never means recalling something after forgetting it, but moving to concrete action on behalf of the one remembered: the same verb recurs for the covenant with Abraham (Genesis 19:29) and for Israel's deliverance from Egypt (Exodus 2:24).","This verse marks the story's precise turning point: after one hundred fifty days of apparent silence (7:24), God ""remembers"" and acts — mercy follows judgment, without ever retroactively canceling it.","Going through a long period when God seems silent, before finally perceiving a sign of his action, remains a universal spiritual experience this verse, through its exact place in the story, especially brings to light.","Lord, even in the silences that feel endless to me, help me believe that you remember me and are already acting on my behalf."
1,8,2,fr,"Ce verset inverse exactement, dans le même ordre, les deux sources du déluge mentionnées en 7,11 : ce que Dieu avait ouvert pour juger, il le referme maintenant pour restaurer — une symétrie littéraire soulignant la maîtrise totale de Dieu sur l'ensemble du processus.",La fermeture des écluses célestes et des sources de l'abîme marque le début effectif de la fin du jugement : Dieu ne laisse jamais un processus de destruction se prolonger au-delà de ce qui est nécessaire à sa justice.,"Savoir mettre un terme volontaire à une action, même juste, une fois son but atteint, plutôt que de la prolonger indéfiniment, reste une sagesse que cette fermeture symétrique des sources du déluge illustre discrètement.","Seigneur, aide-moi à reconnaître le moment où une épreuve doit prendre fin, et à ne pas m'y attarder plus que nécessaire."
1,8,2,en,"This verse exactly reverses, in the same order, the two sources of the flood mentioned in 7:11: what God had opened to judge, he now closes to restore — a literary symmetry underlining God's total mastery over the whole process.",The closing of the sky's windows and the deep's fountains marks the actual beginning of the end of judgment: God never lets a process of destruction run on beyond what his justice requires.,"Knowing how to voluntarily bring an action to an end, even a just one, once its purpose is achieved, rather than dragging it on indefinitely, remains a wisdom this symmetrical closing of the flood's sources quietly illustrates.","Lord, help me recognize the moment when a trial must end, and not linger in it longer than necessary."
1,8,3,fr,"« S'en allant et s'éloignant » traduit un infinitif absolu hébreu redoublé, figure grammaticale qui insiste sur la progressivité continue et méthodique du phénomène, contrastant avec la soudaineté brutale de la montée des eaux décrite au chapitre précédent.","Le jugement de Dieu est venu soudainement, mais sa restauration se fait progressivement, pas à pas : la grâce, contrairement à la colère, prend le temps nécessaire pour agir sans précipitation.","La guérison — d'une blessure, d'une crise, d'une rupture — suit presque toujours ce même rythme : rapide dans la chute, lente et progressive dans la remontée. Ce verset l'illustre déjà, des millénaires avant la psychologie moderne du deuil.","Seigneur, donne-moi la patience d'accepter que ma propre guérison, comme celle des eaux du déluge, prenne le temps qu'il faut."
1,8,3,en,"""Receded continually"" translates a doubled Hebrew absolute infinitive, a grammatical figure stressing the steady, methodical progression of the phenomenon, in contrast with the sudden violence of the rising waters described in the previous chapter.","God's judgment came suddenly, but his restoration happens gradually, step by step: grace, unlike wrath, takes the time it needs, without haste.","Healing — from a wound, a crisis, a broken relationship — almost always follows this same rhythm: swift in the fall, slow and gradual in the rise. This verse already illustrates it, millennia before modern grief psychology.","Lord, give me the patience to accept that my own healing, like the flood's waters, takes the time it needs."
1,8,4,fr,"Les « montagnes d'Ararat » désignent une région montagneuse (l'actuel plateau arménien, aux confins de la Turquie), non un sommet unique précis : le texte biblique lui-même reste plus modeste que la tradition populaire ultérieure qui a fixé le lieu sur un pic particulier.","Que l'arche s'arrête précisément cinq mois après le début du déluge (7,11), jour pour jour selon le calendrier du texte, souligne une fois encore l'exactitude minutieuse avec laquelle Dieu conduit chaque étape de cette histoire vers son terme.","Savoir reconnaître le moment où l'on touche enfin un sol stable, après une longue période d'instabilité, est une expérience que beaucoup traversent aujourd'hui — dans une guérison, un rétablissement financier, ou la fin d'une crise personnelle.","Seigneur, conduis-moi, comme tu as conduit l'arche, vers un lieu stable où je pourrai enfin poser pied après les tempêtes de ma vie."
1,8,4,en,"""The mountains of Ararat"" designate a mountainous region (today's Armenian plateau, on Turkey's edge), not one precise single peak: the biblical text itself is more modest than the later popular tradition that fixed the site on one particular summit.","That the ark comes to rest exactly five months after the flood began (7:11), day for day by the text's calendar, once more underlines the meticulous exactness with which God guides every stage of this story toward its end.","Recognizing the moment one finally touches stable ground, after a long period of instability, is an experience many go through today — in recovering health, rebuilding finances, or ending a personal crisis.","Lord, guide me, as you guided the ark, toward a stable place where I can finally set foot after the storms of my life."
1,8,5,fr,"Un délai supplémentaire de deux mois et demi sépare l'arrêt de l'arche (v. 4) de l'apparition visible des premiers sommets : même après avoir touché un appui stable, Noé doit encore attendre avant de voir le moindre signe tangible de restauration.","Toucher terre ne signifie pas immédiatement voir la fin de l'épreuve : entre la stabilité retrouvée et les premiers signes visibles d'espérance, un temps d'attente supplémentaire reste souvent nécessaire — une réalité spirituelle que ce délai illustre avec justesse.","Apprendre à distinguer la fin d'une crise aiguë de la pleine restauration qui suit, sans confondre les deux étapes, reste une sagesse précieuse pour traverser sereinement toute période de convalescence, personnelle ou collective.","Seigneur, donne-moi la patience d'attendre les premiers signes visibles de ta restauration, même après avoir retrouvé un semblant de stabilité."
1,8,5,en,"An extra delay of two and a half months separates the ark's landing (v. 4) from the visible appearance of the first mountaintops: even after touching stable ground, Noah must still wait before seeing the slightest tangible sign of restoration.","Touching land does not mean immediately seeing the end of the trial: between regained stability and the first visible signs of hope, an extra time of waiting is often still needed — a spiritual reality this delay fittingly illustrates.","Learning to distinguish the end of an acute crisis from the full restoration that follows, without confusing the two stages, remains a precious wisdom for calmly getting through any period of convalescence, personal or collective.","Lord, give me the patience to wait for the first visible signs of your restoration, even after regaining a measure of stability."
1,8,6,fr,"« Quarante jours » après l'arrêt de l'arche sur le mont Ararat (v. 4) : ce même nombre symbolique, déjà associé à l'épreuve tout au long du récit (7,4.12.17), marque maintenant le début du temps de la vérification active, où Noé lui-même prend l'initiative d'agir.","Après avoir été entièrement passif — confié à la conduite de Dieu pendant toute la traversée du déluge — Noé retrouve ici, pour la première fois depuis longtemps, une part active dans le déroulement du récit : l'attente confiante laisse place à l'initiative responsable.","Savoir reconnaître le moment où il faut cesser d'attendre passivement et commencer à agir soi-même, sans pour autant renier la confiance qui a précédé, est un discernement précieux dans toute traversée d'épreuve.","Seigneur, aide-moi à discerner le moment où, après avoir attendu avec confiance, je dois maintenant agir moi-même."
1,8,6,en,"""Forty days"" after the ark's landing on Mount Ararat (v. 4): this same symbolic number, already tied to trial throughout the account (7:4, 12, 17), now marks the start of a time of active verification, in which Noah himself takes the initiative to act.","Having been entirely passive — entrusted to God's guidance for the whole crossing of the flood — Noah here regains, for the first time in a long while, an active part in the unfolding story: trusting patience gives way to responsible initiative.","Recognizing the moment to stop waiting passively and start acting oneself, without denying the trust that came before, is a precious discernment in getting through any trial.","Lord, help me discern the moment when, having waited with trust, I must now act myself."
1,8,7,fr,"Le corbeau, contrairement à la colombe qui suivra, ne revient jamais définitivement se poser dans l'arche : oiseau charognard capable de se nourrir sur les cadavres flottants, il n'a pas besoin de la même sécurité que la colombe, plus délicate, pour survivre à l'extérieur.","Le contraste entre le corbeau, autonome et indifférent, et la colombe, plus vulnérable et donc plus révélatrice, prépare le lecteur à un test bien plus significatif : c'est la fragilité de la colombe, non la robustesse du corbeau, qui donnera l'information vraiment attendue.","Choisir le bon indicateur pour mesurer une situation — celui qui est réellement sensible aux changements recherchés, et non simplement le plus résistant — reste une leçon méthodologique que ce contraste animalier illustre avec finesse.","Seigneur, rends-moi sensible, comme la colombe à venir, aux signes véritables de ta présence, plutôt qu'indifférent comme le corbeau."
1,8,7,en,"The raven, unlike the dove that follows, never returns for good to settle in the ark: a scavenger able to feed on floating carcasses, it does not need the same safety as the more delicate dove to survive outside.","The contrast between the raven, self-sufficient and indifferent, and the dove, more vulnerable and so more revealing, prepares the reader for a far more significant test: it is the dove's fragility, not the raven's toughness, that will give the truly awaited information.","Choosing the right indicator to measure a situation — one truly sensitive to the change being sought, not simply the toughest — remains a methodological lesson this animal contrast subtly illustrates.","Lord, make me sensitive, like the dove to come, to the true signs of your presence, rather than indifferent like the raven."
1,8,8,fr,"La colombe, animal pur et associé plus tard au sacrifice (Lévitique 1,14) puis à la présence de l'Esprit (Matthieu 3,16), est délicatement choisie pour ce test précis : sa fragilité même — incapable de se poser sur des eaux non retirées — en fait un indicateur bien plus fiable que le corbeau.","Le choix même de cet oiseau, pur et associé plus tard à l'Esprit, pour ce test de discernement, prépare déjà, en germe, l'usage symbolique que toute l'Écriture fera de la colombe comme signe de la présence douce et fidèle de Dieu.","Choisir, pour évaluer une situation délicate, un indicateur sensible et fiable plutôt qu'un simple indicateur de commodité reste une sagesse pratique que ce verset illustre avec discrétion.","Seigneur, rends mon cœur aussi sensible que la colombe pour percevoir les signes discrets de ta présence."
1,8,8,en,"The dove, a clean animal later tied to sacrifice (Leviticus 1:14) and then to the Spirit's presence (Matthew 3:16), is carefully chosen for this precise test: its very fragility — unable to land on waters not yet receded — makes it a far more reliable indicator than the raven.","The very choice of this bird, clean and later tied to the Spirit, for this test of discernment, already foreshadows, in seed form, the symbolic use all of Scripture will make of the dove as a sign of God's gentle, faithful presence.","Choosing, to assess a delicate situation, a sensitive and reliable indicator rather than a merely convenient one remains a practical wisdom this verse quietly illustrates.","Lord, make my heart as sensitive as the dove, to perceive the quiet signs of your presence."
1,8,9,fr,"« Elle ne trouva aucun lieu pour poser la plante de son pied » : la colombe, symbole biblique de pureté et plus tard de l'Esprit Saint, refuse instinctivement tout repos hors du lieu véritablement sûr — une image de l'âme qui ne trouve son repos qu'en Dieu seul.","Que Noé prenne soin de recueillir lui-même la colombe et de la faire rentrer dans l'arche, plutôt que de la laisser livrée à elle-même, illustre une attention tendre envers la plus fragile des créatures confiées à sa garde.","Reconnaître qu'un cœur sensible et pur, à l'image de cette colombe, ne peut trouver de vrai repos que dans des conditions réellement sûres et bonnes, reste une intuition spirituelle précieuse contre toute tentation de se satisfaire d'un repos illusoire.","Seigneur, que mon âme, comme la colombe, ne trouve son repos véritable qu'en Toi seul, et nulle part ailleurs."
1,8,9,en,"""The dove found no place to rest her foot"": the dove, a biblical symbol of purity and later of the Holy Spirit, instinctively refuses any rest outside the truly safe place — an image of the soul that finds its rest in God alone.","That Noah takes care to gather the dove himself and bring her back into the ark, rather than leaving her to fend for herself, shows a tender attentiveness toward the most fragile of the creatures entrusted to his care.","Recognizing that a sensitive, pure heart, like this dove, can find true rest only in conditions that are genuinely safe and good remains a precious spiritual intuition against any temptation to settle for illusory rest.","Lord, may my soul, like the dove, find its true rest in you alone, and nowhere else."
1,8,10,fr,"L'attente précise de « sept autres jours » avant un nouvel envoi structure cette recherche patiente en trois étapes distinctes : absence totale de signe (première tentative), signe partiel mais encourageant (deuxième tentative, v. 11), puis départ définitif (troisième tentative, v. 12).","Cette patience méthodique de Noé, qui n'envoie la colombe qu'à intervalles réguliers plutôt que de multiplier les tentatives fébriles, enseigne une manière de discerner sans précipitation les signes que Dieu accorde peu à peu.","Attendre un rythme raisonnable entre chaque tentative, plutôt que de s'agiter fébrilement, reste une discipline précieuse pour discerner sereinement l'évolution d'une situation incertaine.","Seigneur, donne-moi la patience méthodique de Noé pour discerner tes signes sans précipitation ni agitation inutile."
1,8,10,en,"The precise wait of ""seven more days"" before a new sending structures this patient search into three distinct stages: no sign at all (first attempt), a partial but encouraging sign (second attempt, v. 11), then a final departure (third attempt, v. 12).","Noah's methodical patience, sending the dove out only at regular intervals rather than multiplying anxious attempts, teaches a way of discerning, without haste, the signs God grants little by little.","Waiting a reasonable interval between attempts, rather than fretting restlessly, remains a precious discipline for calmly discerning how an uncertain situation is evolving.","Lord, give me Noah's methodical patience to discern your signs without haste or needless agitation."
1,8,11,fr,"La feuille d'olivier, devenue depuis un symbole universel de paix, marque ici le tout premier signe tangible de restauration après le jugement : la nature elle-même, en repoussant, témoigne silencieusement de la fidélité de Dieu à sa promesse de vie.","« Noé connut ainsi que les eaux avaient diminué » : un simple rameau, apparemment insignifiant, suffit à confirmer une vérité de grande portée — Dieu se révèle souvent à travers de petits signes concrets plutôt que par des manifestations spectaculaires.","Ce symbole du rameau d'olivier, passé dans le langage courant bien au-delà de son origine biblique — jusque dans le drapeau des Nations Unies — témoigne de la portée universelle et durable de cette image de paix retrouvée après le chaos.","Seigneur, comme la feuille d'olivier apportée par la colombe, donne-moi de reconnaître les petits signes concrets de ta paix restaurée dans ma propre vie."
1,8,11,en,"The olive leaf, since become a universal symbol of peace, marks here the very first tangible sign of restoration after judgment: nature itself, by sprouting again, silently testifies to God's faithfulness to his promise of life.","""So Noah knew that the waters were abated"": a simple, seemingly insignificant twig is enough to confirm a truth of great importance — God often reveals himself through small, concrete signs rather than spectacular displays.","This symbol of the olive branch, passed into everyday language well beyond its biblical origin — even onto the flag of the United Nations — testifies to the lasting, universal reach of this image of peace regained after chaos.","Lord, like the olive leaf brought by the dove, grant me to recognize the small, concrete signs of your peace restored in my own life."
1,8,12,fr,"Le départ définitif de la colombe, cette fois sans retour, confirme sans équivoque que la terre est désormais suffisamment sèche et accueillante pour soutenir une vie normale — le signe négatif (l'absence de retour) devient ici, paradoxalement, la confirmation la plus positive de toutes.","Que l'absence — le non-retour de la colombe — devienne le signe le plus sûr et le plus définitif rappelle une vérité spirituelle profonde : parfois, ce qui semble un manque ou un départ est en réalité la meilleure des nouvelles, révélant que le temps de l'épreuve est véritablement achevé.","Apprendre à lire un silence, une absence ou un départ non comme un abandon mais comme un signe positif d'accomplissement demande un discernement spirituel que ce dernier envoi de la colombe illustre avec une grande finesse.","Seigneur, aide-moi à discerner, dans les silences et les absences de ma vie, les signes positifs d'un accomplissement plutôt que d'un abandon."
1,8,12,en,"The dove's final departure, this time with no return, unmistakably confirms that the earth is now dry and welcoming enough to support ordinary life — the negative sign (no return) becomes here, paradoxically, the most positive confirmation of all.","That an absence — the dove's non-return — becomes the surest, most definitive sign recalls a deep spiritual truth: sometimes what looks like a loss or a departure is in fact the best possible news, revealing that the time of trial is truly over.","Learning to read a silence, an absence, or a departure not as abandonment but as a positive sign of completion demands a spiritual discernment this final sending of the dove illustrates with great subtlety.","Lord, help me discern, in the silences and absences of my life, positive signs of fulfillment rather than of abandonment."
1,8,13,fr,"Ce verset marque le début d'une nouvelle année dans le calendrier interne du récit (le « six cent un » de la vie de Noé) : le déluge, commencé lors de la six centième année de Noé (7,6), s'achève ainsi symboliquement au seuil d'un temps entièrement neuf.","Le geste de Noé, qui ôte lui-même la couverture pour regarder de ses propres yeux, marque un retour progressif à l'initiative personnelle après une longue période de dépendance totale à la conduite divine — la foi n'exclut jamais la vérification concrète et personnelle.","Vérifier soi-même la réalité d'un signe, plutôt que de se fier uniquement à une information indirecte (ici, l'absence de retour de la colombe), reste une prudence saine que ce geste de Noé illustre avec justesse.","Seigneur, donne-moi, à l'image de Noé, le désir de constater par moi-même les signes concrets de ta fidélité, et non seulement de les croire de loin."
1,8,13,en,"This verse marks the start of a new year in the story's internal calendar (Noah's ""six hundred first"" year): the flood, which began in Noah's six-hundredth year (7:6), thus ends symbolically at the threshold of an entirely new time.","Noah's own gesture of removing the covering to look with his own eyes marks a gradual return to personal initiative after a long period of total dependence on divine guidance: faith never excludes concrete, personal verification.","Verifying a sign's reality for oneself, rather than relying solely on indirect information (here, the dove's non-return), remains a sound prudence this gesture of Noah's fittingly illustrates.","Lord, give me, like Noah, the desire to see for myself the concrete signs of your faithfulness, not merely to believe them from a distance."
1,8,14,fr,"Selon un calcul traditionnel basé sur les dates données dans ce récit, le déluge tout entier — de son commencement (7,11) à cette dessiccation complète — aurait duré exactement un an et dix jours dans le calendrier lunaire hébreu ancien, une précision remarquable pour un texte de cette antiquité.",Que le texte distingue soigneusement « les eaux avaient séché » (v. 13) de « la terre fut sèche » (v. 14) — deux mois d'écart entre les deux constats — rappelle qu'un processus de restauration complète demande souvent plus de temps qu'un simple premier signe encourageant ne le laisse penser.,"Ne pas confondre les premiers signes d'amélioration avec la restauration réellement complète et durable est une distinction précieuse, aussi bien dans le rétablissement d'une santé fragile que dans celui d'une situation économique ou relationnelle.","Seigneur, donne-moi la patience de ne pas confondre un premier signe encourageant avec l'achèvement complet de ton œuvre en moi."
1,8,14,en,"By a traditional calculation based on this account's given dates, the whole flood — from its start (7:11) to this complete drying — would have lasted exactly one year and ten days by the ancient Hebrew lunar calendar, a remarkable precision for a text this old.","That the text carefully distinguishes ""the waters were dried up"" (v. 13) from ""the earth was dry"" (v. 14) — two months apart — recalls that a process of full restoration often needs more time than a first encouraging sign alone suggests.","Not confusing the first signs of improvement with a truly complete, lasting restoration is a precious distinction, whether in recovering fragile health or an economic or relational situation.","Lord, give me the patience not to mistake an early encouraging sign for the complete finishing of your work in me."
1,8,15,fr,"Après un long silence narratif où Dieu n'était intervenu que par des actes (v. 1-2), la parole divine reprend ici directement, comme au tout début de l'épisode (7,1) : le récit du déluge s'ouvre et se referme par une même initiative verbale de Dieu adressée à Noé.","Que Dieu attende que la terre soit complètement sèche (v. 14) avant de donner l'ordre de sortie, malgré la connaissance déjà acquise par Noé grâce à la colombe, enseigne que la parole officielle de Dieu reste toujours l'ultime confirmation attendue, au-delà même des signes déjà perçus.","Attendre une confirmation officielle et complète, même après avoir déjà perçu des signes encourageants, reste une sagesse pratique que ce délai entre les indices de la colombe et l'ordre formel de Dieu continue d'enseigner.","Seigneur, aide-moi à attendre ta parole définitive, même quand j'ai déjà perçu des signes encourageants de ta part."
1,8,15,en,"After a long narrative silence in which God had only intervened through actions (v. 1-2), the divine word resumes directly here, as at the very start of the episode (7:1): the flood narrative opens and closes with the same verbal initiative from God to Noah.","That God waits for the earth to be fully dry (v. 14) before giving the order to leave, despite what Noah already knew through the dove, teaches that God's official word always remains the final awaited confirmation, even beyond signs already perceived.","Waiting for an official, complete confirmation, even after already perceiving encouraging signs, remains a practical wisdom this gap between the dove's clues and God's formal command keeps teaching.","Lord, help me wait for your final word, even when I have already perceived encouraging signs from you."
1,8,16,fr,"L'ordre de « sortir » de l'arche, après tant de mois d'obéissance patiente à y « entrer » et à y demeurer, referme symétriquement le récit ouvert en 7,1 : la même voix qui a ordonné l'entrée ordonne maintenant, avec la même autorité, la sortie.","La fidélité biblique ne consiste jamais en un seul acte, mais en une disponibilité constante à recevoir, à chaque étape de la vie, une parole nouvelle de Dieu — celle d'entrer comme celle, tout aussi nécessaire, de sortir au bon moment.","Attendre le bon moment pour sortir d'une période de retrait ou de protection, plutôt que de précipiter ou de retarder indéfiniment ce moment par ses propres décisions, reste une sagesse spirituelle que cet ordre précis de Dieu continue d'enseigner.","Seigneur, aide-moi à attendre ton signal avant d'agir, aussi bien pour entrer dans une période de retrait que pour en sortir."
1,8,16,en,"The order to ""go out"" of the ark, after so many months of patient obedience in entering and staying within it, symmetrically closes the story opened in 7:1: the same voice that commanded entry now commands, with the same authority, the exit.","Biblical faithfulness never consists in a single act, but in a constant readiness to receive, at every stage of life, a new word from God — the word to enter, and, just as necessary, the word to leave at the right moment.","Waiting for the right moment to leave a period of withdrawal or protection, rather than rushing it or delaying it indefinitely by one's own decisions, remains a spiritual wisdom this precise command of God keeps teaching.","Lord, help me wait for your signal before acting, whether to enter a season of withdrawal or to leave one."
1,8,17,fr,"Ce commandement reprend presque mot pour mot la bénédiction originelle du chapitre 1 (1,22.28) : après le jugement, Dieu relance explicitement le même projet de fécondité et de multiplication qu'au tout commencement — la création recommence, littéralement, à zéro.","Que la toute première parole de Dieu après le déluge soit une bénédiction de fécondité, et non un discours sur le jugement passé, révèle où se situe réellement le cœur de Dieu : toujours tourné vers la vie à venir plutôt que vers le mal déjà surmonté.","Se tourner résolument vers l'avenir et la vie à reconstruire, plutôt que de rester fixé sur l'épreuve traversée, reste une posture spirituelle et psychologique précieuse après toute crise majeure, personnelle ou collective.","Seigneur, après mes propres épreuves traversées, tourne mon regard vers la vie nouvelle que tu veux faire fleurir, plutôt que vers le passé douloureux."
1,8,17,en,"This command repeats, almost word for word, the original blessing of chapter 1 (1:22, 28): after judgment, God explicitly relaunches the same project of fruitfulness and multiplication as at the very beginning — creation, quite literally, starts again from zero.","That God's very first word after the flood is a blessing of fruitfulness, not a speech on past judgment, reveals where God's heart truly lies: always turned toward the life to come, rather than the evil already overcome.","Turning resolutely toward the future and toward the life to be rebuilt, rather than staying fixed on the trial endured, remains a precious spiritual and psychological posture after any major crisis, personal or collective.","Lord, after my own trials endured, turn my gaze toward the new life you want to make flourish, rather than toward the painful past."
1,8,18,fr,"La sortie de l'arche, décrite avec la même précision énumérative que l'entrée (7,7.13), referme symétriquement tout le récit du déluge : ce qui était entré selon un ordre méthodique en sort de la même manière, exactement dans le même ordre.","Cette symétrie parfaite entre l'entrée et la sortie souligne que rien n'a été perdu pendant la longue traversée : Dieu a préservé intégralement, sans exception, tout ce qu'il avait promis de sauver — la fidélité divine se vérifie à l'identique, du début à la fin.","Vérifier qu'un engagement pris au début d'une épreuve a été tenu intégralement jusqu'à sa fin, sans perte ni compromis en cours de route, reste un critère de fidélité que cette symétrie narrative continue d'illustrer avec force.","Seigneur, merci pour ta fidélité qui ne perd jamais rien de ce qu'elle a promis de préserver, du début à la fin de mon propre parcours."
1,8,18,en,"The exit from the ark, described with the same enumerative precision as the entry (7:7, 13), symmetrically closes the whole flood narrative: what entered in a methodical order now leaves the same way, in exactly the same order.","This perfect symmetry between entry and exit underlines that nothing was lost during the long crossing: God preserved fully, without exception, everything he had promised to save — divine faithfulness proves itself identical, from start to finish.","Verifying that a commitment made at the start of a trial was kept fully through to its end, with no loss or compromise along the way, remains a mark of faithfulness this narrative symmetry keeps powerfully illustrating.","Lord, thank you for a faithfulness that never loses anything it has promised to preserve, from the beginning to the end of my own journey."
1,8,19,fr,"L'énumération finale des catégories animales — reptiles, oiseaux, tout ce qui se meut — reprend une dernière fois, en clôture du récit du déluge, le vocabulaire systématique déjà employé à l'entrée (7,14) : la boucle narrative se referme avec le même soin méthodique qu'elle s'était ouverte.","« Selon leurs espèces » ferme le récit sur la même note d'ordre et de stabilité qu'au chapitre 1 : la création, après avoir traversé le chaos du jugement, retrouve intégralement l'ordre voulu par Dieu dès l'origine, sans qu'aucune catégorie n'ait été perdue.","Retrouver, après une période de désordre ou de crise, l'ordre et la stabilité initiaux plutôt qu'un simple chaos nouveau reste un espoir profondément ancré dans cette vision biblique de la restauration.","Seigneur, après mes propres périodes de désordre, restaure en moi l'ordre et la paix que tu avais voulus dès l'origine."
1,8,19,en,"The final listing of animal categories — creeping things, birds, everything that moves — repeats one last time, closing the flood narrative, the systematic vocabulary already used at the entry (7:14): the narrative circle closes with the same methodical care it opened with.","""After their families"" closes the account on the same note of order and stability as chapter 1: creation, having passed through the chaos of judgment, fully regains the order God willed from the beginning, with no category lost.","Regaining, after a period of disorder or crisis, the original order and stability rather than a mere new chaos remains a hope deeply rooted in this biblical vision of restoration.","Lord, after my own seasons of disorder, restore in me the order and peace you willed from the beginning."
1,8,20,fr,"C'est le tout premier autel explicitement mentionné dans toute la Bible : avant même de reconstruire un abri pour lui-même ou de reprendre une activité économique, Noé consacre son tout premier geste, sur la terre nouvellement asséchée, au culte rendu à Dieu.","L'ordre des priorités choisi par Noé — l'adoration avant toute reconstruction matérielle — établit un modèle pour toute l'histoire biblique à venir : la gratitude envers Dieu précède toujours, dans le cœur du juste, la simple gestion pratique de la vie retrouvée.","Faire de la gratitude et de l'action de grâce le tout premier geste après une épreuve traversée, avant même de reprendre le cours ordinaire de la vie, reste une pratique spirituelle précieuse que ce geste fondateur de Noé continue d'inspirer.","Seigneur, que mon tout premier geste après chaque épreuve surmontée soit, comme pour Noé, un geste de gratitude et d'adoration envers Toi."
1,8,20,en,"This is the very first altar explicitly mentioned in the whole Bible: before even rebuilding shelter for himself or resuming any economic activity, Noah devotes his very first act, on the newly dried earth, to the worship of God.","The order of priorities Noah chooses — worship before any material rebuilding — sets a model for all the biblical history to come: gratitude toward God always precedes, in the righteous heart, the mere practical management of life regained.","Making gratitude and thanksgiving the very first act after a trial endured, even before resuming the ordinary course of life, remains a precious spiritual practice this founding gesture of Noah's still inspires.","Lord, may my very first act after every trial overcome be, as it was for Noah, a gesture of gratitude and worship toward you."
1,8,21,fr,"« Odeur agréable » (reach nichoach) est un terme technique sacrificiel qui reviendra constamment dans le Lévitique : la première offrande jamais mentionnée dans la Bible reçoit déjà, ici, l'agrément explicite de Dieu — un modèle pour tout le culte sacrificiel à venir.","La promesse divine de ne plus maudire la terre, prononcée juste après avoir reconnu que « les pensées du cœur de l'homme sont mauvaises dès sa jeunesse » — exactement le même diagnostic qu'avant le déluge (6,5) — révèle un tournant théologique majeur : Dieu choisit désormais la patience plutôt que le jugement répété, malgré une humanité inchangée dans sa fragilité morale.","Que la miséricorde de Dieu se fonde non sur un changement radical de l'humanité, mais sur sa propre décision libre de patience, offre un fondement d'espérance qui ne dépend jamais de notre seule capacité à nous améliorer par nous-mêmes.","Seigneur, merci de fonder ta patience envers moi non sur ma propre perfection, mais sur ta libre miséricorde."
1,8,21,en,"""A pleasant aroma"" (reach nichoach) is a technical sacrificial term that will recur constantly in Leviticus: the very first offering ever mentioned in the Bible already receives here God's explicit approval — a model for all the sacrificial worship to come.","God's promise never again to curse the ground, spoken right after acknowledging that ""the imagination of man's heart is evil from his youth"" — the exact same diagnosis as before the flood (6:5) — reveals a major theological turning point: God now chooses patience over repeated judgment, despite humanity's unchanged moral frailty.",That God's mercy rests not on a radical change in humanity but on his own free decision to be patient offers a foundation of hope that never depends on our own ability to improve ourselves alone.,"Lord, thank you for basing your patience toward me not on my own perfection, but on your free mercy."
1,8,22,fr,"Ce verset énumère quatre paires complémentaires — semailles/moisson, froid/chaleur, été/hiver, jour/nuit — qui structurent le rythme régulier de toute vie sur terre : une promesse de stabilité cosmique qui garantit, au-delà du seul salut de Noé, la continuité même des lois naturelles.","Cette promesse de régularité cosmique, prononcée immédiatement après le jugement le plus radical jamais connu par la création, garantit que Dieu ne recommencera plus une telle rupture totale de l'ordre naturel : la fidélité de Dieu se lit désormais jusque dans le rythme même des saisons.","Que les rythmes naturels les plus fondamentaux — les saisons, le jour et la nuit — deviennent eux-mêmes le signe visible et quotidien d'une promesse divine de fidélité offre un fondement théologique profond à toute contemplation de la nature.","Seigneur, que chaque changement de saison me rappelle ta fidélité inébranlable, gravée dans le rythme même de ta création."
1,8,22,en,"This verse lists four complementary pairs — seedtime/harvest, cold/heat, summer/winter, day/night — structuring the regular rhythm of all life on earth: a promise of cosmic stability guaranteeing, beyond Noah's salvation alone, the very continuity of natural law.","This promise of cosmic regularity, spoken immediately after creation's most radical judgment ever, guarantees that God will never again bring about such a total break in the natural order: God's faithfulness can now be read even in the very rhythm of the seasons.","That the most basic natural rhythms — the seasons, day and night — themselves become the visible, daily sign of a divine promise of faithfulness offers a deep theological foundation for contemplating nature.","Lord, may every change of season remind me of your unshakable faithfulness, written into the very rhythm of your creation."
1,9,1,fr,"Cette bénédiction reprend mot pour mot celle du chapitre 1 (1,28), adressée cette fois non plus à un couple unique mais à Noé et ses trois fils : l'humanité tout entière repart de ce même mandat originel de fécondité, après le jugement traversé.","Que Dieu bénisse encore l'homme après la corruption qui a précédé le déluge (6,5) révèle une constance essentielle : la bénédiction créatrice de Dieu ne dépend jamais du mérite humain, mais de sa seule fidélité.","Recevoir une nouvelle chance, un nouveau départ, malgré un passé marqué par l'échec collectif, reste une expérience que cette re-bénédiction rend particulièrement parlante pour toute reconstruction après une crise.","Seigneur, merci de renouveler ta bénédiction sur ma vie, quel que soit le poids du passé que je porte."
1,9,1,en,"This blessing repeats, word for word, the one from chapter 1 (1:28), now addressed not to a single couple but to Noah and his three sons: all humanity restarts from this same original mandate of fruitfulness, after the judgment it has just passed through.","That God still blesses humanity after the corruption preceding the flood (6:5) reveals an essential constancy: God's creative blessing never depends on human merit, only on his own faithfulness.","Receiving a new chance, a fresh start, despite a past marked by collective failure, remains an experience this re-blessing makes especially meaningful for any rebuilding after a crisis.","Lord, thank you for renewing your blessing on my life, whatever weight of the past I carry."
1,9,2,fr,"« Crainte et effroi » remplace la relation paisible et non-violente entre l'homme et les animaux du chapitre 1 : la domination confiée à l'homme (1,26.28) se transforme désormais, après la faute, en un rapport marqué par la peur plutôt que par la seule harmonie originelle.","Ce changement dans la relation entre l'homme et les animaux, de l'harmonie à la crainte, illustre une conséquence durable du péché : même les relations les plus originelles et les plus pacifiques peuvent se trouver durablement altérées.","Reconnaître que certaines ruptures, une fois survenues, laissent des traces durables même après le pardon ou la restauration, aide à ne pas minimiser le prix réel du mal, tout en croyant à une réconciliation encore possible.","Seigneur, restaure peu à peu en moi l'harmonie originelle que le péché a altérée, avec Toi comme avec toute ta création."
1,9,2,en,"""Fear and dread"" replaces the peaceful, non-violent relationship between humans and animals in chapter 1: the dominion entrusted to humanity (1:26, 28) now, after the fall, turns into a relationship marked by fear rather than the original harmony alone.","This shift in the relationship between humans and animals, from harmony to fear, illustrates a lasting consequence of sin: even the most original, most peaceful relationships can be durably altered.","Recognizing that certain ruptures, once they occur, leave lasting traces even after forgiveness or restoration, helps us avoid downplaying the real cost of evil, while still believing reconciliation is possible.","Lord, gradually restore in me the original harmony that sin has disturbed, with you as with all your creation."
1,9,3,fr,"L'autorisation de manger de la chair animale, absente du régime purement végétarien du chapitre 1 (1,29), constitue une nouveauté explicite : un élargissement du don alimentaire qui accompagne le monde nouveau né après le déluge.","Ce changement de régime alimentaire, de la seule végétation à la chair animale, marque une étape dans l'histoire de la relation entre Dieu et l'humanité : la loi divine s'adapte aux besoins d'un monde désormais marqué par la faute, sans pour autant approuver toute forme de violence, comme le montrera le verset suivant.","Que la loi divine évolue selon les besoins concrets d'une humanité changée invite à ne jamais figer une règle dans l'absolu, sans tenir compte du contexte réel dans lequel elle s'applique.","Seigneur, aide-moi à recevoir avec gratitude ce que tu me donnes pour nourrir ma vie, sans jamais en abuser."
1,9,3,en,"Permission to eat animal flesh, absent from the purely vegetarian diet of chapter 1 (1:29), is an explicit novelty here: a widened food gift accompanying the new world born after the flood.","This change in diet, from plants alone to animal flesh, marks a stage in the relationship between God and humanity: divine law adapts to the needs of a world now marked by sin, without thereby approving every form of violence, as the next verse will show.","That divine law evolves according to the real needs of a changed humanity invites us never to freeze a rule in the absolute, without regard for the actual context in which it applies.","Lord, help me receive with gratitude what you give me to sustain my life, without ever abusing it."
1,9,4,fr,"L'interdit du sang, immédiatement associé à « son âme » (nephesh), repose sur l'idée que le sang porte en lui la vie elle-même : cette interdiction, reprise plus tard dans la Loi mosaïque (Lévitique 17,11), établit un respect fondamental pour la vie, même dans l'acte de se nourrir.","Que la permission de manger de la chair s'accompagne immédiatement d'une limite précise — ne pas consommer le sang — montre que tout don de Dieu, même le plus large, reste toujours encadré par le respect de la vie qu'il concerne.","Accepter une liberté nouvelle tout en respectant une limite claire, sans transformer la permission en licence totale, reste une sagesse éthique que ce verset transmet dès les origines de l'humanité post-diluvienne.","Seigneur, apprends-moi à user des libertés que tu m'accordes avec le respect que la vie mérite toujours."
1,9,4,en,"The prohibition of blood, immediately tied to ""its life"" (nephesh), rests on the idea that blood carries life itself within it: this prohibition, taken up later in the Mosaic Law (Leviticus 17:11), sets a fundamental respect for life, even in the act of eating.","That the permission to eat flesh comes immediately with a precise limit — not to consume the blood — shows that every gift of God, however wide, always remains bound by respect for the life it concerns.","Accepting a new freedom while respecting a clear limit, without turning permission into total license, remains an ethical wisdom this verse hands down from the very origins of post-flood humanity.","Lord, teach me to use the freedoms you grant me with the respect life always deserves."
1,9,5,fr,"« Je redemanderai le sang de vos âmes » introduit le principe d'une responsabilité stricte pour toute vie humaine ôtée, qu'elle le soit par un animal ou par un autre homme : la vie humaine, contrairement à la vie animale désormais offerte en nourriture, demeure d'une valeur absolument différente.","Ce verset pose le fondement théologique du caractère sacré et intangible de la vie humaine, à distinguer nettement de la vie animale : Dieu se porte lui-même garant de toute vie humaine versée, quel qu'en soit l'auteur.","La dignité inviolable de la vie humaine, fondement de toute éthique et de tout droit contemporain sur le meurtre, trouve dans ce verset l'une de ses toutes premières formulations bibliques explicites.","Seigneur, garde-moi de toute indifférence envers la vie humaine, la mienne comme celle d'autrui, qui t'appartient avant de m'appartenir."
1,9,5,en,"""I will surely require your blood"" introduces the principle of strict accountability for any human life taken, whether by an animal or by another person: human life, unlike animal life now offered as food, remains of an absolutely different value.","This verse lays the theological foundation for the sacred, untouchable character of human life, clearly distinguished from animal life: God himself stands as guarantor for every human life taken, whoever the one responsible.","The inviolable dignity of human life, the foundation of all contemporary ethics and law concerning murder, finds in this verse one of its earliest explicit biblical statements.","Lord, keep me from any indifference toward human life, my own as much as another's, which belongs to you before it belongs to me."
1,9,6,fr,"« Dieu a fait l'homme à son image » revient ici, pour la troisième fois dans la Genèse (après 1,26-27 et 5,1), comme fondement explicite de l'interdit du meurtre : c'est parce que l'homme porte l'image de Dieu que verser son sang constitue une atteinte directe à Dieu lui-même.","L'image de Dieu en l'homme, loin d'être une simple donnée théologique abstraite, devient ici le fondement concret et pratique d'une loi éthique majeure — l'interdiction absolue du meurtre — reliant intimement théologie et morale sociale.","Fonder l'interdiction absolue du meurtre sur la dignité inaliénable de toute personne humaine, plutôt que sur une simple convention sociale, reste le socle même des droits humains modernes, avec une racine explicitement biblique.","Seigneur, que je reconnaisse en chaque personne rencontrée aujourd'hui la même image sacrée que tu as imprimée en moi."
1,9,6,en,"""God made man in his own image"" returns here, for the third time in Genesis (after 1:26-27 and 5:1), as the explicit foundation for the prohibition of murder: it is because humanity bears God's image that shedding its blood is a direct offense against God himself.","The image of God in humanity, far from a mere abstract theological idea, here becomes the concrete, practical foundation for a major ethical law — the absolute prohibition of murder — intimately linking theology and social morality.","Grounding the absolute prohibition of murder in the inalienable dignity of every human person, rather than in mere social convention, remains the very foundation of modern human rights, with an explicitly biblical root.","Lord, may I recognize in every person I meet today the same sacred image you have stamped in me."
1,9,7,fr,"La reprise de la bénédiction de fécondité, en écho au verset 1, encadre tout ce passage sur le meurtre et le respect de la vie : la loi contre le meurtre (v. 5-6) s'insère précisément entre deux affirmations de la bénédiction de la vie qui doit se multiplier.","Que la bénédiction de fécondité entoure ainsi l'interdiction du meurtre montre que la loi contre la mort violente n'est jamais un simple interdit négatif, mais sert toujours un but positif plus grand : permettre à la vie bénie par Dieu de continuer à se répandre.","Comprendre une loi morale non comme une simple restriction, mais comme la protection nécessaire d'un bien plus grand qu'elle sert à préserver, change profondément la manière d'aborder toute éthique, religieuse ou non.","Seigneur, aide-moi à voir tes commandements non comme des limites arbitraires, mais comme les gardiens de la vie que tu veux voir fleurir."
1,9,7,en,"Repeating the blessing of fruitfulness, echoing verse 1, frames this whole passage on murder and respect for life: the law against murder (v. 5-6) is placed precisely between two statements of the blessing of life meant to multiply.","That the blessing of fruitfulness surrounds the prohibition of murder shows that the law against violent death is never a mere negative prohibition, but always serves a greater positive purpose: letting the life God has blessed keep spreading.","Understanding a moral law not as a mere restriction, but as the necessary protection of a greater good it serves to preserve, profoundly changes how we approach any ethic, religious or not.","Lord, help me see your commandments not as arbitrary limits, but as guardians of the life you want to see flourish."
1,9,8,fr,"« Dieu parla encore à Noé et à ses fils » introduit formellement la seconde partie du chapitre, consacrée non plus à la bénédiction et à la loi, mais à l'établissement solennel de l'alliance elle-même, déjà annoncée en 6,18.","Ce changement de destinataire — Noé « et ses fils » — élargit d'emblée la portée de l'alliance à venir : elle ne concernera pas seulement un individu juste, mais toute sa descendance, préfigurant les alliances familiales et nationales qui suivront dans l'histoire biblique.","Qu'un engagement pris envers une personne s'étende naturellement à sa descendance et à sa communauté reste un principe encore reconnu aujourd'hui dans de nombreuses formes d'héritage, juridique comme spirituel.","Seigneur, que l'alliance que tu établis avec moi rejaillisse aussi sur ceux qui viendront après moi."
1,9,8,en,"""God spoke to Noah and to his sons with him"" formally introduces the chapter's second part, devoted no longer to blessing and law but to the solemn establishment of the covenant itself, already announced in 6:18.","This shift in audience — Noah ""and his sons"" — immediately widens the scope of the coming covenant: it will concern not one righteous individual alone, but his whole descendance, foreshadowing the family and national covenants that will follow in biblical history.","That a commitment made toward one person naturally extends to their descendants and community remains a principle still recognized today in many forms of inheritance, legal and spiritual alike.","Lord, may the covenant you establish with me also overflow onto those who come after me."
1,9,9,fr,"« Avec votre postérité après vous » élargit explicitement l'alliance bien au-delà des seuls survivants du déluge : elle engage Dieu envers toutes les générations humaines à venir, sans limite de temps précisée — la toute première alliance véritablement universelle et perpétuelle de la Bible.","Que cette alliance soit établie unilatéralement par Dieu, sans condition explicite exigée de l'humanité en retour, la distingue des alliances conditionnelles ultérieures (comme celle du Sinaï) : elle repose entièrement sur la seule fidélité divine, un don pur et gratuit.","Un engagement pris sans condition de retour, fondé sur la seule décision de celui qui s'engage, reste un modèle rare et précieux d'amour inconditionnel, particulièrement contre-culturel dans une époque marquée par la logique du donnant-donnant.","Seigneur, merci pour ton alliance inconditionnelle, qui ne dépend d'aucun mérite de ma part."
1,9,9,en,"""With your offspring after you"" explicitly widens the covenant far beyond the flood's mere survivors: it binds God to every human generation to come, with no stated time limit — the Bible's very first truly universal, everlasting covenant.","That this covenant is established unilaterally by God, with no explicit condition demanded of humanity in return, sets it apart from later conditional covenants (like Sinai's): it rests entirely on divine faithfulness alone, a pure, free gift.","A commitment made with no condition of return, grounded solely in the decision of the one committing, remains a rare, precious model of unconditional love, especially countercultural in an age shaped by give-and-take logic.","Lord, thank you for your unconditional covenant, which depends on no merit of mine."
1,9,10,fr,"L'énumération détaillée des bénéficiaires de l'alliance — oiseaux, bétail, tous les animaux — confirme, comme au chapitre 6 (6,18-19), que l'alliance noahique n'est jamais réservée à l'humanité seule, mais embrasse la totalité du vivant sorti de l'arche.","Cette alliance universelle, englobant toute créature vivante et non seulement l'homme, précède historiquement et théologiquement toutes les alliances particulières à venir (Abraham, Moïse, David) : elle constitue le fondement le plus large sur lequel repose toute l'histoire biblique du salut.","Reconnaître que l'alliance de Dieu concerne toute la création, et non l'humanité seule, offre un fondement théologique solide à toute éthique contemporaine de responsabilité envers l'environnement et le vivant.","Seigneur, que je me souvienne que ton alliance embrasse toute ta création, et pas seulement moi-même."
1,9,10,en,"The detailed listing of the covenant's beneficiaries — birds, livestock, every animal — confirms, as in chapter 6 (6:18-19), that the Noahic covenant is never reserved for humanity alone, but embraces all the living things that came out of the ark.","This universal covenant, encompassing every living creature and not humanity alone, historically and theologically precedes every particular covenant to come (Abraham, Moses, David): it is the widest foundation on which the whole biblical history of salvation rests.","Recognizing that God's covenant concerns all creation, not humanity alone, offers a solid theological foundation for any contemporary ethic of responsibility toward the environment and living things.","Lord, may I remember that your covenant embraces all your creation, not myself alone."
1,9,11,fr,"La formule négative — « aucune chair ne sera plus exterminée par les eaux du déluge » — précise pour la première fois explicitement le contenu concret de la promesse : non l'absence de tout jugement futur, mais l'exclusion définitive de ce moyen précis de destruction universelle.","Cette limite précise posée par Dieu à sa propre action future — jamais plus par ce moyen précis — révèle une auto-limitation volontaire de la souveraineté divine, par amour et par fidélité envers sa propre création.","Qu'une puissance choisisse volontairement de se limiter elle-même, par respect et par amour envers ceux sur qui elle pourrait s'exercer, reste un modèle rare et précieux d'exercice responsable de l'autorité, à toute échelle.","Seigneur, merci de limiter toi-même ta juste colère par amour pour ta création. Aide-moi à imiter cette même retenue envers les autres."
1,9,11,en,"The negative formula — ""all flesh will not be cut off any more by the waters of the flood"" — for the first time explicitly spells out the concrete content of the promise: not the absence of all future judgment, but the final exclusion of this one specific means of universal destruction.","This precise limit God sets on his own future action — never again by this specific means — reveals a voluntary self-limitation of divine sovereignty, out of love and faithfulness toward his own creation.","That a power chooses to voluntarily limit itself, out of respect and love for those it could act upon, remains a rare, precious model of responsible authority, at any scale.","Lord, thank you for limiting your own just anger out of love for your creation. Help me imitate that same restraint toward others."
1,9,12,fr,"« Le signe de l'alliance » introduit un concept théologique fondamental qui reviendra pour chaque alliance majeure de la Bible : la circoncision pour Abraham (Genèse 17,11), le sabbat pour Moïse (Exode 31,13) — un signe visible et tangible rappelant une réalité invisible et durable.","Que Dieu choisisse de donner un signe visible, perpétuel et accessible à tous — l'arc-en-ciel — plutôt qu'un rite réservé à quelques-uns, souligne le caractère universel de cette toute première alliance, adressée à l'humanité entière sans distinction.","Avoir besoin de signes visibles et concrets pour ancrer une réalité de foi qui dépasse l'expérience immédiate reste une nécessité humaine universelle, à laquelle Dieu répond ici dès les tout premiers chapitres de la Bible.","Seigneur, merci de me donner des signes concrets et visibles de ta fidélité, adaptés à ma propre fragilité de compréhension."
1,9,12,en,"""The token of the covenant"" introduces a foundational theological concept that will recur for each of the Bible's major covenants: circumcision for Abraham (Genesis 17:11), the Sabbath for Moses (Exodus 31:13) — a visible, tangible sign recalling an invisible, lasting reality.","That God chooses to give a visible, everlasting sign accessible to all — the rainbow — rather than a rite reserved for a few, underlines this very first covenant's universal character, addressed to all humanity without distinction.","Needing visible, concrete signs to anchor a reality of faith that goes beyond immediate experience remains a universal human need, one God answers here from the Bible's very first chapters.","Lord, thank you for giving me concrete, visible signs of your faithfulness, suited to my own limited understanding."
1,9,13,fr,"« Mon arc » (qeshet) est le même mot hébreu couramment employé pour l'arc de guerre : certains commentateurs juifs anciens y voient une image saisissante — l'arme de jugement de Dieu, désormais suspendue dans le ciel, pointée vers le haut plutôt que vers la terre, comme un arc définitivement déposé.","Que l'instrument même du jugement devienne, une fois transformé, le signe visible d'une paix éternelle illustre magnifiquement la manière dont Dieu peut convertir ce qui menaçait en ce qui rassure — une dynamique que la Croix reprendra plus tard de façon suprême.","Transformer un symbole de menace ou de violence passée en un signe de paix et de réconciliation reste un processus profondément humain et spirituel, que beaucoup de démarches de guérison collective cherchent aujourd'hui à imiter.","Seigneur, transforme en moi aussi ce qui a été instrument de blessure en signe de paix et de réconciliation."
1,9,13,en,"""My rainbow"" (qeshet) is the same Hebrew word commonly used for a war bow: some ancient Jewish commentators see here a striking image — God's instrument of judgment, now hung in the sky, pointed upward rather than at the earth, like a bow finally laid down.","That the very instrument of judgment becomes, once transformed, the visible sign of an everlasting peace beautifully illustrates how God can turn what once threatened into what now reassures — a dynamic the Cross will later take up in the fullest way.","Turning a symbol of past threat or violence into a sign of peace and reconciliation remains a deeply human, spiritual process many efforts of collective healing seek to imitate today.","Lord, transform in me too whatever has been an instrument of wounding into a sign of peace and reconciliation."
1,9,14,fr,"« Quand j'aurai rassemblé des nuages » associe délibérément le signe de l'alliance aux conditions météorologiques mêmes qui, ailleurs, pourraient annoncer un nouveau déluge : l'arc-en-ciel apparaît précisément au moment où la peur pourrait légitimement resurgir.",Que le signe rassurant apparaisse précisément dans les circonstances les plus propices à la peur — l'accumulation des nuages — enseigne que la fidélité de Dieu se manifeste souvent au cœur même de ce qui pourrait raviver nos angoisses les plus anciennes.,"Trouver un signe d'espérance précisément au cœur des circonstances les plus propices au doute ou à la peur, plutôt qu'en dehors d'elles, reste une expérience spirituelle précieuse pour traverser sereinement toute situation incertaine.","Seigneur, que je sache reconnaître les signes de ta fidélité précisément dans les circonstances qui pourraient légitimement m'inquiéter."
1,9,14,en,"""When I bring a cloud over the earth"" deliberately ties the covenant's sign to the very weather conditions that, elsewhere, might announce a new flood: the rainbow appears exactly when fear might legitimately resurface.",That the reassuring sign appears precisely in the circumstances most conducive to fear — gathering clouds — teaches that God's faithfulness often shows itself at the very heart of what could revive our oldest anxieties.,"Finding a sign of hope precisely at the heart of the circumstances most conducive to doubt or fear, rather than apart from them, remains a precious spiritual experience for calmly facing any uncertain situation.","Lord, may I know how to recognize the signs of your faithfulness precisely in the circumstances that might legitimately worry me."
1,9,15,fr,"« Je me souviendrai de mon alliance » emploie le même verbe zakar déjà rencontré en 8,1 pour Noé : ce n'est plus seulement Dieu qui se souvient d'un homme juste, mais Dieu qui se souvient de sa propre parole donnée — une fidélité à soi-même autant qu'à sa créature.","Que Dieu se dise lui-même engagé à « se souvenir » de sa promesse, comme s'il pouvait en avoir besoin, est un langage délibérément accessible à l'homme : ce n'est pas Dieu qui a besoin de mémoire, mais l'homme qui a besoin de cette assurance exprimée en termes humains.","S'engager solennellement, y compris par un rappel visible et régulier, reste une pratique humaine universelle — anniversaires, symboles, rituels — que ce verset légitime dès les origines bibliques comme un besoin normal, non une faiblesse de foi.","Seigneur, merci de te souvenir de ton alliance envers moi, même quand ma propre mémoire de ta fidélité vacille."
1,9,15,en,"""I will remember my covenant"" uses the same verb zakar already met in 8:1 for Noah: it is no longer only God remembering a righteous man, but God remembering his own given word — a faithfulness to himself as much as to his creature.","That God speaks of himself as needing to ""remember"" his promise, as though he might need it, is language deliberately made accessible to humanity: it is not God who needs a memory, but humanity who needs this assurance expressed in human terms.","Making a solemn commitment, including through a visible, recurring reminder, remains a universal human practice — anniversaries, symbols, rituals — which this verse legitimizes, from the Bible's very origins, as a normal need, not a weakness of faith.","Lord, thank you for remembering your covenant with me, even when my own memory of your faithfulness falters."
1,9,16,fr,"« Et je le regarderai » — cette fois au singulier, s'adressant explicitement à Dieu lui-même regardant l'arc — insiste sur la dimension véritablement bilatérale du signe : il n'est pas seulement destiné au regard humain, mais constitue aussi, dans le texte, un rappel adressé à Dieu lui-même.","Que le texte biblique ose représenter Dieu contemplant lui-même le signe de sa propre alliance révèle une intimité étonnante entre le Créateur et sa promesse : Dieu ne se contente pas de promettre, il s'engage lui-même à se rappeler visuellement ce qu'il a promis.","Créer volontairement des rappels visuels et sensoriels de ses propres engagements, plutôt que de se fier uniquement à la mémoire abstraite, reste une pratique psychologiquement sage que ce verset légitime jusque dans l'action de Dieu lui-même.","Seigneur, comme toi-même tu regardes l'arc-en-ciel pour te souvenir, donne-moi des signes concrets pour me souvenir, moi aussi, de ta fidélité."
1,9,16,en,"""I will look at it"" — now in the singular, explicitly addressing God himself looking at the bow — stresses the sign's truly two-way dimension: it is not meant for human sight alone, but is, in the text, also a reminder addressed to God himself.",That the biblical text dares to depict God contemplating the sign of his own covenant reveals a striking intimacy between the Creator and his promise: God does not merely promise — he commits himself to visually recall what he has promised.,"Deliberately creating visual, sensory reminders of one's own commitments, rather than relying solely on abstract memory, remains a psychologically wise practice this verse legitimizes even in God's own action.","Lord, as you yourself look at the rainbow to remember, give me concrete signs to remember your faithfulness too."
1,9,17,fr,"Ce verset conclut formellement toute la section de l'alliance noahique, ouverte au verset 8, par une répétition finale qui en résume l'essentiel : Dieu, Noé, l'alliance et son signe — les quatre éléments constitutifs de cette première grande alliance biblique.","Que le texte referme cette section par une simple répétition, sans ajout ni nuance nouvelle, souligne combien l'essentiel a déjà été dit : une alliance de Dieu ne demande jamais à être complexifiée, seulement reçue et retenue avec confiance.","Savoir conclure clairement et simplement, sans ajouter d'éléments superflus une fois l'essentiel énoncé, reste une sagesse rhétorique et pédagogique que ce verset de clôture illustre avec sobriété.","Seigneur, que je retienne simplement et fermement l'essentiel de ton alliance avec moi, sans m'égarer dans des complications inutiles."
1,9,17,en,"This verse formally closes the whole Noahic covenant section opened in verse 8, with a final repetition summing up its essentials: God, Noah, the covenant, and its sign — the four constitutive elements of this first great biblical covenant.","That the text closes this section with a simple repetition, adding nothing new, underlines how much has already been said: a covenant of God never needs to be made more complex, only received and held onto with trust.","Knowing how to conclude clearly and simply, without adding superfluous elements once the essential has been stated, remains a rhetorical and pedagogical wisdom this closing verse soberly illustrates.","Lord, may I simply and firmly hold on to the essence of your covenant with me, without losing myself in needless complications."
1,9,18,fr,"La précision « Cham fut le père de Canaan », apparemment superflue à ce stade du récit, prépare discrètement l'épisode qui va suivre (v. 20-27) : le lecteur averti comprend déjà que ce qui va se jouer entre Noé et Cham aura des conséquences bien au-delà de la seule génération présente.","Introduire un détail apparemment mineur qui ne prendra tout son sens que plus loin dans le récit est une technique narrative fréquente de la Genèse, qui invite le lecteur à une attention soutenue : rien n'est jamais purement anecdotique dans le texte biblique.","Prêter attention aux détails en apparence secondaires d'un récit, sachant qu'ils peuvent receler un sens qui ne se révèle que plus tard, reste une discipline de lecture précieuse, biblique comme littéraire.","Seigneur, aide-moi à discerner, dans les détails apparemment mineurs de ma propre histoire, ce qui portera un jour un sens plus grand."
1,9,18,en,"The note ""Ham is the father of Canaan,"" apparently superfluous at this point in the story, quietly prepares the episode to follow (v. 20-27): the attentive reader already senses that what unfolds between Noah and Ham will have consequences reaching far beyond the present generation.","Introducing a seemingly minor detail that only takes on its full meaning later in the story is a frequent narrative technique in Genesis, inviting the reader's sustained attention: nothing in the biblical text is ever purely anecdotal.","Paying attention to a story's seemingly secondary details, knowing they may hold a meaning only revealed later, remains a valuable discipline of reading, biblical as much as literary.","Lord, help me discern, in the seemingly minor details of my own story, what will one day carry a greater meaning."
1,9,19,fr,« C'est leur postérité qui peupla toute la terre » annonce directement la Table des nations qui suivra au chapitre 10 : ce verset de transition relie explicitement l'histoire personnelle de Noé et de ses fils à l'histoire universelle de tous les peuples de la terre.,"Que l'humanité entière, dans sa diversité de peuples et de nations, descende d'une seule famille rescapée du déluge affirme une unité fondamentale et une parenté universelle entre tous les êtres humains, par-delà toutes les différences ultérieures.","L'unité fondamentale de la famille humaine, affirmée ici bien avant toute distinction de peuple, de nation ou de couleur, reste un fondement biblique puissant contre tout racisme ou toute hiérarchisation entre groupes humains.","Seigneur, aide-moi à reconnaître en tout être humain, quelle que soit son origine, un frère ou une sœur issu de cette même famille originelle."
1,9,19,en,"""From these, the whole earth was populated"" directly announces the Table of Nations to follow in chapter 10: this transitional verse explicitly links Noah and his sons' personal story to the universal history of every people on earth.","That all humanity, in the diversity of its peoples and nations, descends from one single family rescued from the flood affirms a fundamental unity and a universal kinship among all human beings, beyond every later difference.","The fundamental unity of the human family, affirmed here well before any distinction of people, nation, or color, remains a powerful biblical foundation against any racism or ranking between human groups.","Lord, help me recognize in every human being, whatever their origin, a brother or sister from this same original family."
1,9,20,fr,"« Noé commença à cultiver la terre » reprend le vocabulaire d'Adam (2,15 ; 3,23) : la culture de la terre, activité originelle de l'humanité, reprend son cours normal après le déluge, signe d'un retour progressif à la vie ordinaire.","Que Noé, l'homme intègre qui a marché avec Dieu (6,9), reprenne exactement la même activité que le premier Adam invite le lecteur à voir en lui une sorte de « nouvel Adam » — mais dont le récit qui suit va révéler, sans tarder, la même vulnérabilité humaine que son prédécesseur.","Reprendre une activité ordinaire et quotidienne après avoir traversé un événement extraordinaire est une transition naturelle et nécessaire, même pour les figures les plus exceptionnelles de l'histoire biblique.","Seigneur, aide-moi, comme Noé, à reprendre le cours normal de ma vie après chaque épreuve extraordinaire, sans en négliger la portée mais sans non plus m'y figer."
1,9,20,en,"""Noah began to be a farmer"" repeats Adam's own vocabulary (2:15; 3:23): tilling the ground, humanity's original activity, resumes its normal course after the flood, a sign of a gradual return to ordinary life.","That Noah, the blameless man who walked with God (6:9), takes up the very same activity as the first Adam invites the reader to see in him a kind of ""new Adam"" — though the story that follows will lose no time revealing the same human vulnerability as his predecessor.","Resuming an ordinary, everyday activity after living through an extraordinary event is a natural, necessary transition, even for the most exceptional figures of biblical history.","Lord, help me, like Noah, resume the normal course of my life after every extraordinary trial, without neglecting its meaning but without becoming stuck in it either."
1,9,21,fr,"Ce verset, laconique et sans jugement moral explicite, rapporte simplement les faits : l'ivresse de Noé, premier homme de la Bible explicitement décrit comme intoxiqué par le vin, révèle une fragilité inattendue chez celui présenté jusque-là comme intègre et fidèle.","Que même le « juste et intègre » Noé (6,9) puisse tomber dans une faiblesse aussi humaine rappelle qu'aucune figure biblique, même la plus exemplaire, n'est présentée comme parfaite ou à l'abri de toute chute : la sainteté biblique n'est jamais l'absence de fragilité.","Reconnaître que même les personnes les plus admirées et les plus intègres peuvent connaître des moments de faiblesse grave évite toute idéalisation naïve des figures qu'on admire, sans pour autant excuser leurs manquements.","Seigneur, garde-moi de toute présomption sur ma propre force. Que je reste humble devant mes propres fragilités, à l'image de Noé lui-même."
1,9,21,en,"This laconic verse, offering no explicit moral judgment, simply states the facts: Noah's drunkenness, the first person in the Bible explicitly described as intoxicated by wine, reveals an unexpected weakness in a man presented until now as blameless and faithful.","That even the ""righteous, blameless"" Noah (6:9) could fall into such a human weakness recalls that no biblical figure, however exemplary, is ever presented as perfect or immune to failure: biblical holiness is never the absence of frailty.","Recognizing that even the most admired, most upright people can have moments of serious weakness guards against naively idealizing the figures we admire, without thereby excusing their failings.","Lord, keep me from any presumption about my own strength. May I stay humble before my own frailties, as Noah himself was."
1,9,22,fr,"L'action précise de Cham — voir la nudité de son père et « le rapporter dehors à ses deux frères » — suggère, au-delà du simple constat, une forme de moquerie ou d'exposition publique de la honte paternelle, plutôt qu'une réaction de pudeur ou de discrétion.","Ce moment fait écho, en négatif, à la nudité sans honte du jardin d'Éden (2,25) : ce qui était innocence avant la faute devient maintenant, après elle, une vulnérabilité que l'un des fils choisit d'exposer plutôt que de protéger.","Exposer publiquement la faiblesse ou la vulnérabilité d'autrui, plutôt que de la couvrir avec discrétion, reste une faute morale que ce récit, par contraste avec l'attitude des deux autres frères, met clairement en lumière.","Seigneur, garde-moi de toute tentation d'exposer les faiblesses des autres. Apprends-moi plutôt à les couvrir avec discrétion et charité."
1,9,22,en,"Ham's precise action — seeing his father's nakedness and ""telling his two brothers outside"" — suggests, beyond a mere observation, some form of mockery or public exposure of his father's shame, rather than a reaction of modesty or discretion.","This moment echoes, in reverse, the shameless nakedness of the garden of Eden (2:25): what was innocence before the fall becomes now, after it, a vulnerability one of the sons chooses to expose rather than protect.","Publicly exposing another's weakness or vulnerability, rather than covering it with discretion, remains a moral fault this story, by contrast with the other two brothers' attitude, clearly brings to light.","Lord, keep me from any temptation to expose others' weaknesses. Teach me instead to cover them with discretion and charity."
1,9,23,fr,"Le geste minutieusement décrit de Sem et Japhet — marcher à reculons, le visage détourné — contraste fortement avec celui de Cham : un souci extrême de préserver la dignité paternelle, jusqu'à éviter physiquement tout regard sur sa nudité.","Ce geste de protection délicate, presque cérémonieux, illustre concrètement ce que signifie « couvrir » l'autre plutôt que l'exposer : un amour filial qui protège activement la dignité, même dans le moment le plus vulnérable et le moins glorieux d'un parent.","Choisir activement de protéger la dignité d'un proche en difficulté, même au prix d'un effort ou d'une gêne personnelle, reste un modèle concret de charité familiale que ce geste soigneusement décrit continue d'inspirer.","Seigneur, donne-moi la délicatesse de Sem et Japhet pour couvrir, plutôt que d'exposer, les faiblesses de ceux qui me sont proches."
1,9,23,en,"The carefully described gesture of Shem and Japheth — walking backward, faces turned away — sharply contrasts with Ham's: an extreme concern to preserve their father's dignity, going so far as to physically avoid seeing his nakedness.","This delicate, almost ceremonial gesture of protection concretely illustrates what it means to ""cover"" another rather than expose them: a filial love that actively protects dignity, even at a parent's most vulnerable, least glorious moment.","Actively choosing to protect a loved one's dignity in difficulty, even at the cost of personal effort or discomfort, remains a concrete model of family charity this carefully described gesture keeps inspiring.","Lord, give me the delicacy of Shem and Japheth, to cover rather than expose the weaknesses of those close to me."
1,9,24,fr,"« Ce que lui avait fait son fils cadet » — précision qui a suscité d'abondants débats parmi les commentateurs anciens et modernes sur la nature exacte de la faute de Cham, le texte hébreu restant volontairement discret sur les détails précis de l'incident.","Cette discrétion volontaire du texte sur la nature exacte de la faute invite le lecteur à se concentrer non sur les détails scandaleux d'un péché, mais sur ses conséquences relationnelles et sur la réaction contrastée des trois fils face à la vulnérabilité de leur père.","Se concentrer sur les conséquences relationnelles d'une faute plutôt que sur ses détails les plus scandaleux, comme le fait ce texte par sa discrétion même, reste une sagesse narrative et pastorale précieuse.","Seigneur, aide-moi à ne pas m'attarder sur le scandale des fautes commises autour de moi, mais à discerner comment y répondre avec justice et charité."
1,9,24,en,"""What his youngest son had done to him"" — a phrase that has sparked extensive debate among ancient and modern commentators about the exact nature of Ham's offense, the Hebrew text remaining deliberately discreet about the precise details of the incident.","This deliberate textual discretion about the exact nature of the offense invites the reader to focus not on the scandalous details of a sin, but on its relational consequences and the three sons' contrasting response to their father's vulnerability.","Focusing on the relational consequences of a wrongdoing rather than on its most scandalous details, as this text does through its very discretion, remains a valuable narrative and pastoral wisdom.","Lord, help me not to dwell on the scandal of the faults committed around me, but to discern how to respond to them with justice and charity."
1,9,25,fr,"La malédiction frappe Canaan, fils de Cham, et non Cham lui-même directement nommé dans la sentence : ce déplacement, qui a suscité de nombreuses discussions exégétiques, prépare le lecteur biblique au destin futur des Cananéens, peuple que rencontrera Israël bien plus tard.","Que la conséquence d'une faute retombe, selon la logique de ce texte ancien, sur une génération suivante illustre une conception antique de la solidarité familiale et générationnelle, très différente de la responsabilité strictement individuelle que d'autres textes bibliques, plus tardifs, viendront nuancer (Ézéchiel 18).","Ce texte, historiquement instrumentalisé de manière abusive pour justifier l'esclavage racial, doit être lu avec la plus grande prudence critique : rien dans le texte biblique ne fonde une hiérarchie entre peuples ou origines, et une telle lecture constitue une distorsion grave et condamnable du sens original.","Seigneur, garde-moi de toute lecture qui déformerait ta Parole pour justifier l'injustice ou la domination d'un peuple sur un autre."
1,9,25,en,"The curse strikes Canaan, Ham's son, rather than Ham himself who is named in the account: this shift, much discussed by exegetes, prepares the biblical reader for the future fate of the Canaanites, the people Israel will later encounter.","That the consequence of a fault falls, by this ancient text's logic, on a following generation illustrates an ancient conception of family and generational solidarity, very different from the strictly individual responsibility other, later biblical texts will come to nuance (Ezekiel 18).","This text, historically misused to justify racial slavery, must be read with the greatest critical caution: nothing in the biblical text grounds any hierarchy between peoples or origins, and such a reading constitutes a serious, condemnable distortion of its original meaning.","Lord, keep me from any reading that would distort your word to justify injustice or the domination of one people over another."
1,9,26,fr,"« Béni soit l'Eternel, Dieu de Sem » — une bénédiction adressée non directement à Sem lui-même, mais à Dieu en tant que « Dieu de Sem » — annonce discrètement la lignée par laquelle passera, plus tard, l'alliance avec Abraham, lui-même descendant de Sem (Genèse 11,10-26).","Ce détour par la louange de Dieu, plutôt qu'une bénédiction directe adressée à Sem, souligne une vérité constante de la théologie biblique : toute bénédiction véritable trouve son origine et sa source ultime en Dieu seul, jamais dans le seul mérite humain.","Attribuer à Dieu, plutôt qu'à soi-même, la source de toute réussite ou de toute bénédiction reçue reste une posture d'humilité précieuse, particulièrement à contre-courant d'une culture souvent centrée sur le mérite individuel.","Seigneur, que toute bénédiction que je reçois me ramène, comme cette parole de Noé, à Te louer Toi seul comme sa véritable source."
1,9,26,en,"""Blessed be Yahweh, the God of Shem"" — a blessing addressed not directly to Shem himself, but to God as ""the God of Shem"" — quietly announces the line through which the covenant with Abraham, himself a descendant of Shem, will later pass (Genesis 11:10-26).","This detour through praise of God, rather than a blessing addressed directly to Shem, underlines a constant truth of biblical theology: every true blessing finds its origin and ultimate source in God alone, never in human merit alone.","Attributing to God, rather than to oneself, the source of every success or blessing received remains a precious posture of humility, especially countercultural in a culture often centered on individual merit.","Lord, may every blessing I receive bring me back, like this word of Noah's, to praise you alone as its true source."
1,9,27,fr,"« Que Dieu étende les possessions de Japhet » joue sur la sonorité même du nom Japhet, proche du verbe hébreu yapht (étendre, élargir) : un jeu de mots qui annonce, selon une tradition d'interprétation juive ancienne, l'expansion géographique future des peuples descendant de lui.","« Qu'il habite dans les tentes de Sem » a été lu, dans la tradition chrétienne, comme une préfiguration de l'inclusion future des nations païennes (issues de Japhet) dans la bénédiction spirituelle initialement accordée à la lignée de Sem — un thème qui culminera dans l'universalité du salut offert par le Christ.","L'idée d'une bénédiction spirituelle initialement particulière, appelée à s'élargir progressivement pour inclure d'autres peuples et d'autres cultures, résonne encore aujourd'hui avec toute réflexion sur l'universalité du message et des valeurs qu'on cherche à transmettre.","Seigneur, que la bénédiction que tu m'accordes s'élargisse elle aussi, par mon témoignage, à ceux qui n'en bénéficient pas encore."
1,9,27,en,"""May God enlarge Japheth"" plays on the very sound of the name Japheth, close to the Hebrew verb yapht (to enlarge, to widen): a wordplay that, according to an ancient Jewish interpretive tradition, announces the future geographic expansion of the peoples descending from him.","""Let him dwell in the tents of Shem"" has been read, in Christian tradition, as foreshadowing the future inclusion of the Gentile nations (descended from Japheth) into the spiritual blessing initially granted to Shem's line — a theme that will culminate in the universal salvation offered by Christ.","The idea of a spiritual blessing initially particular, meant to gradually widen to include other peoples and cultures, still resonates today with any reflection on the universality of a message or values one seeks to pass on.","Lord, may the blessing you grant me also widen, through my witness, to reach those who do not yet share in it."
1,9,28,fr,"« Trois cent cinquante ans » après le déluge : ce chiffre, ajouté aux six cents ans de Noé au moment du déluge (7,6), donne un âge total de neuf cent cinquante ans (v. 29), le troisième plus élevé de toute la Bible après Metuschélah et Jéred.","Que Noé continue à vivre aussi longtemps après l'événement le plus dramatique et le plus décisif de sa vie rappelle qu'une existence, même marquée par un moment fondateur exceptionnel, continue toujours de se dérouler bien au-delà de cet instant unique.","Ne pas réduire une vie entière à son seul moment le plus marquant ou le plus héroïque, mais reconnaître la valeur de toutes les années qui suivent, reste une perspective équilibrée que cette précision chronologique invite à adopter.","Seigneur, que je vive pleinement chaque saison de ma vie, sans la réduire à mes seuls moments les plus marquants du passé."
1,9,28,en,"""Three hundred fifty years"" after the flood: this figure, added to Noah's six hundred years at the time of the flood (7:6), gives a total age of nine hundred fifty years (v. 29), the third highest in the whole Bible after Methuselah and Jared.","That Noah goes on living so long after the most dramatic, most decisive event of his life recalls that a life, even one marked by an exceptional founding moment, always keeps unfolding well beyond that single instant.","Not reducing an entire life to its single most striking or heroic moment, but recognizing the value of every year that follows, remains a balanced perspective this chronological detail invites us to adopt.","Lord, may I live fully every season of my life, without reducing it to my most striking moments from the past."
1,9,29,fr,"« Puis il mourut » referme, sur Noé lui-même, la même formule qui rythmait déjà toute la généalogie du chapitre 5 : le héros du déluge, malgré son rôle unique dans l'histoire du salut, reste soumis à la même mortalité commune que tous les hommes qui l'ont précédé.","Que même Noé, sauvé miraculeusement des eaux et bénéficiaire d'une alliance perpétuelle, finisse par mourir comme tout homme rappelle qu'aucun salut terrestre, aussi remarquable soit-il, n'échappe finalement à la condition mortelle commune — seule la résurrection promise en Christ y mettra un terme définitif.","Se souvenir qu'aucune réussite ou expérience exceptionnelle, aussi marquante soit-elle, ne rend quiconque immortel reste une leçon d'humilité salutaire, valable pour toute figure admirée, ancienne ou contemporaine.","Seigneur, que le souvenir de la mort de Noé, malgré tout ce qu'il a vécu et accompli, m'oriente vers l'unique espérance qui dépasse la mort : la résurrection promise en Christ."
1,9,29,en,"""Then he died"" closes, over Noah himself, the same formula that already set the rhythm of chapter 5's whole genealogy: the flood's hero, despite his unique role in the history of salvation, remains subject to the same common mortality as every man before him.","That even Noah, miraculously saved from the waters and given an everlasting covenant, eventually dies like every man recalls that no earthly salvation, however remarkable, finally escapes the common mortal condition — only the resurrection promised in Christ will bring that to a final end.","Remembering that no success or exceptional experience, however striking, makes anyone immortal remains a salutary lesson in humility, valid for any admired figure, ancient or contemporary.","Lord, may the memory of Noah's death, despite all he lived through and accomplished, turn me toward the one hope that outlasts death: the resurrection promised in Christ."
1,10,1,fr,"Ce verset ouvre la « Table des nations », l'un des textes les plus anciens de toute l'Antiquité à tenter de cartographier l'ensemble des peuples connus de son auteur — soixante-dix nations au total, un chiffre symbolique de plénitude et d'universalité.","Que la Bible s'ouvre à l'histoire de tous les peuples, et non à celle du seul peuple élu, avant même l'appel d'Abraham (ch. 12), affirme dès le départ l'horizon universel du dessein de Dieu, qui embrasse toute l'humanité avant de se concentrer sur une lignée particulière.","Une vision réellement universelle de l'humanité, attentive à la diversité réelle des peuples et des nations plutôt qu'à un seul groupe privilégié, trouve dans ce chapitre l'un de ses tout premiers témoins littéraires.","Seigneur, élargis mon regard à la mesure du tien, qui embrasse tous les peuples de la terre avant même de se concentrer sur un seul."
1,10,1,en,"This verse opens the ""Table of Nations,"" one of the oldest texts in all of antiquity attempting to map every people known to its author — seventy nations in all, a symbolic number of fullness and universality.","That the Bible opens onto the history of every people, not only the chosen one, even before Abraham's call (ch. 12), affirms from the start the universal horizon of God's plan, which embraces all humanity before focusing on one particular line.","A truly universal vision of humanity, attentive to the real diversity of peoples and nations rather than to one privileged group, finds in this chapter one of its earliest literary witnesses.","Lord, widen my view to match yours, which embraces every people on earth before ever focusing on just one."
1,10,2,fr,"Les descendants de Japhet sont généralement identifiés aux peuples du nord et de l'ouest de la Méditerranée — Anatolie, régions pontiques, monde égéen — les plus éloignés géographiquement du cœur du récit biblique centré sur le Proche-Orient.","Que même les peuples les plus lointains géographiquement soient nommés avec le même soin que les autres montre que l'attention de Dieu, dès cette liste, ne connaît aucune frontière de proximité ou d'éloignement.","Prendre soin de connaître et de nommer précisément des peuples ou des cultures éloignés de la sienne, plutôt que de les réduire à une masse indistincte, reste une discipline d'attention que cette liste, par son exhaustivité même, continue d'enseigner.","Seigneur, aide-moi à porter un regard aussi attentif sur les peuples lointains que sur ceux qui me sont proches."
1,10,2,en,"Japheth's descendants are generally identified with the peoples north and west of the Mediterranean — Anatolia, the Pontic regions, the Aegean world — the farthest geographically from the heart of the biblical narrative centered on the Near East.","That even the geographically farthest peoples are named with the same care as the others shows that God's attention, even in this list, knows no border of closeness or distance.","Taking care to know and precisely name peoples or cultures far from one's own, rather than reducing them to an undifferentiated mass, remains a discipline of attention this list, through its very thoroughness, keeps teaching.","Lord, help me look at distant peoples with the same attentiveness I give to those close to me."
1,10,3,fr,"Les fils de Gomer sont traditionnellement associés à des peuples d'Anatolie et au-delà — Ashkénaz notamment, dont le nom sera repris beaucoup plus tard pour désigner, dans le judaïsme médiéval, les communautés juives d'Europe du Nord et de l'Est.","Que des noms bibliques anciens, presque oubliés dans leur signification originelle, continuent de résonner des millénaires plus tard dans l'histoire d'un peuple, montre la manière dont un texte ancien peut nourrir une mémoire vivante sur une très longue durée.",La persistance de noms et de récits anciens dans l'identité de communautés bien plus tardives illustre la force durable de la transmission culturelle et religieuse à travers les siècles.,"Seigneur, que mon propre nom, transmis à ceux qui viendront après moi, porte lui aussi la trace durable de ta fidélité."
1,10,3,en,"Gomer's sons are traditionally linked to peoples of Anatolia and beyond — Ashkenaz in particular, whose name would be taken up much later to designate, in medieval Judaism, the Jewish communities of Northern and Eastern Europe.","That ancient biblical names, nearly forgotten in their original meaning, keep resonating millennia later in a people's history shows how an ancient text can nourish a living memory over a very long span.",The persistence of ancient names and stories in the identity of much later communities illustrates the lasting power of cultural and religious transmission across the centuries.,"Lord, may my own name, passed on to those who come after me, also carry a lasting trace of your faithfulness."
1,10,4,fr,"Les fils de Javan sont généralement rattachés au monde grec et à ses colonies méditerranéennes — Javan lui-même désignant vraisemblablement l'Ionie — signe que les auteurs bibliques avaient une connaissance, même partielle, du monde égéen dès une période très ancienne.","L'inclusion précoce du monde grec, plus tard si central pour la diffusion du christianisme naissant, dans cette liste des nations connues, préfigure discrètement le rôle que cette culture jouera dans l'histoire du salut à venir.","Reconnaître, comme le fait cette liste, les racines lointaines et croisées de cultures qui sembleront plus tard très éloignées les unes des autres nourrit une meilleure compréhension de l'interconnexion historique des civilisations.","Seigneur, merci pour la manière dont tu tisses, à travers l'histoire des peuples, un dessein plus vaste que ce que chacun peut percevoir en son temps."
1,10,4,en,"Javan's sons are generally tied to the Greek world and its Mediterranean colonies — Javan itself likely designating Ionia — a sign that the biblical authors had some knowledge, even partial, of the Aegean world from a very early period.","The early inclusion of the Greek world, later so central to the spread of nascent Christianity, in this list of known nations quietly foreshadows the role this culture will play in the history of salvation to come.","Recognizing, as this list does, the distant and intertwined roots of cultures that will later seem quite far apart from one another nourishes a better understanding of how interconnected civilizations have always been.","Lord, thank you for the way you weave, through the history of peoples, a plan larger than what any of them can perceive in their own time."
1,10,5,fr,"« Selon la langue de chacun » introduit, avant même le récit de Babel (ch. 11), la diversité linguistique comme un fait déjà constaté : ce chapitre décrit une dispersion géographique et culturelle progressive, que le chapitre suivant expliquera par un événement fondateur précis.","Que la diversité des langues soit ici présentée simplement comme un fait de la géographie humaine, avant de recevoir au chapitre suivant une explication théologique liée au jugement de Babel, invite à ne pas lire cette diversité comme uniquement négative en elle-même.","La pluralité des langues et des cultures, loin d'être seulement un obstacle à surmonter, peut aussi se lire comme une richesse constitutive de l'humanité, reflet de sa diversité voulue par Dieu.","Seigneur, que je sache accueillir la diversité des langues et des cultures comme une richesse, et non seulement comme une difficulté à surmonter."
1,10,5,en,"""After his language"" introduces, even before the account of Babel (ch. 11), linguistic diversity as an already established fact: this chapter describes a gradual geographic and cultural dispersion, which the next chapter will explain through one specific founding event.","That the diversity of languages is presented here simply as a fact of human geography, before receiving in the next chapter a theological explanation tied to Babel's judgment, invites us not to read this diversity as merely negative in itself.","The plurality of languages and cultures, far from being only an obstacle to overcome, can also be read as a wealth constitutive of humanity, reflecting the diversity God willed.","Lord, may I welcome the diversity of languages and cultures as a richness, not only as a difficulty to overcome."
1,10,6,fr,"Les quatre fils de Cham — Cusch, Mitsraïm, Puth et Canaan — couvrent respectivement, selon l'identification traditionnelle, la région nubienne, l'Égypte, une zone d'Afrique du Nord ou de la péninsule arabique, et enfin la terre de Canaan elle-même, future terre promise à Israël.","Que la terre de Canaan, plus tard donnée à Israël, soit ici rattachée généalogiquement à la lignée de Cham — celle qui portera la malédiction du chapitre précédent (9,25) — annonce discrètement, dès cette liste, la tension future entre Israël et les peuples cananéens.","Comprendre les tensions historiques entre peuples voisins à la lumière de généalogies et d'histoires anciennes, sans pour autant s'y enfermer de façon déterministe, reste un exercice d'interprétation prudent que ce texte invite à pratiquer.","Seigneur, que je ne réduise jamais un peuple ou une personne à son seul passé, mais que je reste ouvert à ce que ta grâce peut encore y accomplir."
1,10,6,en,"Ham's four sons — Cush, Mizraim, Put, and Canaan — cover, by traditional identification, the Nubian region, Egypt, a zone of North Africa or the Arabian peninsula, and finally the land of Canaan itself, Israel's future promised land.","That the land of Canaan, later given to Israel, is here genealogically tied to Ham's line — the one bearing the previous chapter's curse (9:25) — quietly foreshadows, from this list on, the future tension between Israel and the Canaanite peoples.","Understanding historical tensions between neighboring peoples in light of ancient genealogies and stories, without becoming trapped in a deterministic reading of them, remains a cautious exercise in interpretation this text invites us to practice.","Lord, keep me from ever reducing a people or a person to their past alone, and keep me open to what your grace can still accomplish there."
1,10,7,fr,"Les descendants de Cusch, généralement associés à la région nubienne et à l'Afrique de l'Est, comptent parmi les peuples les plus au sud mentionnés dans cette liste : le texte biblique, dès ses premières pages, atteste d'une connaissance du continent africain.","Cette liste, qui embrasse des peuples aussi divers géographiquement que ceux d'Afrique, d'Asie Mineure et de la Méditerranée, rappelle que la vision biblique de l'humanité n'a jamais été restreinte à une seule région du monde connu.",Reconnaître la présence explicite du continent africain dans les toutes premières pages de la Bible offre un fondement précieux contre toute vision de l'histoire biblique qui l'ignorerait ou la marginaliserait.,"Seigneur, merci pour la diversité des peuples que tu as créés et nommés, de toutes les régions de la terre."
1,10,7,en,"Cush's descendants, generally tied to the Nubian region and East Africa, are among the southernmost peoples mentioned in this list: from its very first pages, the biblical text attests to a knowledge of the African continent.","This list, embracing peoples as geographically diverse as those of Africa, Asia Minor, and the Mediterranean, recalls that the biblical vision of humanity was never confined to a single region of the known world.",Recognizing the explicit presence of the African continent on the Bible's very first pages offers a precious foundation against any view of biblical history that ignores or marginalizes it.,"Lord, thank you for the diversity of peoples you created and named, from every region of the earth."
1,10,8,fr,"Nimrod, présenté comme le premier « puissant sur la terre », rompt le schéma purement généalogique de la liste pour introduire un bref récit narratif : la Genèse s'arrête sur cette figure pour ce qu'elle représente — l'émergence des tout premiers grands empires humains.","Que le texte s'attarde sur Nimrod, fondateur de royaumes puissants, juste après avoir énuméré tant de peuples sans relief particulier, souligne un contraste voulu : la puissance politique humaine, aussi impressionnante soit-elle, reste un phénomène parmi d'autres dans le plan plus vaste de Dieu.","Interroger la nature et l'origine du pouvoir politique et militaire, plutôt que de l'admirer sans discernement, reste une démarche critique que cette brève notice sur Nimrod invite déjà à adopter.","Seigneur, garde-moi de toute fascination aveugle pour la puissance humaine, quelle qu'en soit la forme."
1,10,8,en,"Nimrod, presented as the first ""mighty one on the earth,"" breaks the list's purely genealogical pattern to introduce a brief narrative: Genesis pauses on this figure for what he represents — the emergence of the very first great human empires.","That the text lingers on Nimrod, founder of powerful kingdoms, right after listing so many peoples with no particular distinction, underlines a deliberate contrast: human political power, however impressive, remains one phenomenon among others within God's much larger plan.","Questioning the nature and origin of political and military power, rather than admiring it without discernment, remains a critical approach this brief note on Nimrod already invites us to adopt.","Lord, keep me from any blind fascination with human power, in whatever form it takes."
1,10,9,fr,"« Vaillant chasseur devant l'Eternel » est devenu une expression proverbiale, mais son sens exact reste discuté : certains y voient un simple éloge de prouesse physique, d'autres une nuance plus ironique ou ambivalente, la préposition « devant » (lifnei) pouvant aussi suggérer une opposition ou un défi envers Dieu.","L'ambiguïté volontaire de cette formule — louange sincère ou critique voilée — reflète la tension permanente de l'Écriture face au pouvoir humain : jamais condamné en soi, mais toujours regardé avec un certain recul critique quant à son usage réel.","Garder un regard nuancé et critique sur les figures de pouvoir admirées par une culture, sans les condamner ni les glorifier aveuglément, reste une posture équilibrée que cette formule ambiguë continue d'inspirer.","Seigneur, donne-moi un regard juste sur les puissants de ce monde, ni fasciné ni systématiquement méfiant, mais toujours attentif à Ta vérité."
1,10,9,en,"""A mighty hunter before Yahweh"" has become a proverbial expression, but its exact meaning remains debated: some see a simple praise of physical prowess, others a more ironic, ambivalent note, since the preposition ""before"" (lifnei) can also suggest opposition or defiance toward God.","This phrase's deliberate ambiguity — sincere praise or veiled criticism — reflects Scripture's ongoing tension toward human power: never condemned in itself, but always regarded with a certain critical distance about how it is actually used.","Keeping a nuanced, critical eye on the power figures a culture admires, neither condemning nor blindly glorifying them, remains a balanced posture this ambiguous phrase keeps inspiring.","Lord, give me a right view of the powerful of this world — neither fascinated nor reflexively suspicious, but always attentive to your truth."
1,10,10,fr,"« Babel » apparaît ici, dans la liste des royaumes de Nimrod, avant même le récit détaillé du chapitre suivant : cette mention anticipée prépare directement le lecteur à l'épisode de la tour et de la confusion des langues (11,1-9).","Que Babel soit associée dès ici à la puissance impériale de Nimrod, plutôt qu'à un simple lieu géographique neutre, oriente déjà la lecture du récit à venir vers une critique de l'orgueil et de la centralisation du pouvoir humain.","Les grands centres de pouvoir politique, économique ou technologique, concentrant toujours davantage d'influence, méritent aujourd'hui encore le même regard vigilant que cette mention précoce de Babel invite à porter.","Seigneur, garde-moi de toute fascination pour les grands centres de pouvoir, et attache mon cœur à ce qui compte vraiment à tes yeux."
1,10,10,en,"""Babel"" appears here, in the list of Nimrod's kingdoms, even before the next chapter's detailed account: this early mention directly prepares the reader for the episode of the tower and the confusion of languages (11:1-9).","That Babel is tied here, from the start, to Nimrod's imperial power, rather than to a mere neutral geographic location, already steers the reading of the coming story toward a critique of pride and the centralization of human power.","Today's great centers of political, economic, or technological power, ever concentrating more influence, still deserve the same watchful eye this early mention of Babel invites us to keep.","Lord, keep me from any fascination with the great centers of power, and fasten my heart to what truly matters in your eyes."
1,10,11,fr,"Le texte hébreu de ce verset est ambigu et a été lu de deux façons opposées : soit Assur (l'Assyrie) sort du royaume de Nimrod pour fonder ses propres villes en signe de résistance, soit c'est Nimrod lui-même qui étend son empire jusqu'en Assyrie — les traductions anciennes divergent sur ce point.","Cette ambiguïté textuelle, loin d'être un simple problème philologique, illustre bien la complexité réelle des rapports de pouvoir entre les premiers grands empires : domination, résistance ou expansion, les lignes ne sont jamais aussi nettes que le voudrait une lecture simpliste.","Reconnaître la complexité réelle des relations de pouvoir entre nations ou empires, plutôt que de les réduire à des récits simplistes de domination pure ou de résistance héroïque, reste une exigence d'honnêteté historique que ce verset, par son ambiguïté même, illustre.","Seigneur, donne-moi la sagesse de discerner la complexité réelle des situations, plutôt que de me satisfaire d'explications trop simples."
1,10,11,en,"This verse's Hebrew text is ambiguous and has been read in two opposite ways: either Asshur (Assyria) leaves Nimrod's kingdom to found his own cities as an act of resistance, or Nimrod himself extends his empire into Assyria — ancient translations differ on this point.","This textual ambiguity, far from a mere philological problem, well illustrates the real complexity of power relations among the first great empires: domination, resistance, or expansion — the lines are never as clean as a simplistic reading would want.","Recognizing the real complexity of power relations between nations or empires, rather than reducing them to simplistic stories of pure domination or heroic resistance, remains a demand of historical honesty this verse, through its very ambiguity, illustrates.","Lord, give me the wisdom to discern the real complexity of situations, rather than settling for explanations that are too simple."
1,10,12,fr,"« Résen... c'est la grande ville » est une précision géographique probablement destinée à situer cette ville moins connue par rapport à Ninive, capitale bien plus célèbre de l'empire assyrien, mentionnée juste avant : un souci de clarté typique du style précis de ces généalogies.","Ninive, mentionnée ici presque en passant parmi d'autres villes, deviendra plus tard le théâtre de l'un des récits les plus marquants de miséricorde divine envers une nation païenne — celui du prophète Jonas — un rappel que ces listes préparent souvent, sans le savoir encore, des récits à venir bien plus développés.","Ce qui semble aujourd'hui n'être qu'une simple mention géographique parmi d'autres peut, plus tard, devenir le théâtre d'un événement décisif : une invitation à ne jamais mépriser les détails apparemment mineurs d'une histoire encore en cours.","Seigneur, prépare dès aujourd'hui, à travers les détails apparemment mineurs de ma vie, ce que tu veux accomplir demain."
1,10,12,en,"""Resen... the same is the great city"" is a geographic clarification likely meant to situate this lesser-known city in relation to Nineveh, the far more famous Assyrian capital mentioned just before: a concern for clarity typical of these genealogies' precise style.","Nineveh, mentioned here almost in passing among other cities, will later become the setting for one of the most striking accounts of divine mercy toward a pagan nation — that of the prophet Jonah — a reminder that such lists often quietly prepare, without yet knowing it, far more developed stories to come.",What seems today to be a mere geographic mention among others can later become the setting of a decisive event — an invitation never to despise the seemingly minor details of a story still unfolding.,"Lord, prepare even now, through the seemingly minor details of my life, what you want to accomplish tomorrow."
1,10,13,fr,"Les descendants de Mitsraïm (l'Égypte, dont le nom hébreu reste identique à celui du pays lui-même) énumèrent plusieurs peuples nord-africains, dont l'identification précise reste largement débattue par les spécialistes de géographie historique ancienne.","Que l'Égypte, terre où Israël connaîtra plus tard à la fois l'accueil (Joseph) et l'esclavage (l'Exode), apparaisse ici simplement comme l'une des nations descendant de Noé parmi d'autres, rappelle que le texte biblique résiste à toute diabolisation simpliste d'un peuple entier.","Résister à la tentation de réduire un peuple ou une nation à son seul rôle, positif ou négatif, dans une seule période de l'histoire, reste une nuance précieuse que cette mention neutre et généalogique de l'Égypte invite à retenir.","Seigneur, garde-moi de juger un peuple entier à partir d'un seul chapitre de son histoire, aussi marquant soit-il."
1,10,13,en,"Mizraim's descendants (Egypt, whose Hebrew name remains identical to the country's own) list several North African peoples, whose precise identification remains widely debated among specialists in ancient historical geography.","That Egypt, the land where Israel will later know both welcome (Joseph) and slavery (the Exodus), appears here simply as one of the nations descended from Noah among others recalls that the biblical text resists any simplistic demonizing of an entire people.","Resisting the temptation to reduce a people or a nation to its single role, positive or negative, in one period of history remains a precious nuance this neutral, genealogical mention of Egypt invites us to keep.","Lord, keep me from judging an entire people by a single chapter of their history, however striking it may be."
1,10,14,fr,"La mention des Philistins, « sortis » des Casluhim selon ce verset, introduit discrètement l'un des peuples qui deviendra l'un des adversaires les plus récurrents d'Israël dans les livres historiques ultérieurs (Juges, Samuel) — une origine généalogique déjà notée bien avant leur entrée en scène narrative.","Que même les futurs adversaires les plus déterminés d'Israël soient nommés ici avec la même sobriété généalogique que tous les autres peuples rappelle que l'hostilité future entre nations n'efface jamais leur commune origine humaine, issue d'une seule famille sauvée du déluge.","Se souvenir de l'origine commune de deux peuples devenus ensuite rivaux ou ennemis peut aider à relativiser, sans les nier, les conflits historiques qui les opposent — une piste de réconciliation mémorielle que ce texte suggère implicitement.","Seigneur, aide-moi à me souvenir de l'humanité commune de ceux que je pourrais considérer, à tort, comme de purs adversaires."
1,10,14,en,"The mention of the Philistines, ""descended from"" the Casluhim according to this verse, quietly introduces one of the peoples who will become one of Israel's most recurring adversaries in the later historical books (Judges, Samuel) — a genealogical origin already noted well before their narrative entrance.","That even Israel's future most determined adversaries are named here with the same genealogical sobriety as every other people recalls that future hostility between nations never erases their common human origin, descended from one family saved from the flood.","Remembering the common origin of two peoples who later became rivals or enemies can help put their historical conflicts in perspective, without denying them — a path of memorial reconciliation this text implicitly suggests.","Lord, help me remember the common humanity of those I might wrongly consider pure adversaries."
1,10,15,fr,"Sidon, mentionné ici comme le premier-né de Canaan, deviendra l'une des grandes cités phéniciennes de l'Antiquité, réputée pour son commerce maritime et son artisanat — un rôle économique majeur déjà suggéré par cette place d'honneur dans la généalogie.","Que le texte prenne soin de préciser le rang de premier-né pour Sidon, alors que tant d'autres noms de cette liste ne reçoivent aucune précision particulière, montre l'attention méticuleuse portée à l'ordre et à la structure familiale, même au sein d'une simple énumération.","L'attention portée aux détails de préséance et d'ordre familial dans des cultures anciennes, aujourd'hui souvent perçue comme secondaire, révèle en réalité une conception profonde de l'identité collective transmise génération après génération.","Seigneur, que je porte attention, comme ce texte, aux liens et à l'ordre qui structurent ma propre famille et mon héritage."
1,10,15,en,"Sidon, mentioned here as Canaan's firstborn, will become one of antiquity's great Phoenician cities, famed for its maritime trade and craftsmanship — a major economic role already suggested by this place of honor in the genealogy.","That the text takes care to specify Sidon's firstborn rank, while so many other names in this list receive no particular note, shows the meticulous attention given to family order and structure, even within a simple listing.","The attention ancient cultures gave to details of precedence and family order, often seen today as secondary, actually reveals a deep conception of collective identity passed down generation after generation.","Lord, may I pay attention, as this text does, to the bonds and the order that structure my own family and heritage."
1,10,16,fr,"Les Jébusiens, les Amoréens et les Guirgasiens comptent parmi les peuples cananéens que Josué et Israël rencontreront directement lors de la conquête de la terre promise (Josué 3,10) : cette liste généalogique prépare ainsi, des siècles à l'avance dans la chronologie narrative, la géographie humaine du futur conflit.","Que ces peuples soient nommés avec précision, bien avant leur rencontre future avec Israël, montre que rien de l'histoire à venir n'échappe à la connaissance et à la préparation minutieuse de Dieu, qui inscrit déjà les acteurs futurs dans le tissu même de la création.","Percevoir qu'une situation présente, aussi complexe soit-elle, s'inscrit dans une histoire beaucoup plus longue et déjà façonnée par des générations entières aide à l'aborder avec davantage de perspective et de patience.","Seigneur, aide-moi à situer mes propres défis présents dans la perspective plus large de l'histoire que tu conduis depuis toujours."
1,10,16,en,"The Jebusites, Amorites, and Girgashites are among the Canaanite peoples Joshua and Israel will directly encounter during the conquest of the promised land (Joshua 3:10): this genealogical list thus prepares, centuries ahead in the narrative timeline, the human geography of a future conflict.","That these peoples are precisely named, long before their future encounter with Israel, shows that nothing of the history to come escapes God's careful knowledge and preparation, who already writes the future actors into the very fabric of creation.","Perceiving that a present situation, however complex, is set within a much longer history already shaped by whole generations helps approach it with more perspective and patience.","Lord, help me set my own present challenges within the larger perspective of the history you have always been guiding."
1,10,17,fr,"Les Héviens, Arkiens et Siniens, peuples moins fréquemment mentionnés ailleurs dans la Bible, illustrent l'exhaustivité recherchée par cette liste : même des groupes ethniques mineurs, dont l'histoire ultérieure laissera peu de traces, méritent d'être nommés avec la même précision que les plus connus.","Que des peuples aujourd'hui presque oubliés reçoivent ici la même attention nominative que les grandes nations de l'histoire rappelle que la mémoire de Dieu, contrairement à celle des hommes, n'oublie jamais aucun peuple, aussi petit ou éphémère qu'il ait pu paraître.","Se souvenir que l'histoire humaine ne se résume jamais aux seules grandes puissances, mais inclut une multitude de peuples plus modestes dont la mémoire mérite d'être préservée, reste une leçon d'humilité historique précieuse.","Seigneur, merci de te souvenir de chaque peuple, aussi petit ou oublié soit-il par l'histoire humaine."
1,10,17,en,"The Hivites, Arkites, and Sinites, peoples less often mentioned elsewhere in the Bible, illustrate the thoroughness this list aims for: even minor ethnic groups, whose later history leaves little trace, deserve to be named with the same precision as the best known.","That peoples nearly forgotten today receive here the same nominal attention as history's great nations recalls that God's memory, unlike ours, never forgets any people, however small or fleeting it may have seemed.","Remembering that human history is never reducible to the great powers alone, but includes a multitude of more modest peoples whose memory deserves preserving, remains a precious lesson in historical humility.","Lord, thank you for remembering every people, however small or forgotten by human history."
1,10,18,fr,"« Ensuite, les familles des Cananéens se dispersèrent » marque, au sein même de la lignée de Cham, un premier mouvement de dispersion géographique, préfigurant à petite échelle ce que le récit de Babel décrira bientôt à l'échelle de l'humanité entière.","Ce motif de la dispersion, qui reviendra de façon bien plus dramatique au chapitre suivant, apparaît ici déjà comme un phénomène naturel de croissance et d'expansion des peuples, avant de recevoir, à Babel, une dimension explicitement théologique de jugement.","Distinguer la dispersion naturelle et positive des peuples, liée à leur croissance normale, de la dispersion comme conséquence d'un jugement plus grave, aide à mieux comprendre la nuance de ce que la Bible dit réellement sur la diversité humaine.","Seigneur, que toute dispersion ou tout éloignement que je vis trouve son sens dans ton dessein plus vaste pour l'humanité."
1,10,18,en,"""Afterward the families of the Canaanites were spread abroad"" marks, within Ham's own line, a first movement of geographic dispersion, foreshadowing on a small scale what the Babel narrative will soon describe on the scale of all humanity.","This motif of dispersion, which will return far more dramatically in the next chapter, appears here already as a natural phenomenon of a people's growth and expansion, before receiving, at Babel, an explicitly theological dimension of judgment.","Distinguishing the natural, positive dispersion of peoples tied to their normal growth from dispersion as the consequence of a more serious judgment helps better understand the real nuance of what the Bible says about human diversity.","Lord, may every dispersion or distance I experience find its meaning within your larger plan for humanity."
1,10,19,fr,"La mention explicite de « Sodome, de Gomorrhe, d'Adma et de Tseboïm » comme limites du territoire cananéen introduit discrètement, dès cette liste généalogique, des noms de villes dont la destruction dramatique sera racontée bien plus tard (Genèse 19) — une préparation narrative subtile.","Que ces villes, plus tard synonymes du jugement divin le plus sévère, apparaissent ici simplement comme des repères géographiques neutres montre à quel point leur destin tragique n'était pas encore scellé au moment de cette liste : le jugement futur ne préexiste jamais de façon fataliste dans le texte biblique.","Se rappeler qu'aucun lieu ni aucun peuple n'est condamné d'avance dans la pensée biblique, mais que chaque destin se joue dans le temps et par des choix réels, reste un antidote précieux contre tout déterminisme historique ou géographique.","Seigneur, garde-moi de tout fatalisme sur mon propre avenir ou celui des autres : rien n'est jamais scellé d'avance devant Toi."
1,10,19,en,"The explicit mention of ""Sodom, Gomorrah, Admah, and Zeboiim"" as boundaries of Canaanite territory quietly introduces, already in this genealogical list, city names whose dramatic destruction will be told much later (Genesis 19) — a subtle piece of narrative preparation.","That these cities, later synonymous with the harshest divine judgment, appear here simply as neutral geographic markers shows how far from sealed their tragic fate still was at the time of this list: future judgment is never presented fatalistically in the biblical text.","Remembering that no place or people is condemned in advance in biblical thought, but that every fate is worked out in time and through real choices, remains a precious antidote to any historical or geographic determinism.","Lord, keep me from any fatalism about my own future or that of others: nothing is ever sealed in advance before you."
1,10,20,fr,"Cette formule de clôture — « selon leurs familles, selon leurs langues, selon leurs pays, selon leurs nations » — reviendra à l'identique pour Sem (v. 31) et pour l'ensemble du chapitre (v. 32), structurant toute la Table des nations en un système méthodique à quatre critères de classification.","Cette structure répétée quatre fois — famille, langue, pays, nation — révèle le soin extrême avec lequel le texte biblique cherche à rendre compte de la diversité humaine réelle, sans jamais la réduire à un seul critère simpliste d'identité.","Reconnaître qu'une identité collective se construit toujours à travers plusieurs dimensions entrelacées — famille, langue, territoire, appartenance nationale — plutôt qu'un seul critère isolé, reste une sagesse anthropologique que ce texte ancien continue d'illustrer.","Seigneur, que je respecte dans chaque personne la richesse et la complexité de son identité, faite de multiples appartenances entrelacées."
1,10,20,en,"This closing formula — ""after their families, after their languages, in their lands, in their nations"" — will recur identically for Shem (v. 31) and for the whole chapter (v. 32), structuring the entire Table of Nations into a methodical fourfold classification.","This structure, repeated four times — family, language, land, nation — reveals the extreme care with which the biblical text seeks to account for real human diversity, never reducing it to one simplistic marker of identity.","Recognizing that a collective identity is always built through several intertwined dimensions — family, language, territory, national belonging — rather than one isolated marker, remains an anthropological wisdom this ancient text keeps illustrating.","Lord, may I respect in every person the richness and complexity of their identity, made of many intertwined belongings."
1,10,21,fr,"« Père de tous les fils d'Héber » introduit Sem comme l'ancêtre éponyme du terme « Hébreu » (Ivri), qui désignera plus tard le peuple d'Israël lui-même : cette précision généalogique relie directement la lignée de Sem à l'identité future du peuple élu.","Que le nom même du futur peuple d'Israël trouve sa racine, des générations avant Abraham, dans cette simple mention généalogique révèle combien l'élection future d'Israël s'enracine dans une histoire bien plus large et antérieure, préparée de longue date.","Comprendre qu'une identité particulière, aussi distincte soit-elle plus tard, trouve toujours ses racines dans une histoire commune plus large et antérieure reste une perspective précieuse contre tout repli identitaire exclusif.","Seigneur, aide-moi à me souvenir que mon identité la plus propre s'enracine toujours dans une histoire bien plus vaste que moi-même."
1,10,21,en,"""The father of all the children of Eber"" introduces Shem as the eponymous ancestor of the term ""Hebrew"" (Ivri), which will later designate the people of Israel itself: this genealogical note directly links Shem's line to the future identity of the chosen people.","That the very name of Israel's future people finds its root, generations before Abraham, in this simple genealogical note reveals how deeply Israel's future election is rooted in a much wider, earlier history, prepared long in advance.","Understanding that a particular identity, however distinct it later becomes, always finds its roots in a wider, earlier common history remains a precious perspective against any exclusive, closed-off identity.","Lord, help me remember that my most personal identity is always rooted in a history far wider than myself."
1,10,22,fr,"Parmi les cinq fils de Sem énumérés, Arpacschad occupera une place particulière : c'est de sa lignée, développée plus en détail au chapitre 11 (11,10-26), que descendra directement Abraham, ancêtre du peuple d'Israël.","Que la lignée qui conduira jusqu'à Abraham soit ici simplement nommée parmi d'autres, sans aucune mise en avant particulière à ce stade du récit, rappelle que l'élection divine choisit souvent son chemin au sein de généalogies en apparence ordinaires, sans éclat visible immédiat.","Se rappeler que les desseins les plus importants prennent souvent naissance dans des circonstances en apparence tout à fait ordinaires, sans signe distinctif immédiat, reste un encouragement précieux pour ne mépriser aucun commencement modeste.","Seigneur, que je ne méprise jamais les commencements modestes et ordinaires, sachant que tu peux y faire naître les desseins les plus grands."
1,10,22,en,"Among Shem's five sons listed, Arpachshad will hold a particular place: it is from his line, developed further in chapter 11 (11:10-26), that Abraham, ancestor of the people of Israel, will directly descend.","That the line leading to Abraham is here simply named among others, with no particular emphasis at this point in the story, recalls that divine election often chooses its path within seemingly ordinary genealogies, with no immediate visible brilliance.","Remembering that the most important plans often begin in seemingly quite ordinary circumstances, with no immediate distinguishing sign, remains a precious encouragement never to despise a modest beginning.","Lord, may I never despise modest, ordinary beginnings, knowing that you can bring forth the greatest plans from them."
1,10,23,fr,"Les fils d'Aram, dont le nom donnera plus tard « araméen », langue qui deviendra la lingua franca du Proche-Orient ancien pendant des siècles — et la langue parlée par Jésus lui-même — sont ici simplement énumérés parmi tant d'autres descendants.","Que la langue qui portera un jour les paroles mêmes du Christ trouve son origine, des millénaires plus tôt, dans cette simple mention généalogique illustre la manière dont Dieu prépare, longtemps à l'avance et souvent de façon invisible, les instruments concrets de sa révélation future.","S'émerveiller de la façon dont des éléments en apparence anodins d'une généalogie ou d'une histoire familiale peuvent, des générations plus tard, porter une importance insoupçonnée reste une invitation à ne rien considérer comme totalement négligeable.","Seigneur, prépare, à travers les détails les plus ordinaires de ma vie, les instruments que tu utiliseras peut-être bien plus tard."
1,10,23,en,"Aram's sons, whose name would later give ""Aramaic,"" the language that would become the lingua franca of the ancient Near East for centuries — and the language Jesus himself spoke — are here simply listed among many other descendants.","That the language destined one day to carry the very words of Christ finds its origin, millennia earlier, in this simple genealogical note illustrates how God prepares, long in advance and often invisibly, the concrete instruments of his future revelation.","Marveling at how seemingly minor elements of a genealogy or family history can, generations later, carry unsuspected importance remains an invitation to consider nothing entirely negligible.","Lord, prepare, through the most ordinary details of my life, the instruments you may use much later."
1,10,24,fr,"Ce court verset relie en trois générations rapides — Arpacschad, Schélach, Héber — la lignée qui conduira, au chapitre suivant, jusqu'à Abraham : une transition généalogique concise qui prépare directement la suite narrative du chapitre 11.","La brièveté même de ce verset, comparée à la longueur d'autres listes de ce chapitre, souligne combien le texte biblique sait parfois accélérer le rythme narratif lorsqu'il s'agit simplement de préparer, sans s'y attarder, l'étape suivante de son récit.","Savoir accélérer certaines étapes de transition, sans s'y attarder inutilement, pour se concentrer sur l'essentiel à venir, reste une sagesse narrative que ce verset, par sa concision même, continue d'illustrer.","Seigneur, aide-moi à ne pas m'attarder sur ce qui n'est qu'une étape de transition, pour rester concentré sur ce vers quoi tu me conduis."
1,10,24,en,"This short verse links, across three quick generations — Arpachshad, Shelah, Eber — the line that will lead, in the next chapter, to Abraham: a concise genealogical transition directly preparing chapter 11's narrative continuation.","This verse's very brevity, compared with the length of the chapter's other lists, underlines how the biblical text can sometimes quicken its narrative pace when simply preparing, without dwelling on it, the next stage of its story.","Knowing how to move quickly through certain transitional stages, without lingering needlessly, in order to focus on what truly matters ahead remains a narrative wisdom this verse, through its very brevity, keeps illustrating.","Lord, help me not to linger on what is merely a stage of transition, so I can stay focused on where you are leading me."
1,10,25,fr,"« Péleg », dont le nom signifie littéralement « division » ou « partage », reçoit une explication explicite rare dans ce chapitre : « car de son temps la terre fut partagée » — une allusion directe et anticipée à l'événement de Babel qui sera raconté au chapitre suivant.","Que le nom même d'un enfant serve à commémorer un événement historique majeur de son temps — la dispersion des peuples — illustre une pratique biblique fréquente : les noms propres portent souvent, dans l'Écriture, la mémoire vivante d'un moment décisif de l'histoire du salut.","Nommer un enfant, un lieu ou un événement de manière à en garder mémoire pour les générations futures reste une pratique universelle que la Bible, dès ces généalogies, prend soin d'illustrer et de transmettre.","Seigneur, que les noms et les mémoires que je transmets à ceux qui viendront après moi gardent, eux aussi, la trace vivante de ta fidélité."
1,10,25,en,"""Peleg,"" whose name literally means ""division"" or ""sharing,"" receives an explicit explanation rare in this chapter: ""for in his days the earth was divided"" — a direct, forward-looking allusion to the Babel event the next chapter will tell.","That a child's very name serves to commemorate a major historical event of his time — the dispersion of peoples — illustrates a frequent biblical practice: proper names often carry, in Scripture, the living memory of a decisive moment in the history of salvation.","Naming a child, a place, or an event so as to preserve its memory for future generations remains a universal practice the Bible, from these very genealogies, takes care to illustrate and pass on.","Lord, may the names and memories I pass on to those who come after me also carry the living trace of your faithfulness."
1,10,26,fr,"Jokthan, frère de Péleg, engendre à son tour treize fils, dont la plupart sont traditionnellement associés à des peuples de la péninsule arabique — une branche de la lignée sémitique qui se développera géographiquement à l'écart de celle, plus restreinte, qui conduira jusqu'à Abraham.","Que deux frères, Péleg et Jokthan, donnent naissance à des lignées aux destinées si différentes — l'une conduisant à l'élection d'Abraham, l'autre se développant largement sans jouer de rôle central dans le récit biblique — rappelle que tous les chemins généalogiques ne portent pas la même fonction dans le dessein de Dieu, sans que cela diminue pour autant leur dignité propre.","Accepter que tous les chemins de vie ne mènent pas au même rôle ou à la même visibilité dans une histoire plus large, sans que cela diminue la valeur propre de chacun, reste une sagesse précieuse face à toute comparaison stérile entre destinées.","Seigneur, que je trouve la paix dans le chemin particulier que tu m'as donné, sans le comparer sans cesse à celui des autres."
1,10,26,en,"Joktan, Peleg's brother, in turn fathers thirteen sons, most traditionally tied to peoples of the Arabian peninsula — a branch of the Semitic line that will develop geographically apart from the narrower one leading to Abraham.","That two brothers, Peleg and Joktan, give rise to lines with such different destinies — one leading to Abraham's election, the other spreading widely without playing a central role in the biblical narrative — recalls that not every genealogical path carries the same function in God's plan, without that lessening its own dignity.","Accepting that not every life path leads to the same role or visibility within a larger story, without that lessening each one's own worth, remains a precious wisdom against any sterile comparison between destinies.","Lord, may I find peace in the particular path you have given me, without constantly comparing it to others'."
1,10,27,fr,"Cette énumération de noms — Hadoram, Uzal, Dikla — poursuit la liste des fils de Jokthan, dont plusieurs sont traditionnellement rattachés à des régions du sud de la péninsule arabique, incluant l'actuel Yémen, connu dans l'Antiquité pour sa richesse en encens et en épices.","Que cette liste, aujourd'hui largement obscure dans ses identifications précises, ait pourtant été soigneusement conservée et transmise à travers des millénaires de copie manuscrite témoigne du profond respect porté par la tradition biblique à l'intégralité du texte reçu, même dans ses passages les moins immédiatement compréhensibles.","Respecter l'intégralité d'un texte ou d'une tradition, y compris ses passages les moins immédiatement accessibles ou utiles en apparence, reste une discipline de fidélité que la transmission scrupuleuse de cette liste continue d'illustrer.","Seigneur, aide-moi à respecter et à transmettre fidèlement tout ce que j'ai reçu de Toi, même ce qui me semble aujourd'hui moins immédiatement utile."
1,10,27,en,"This listing of names — Hadoram, Uzal, Diklah — continues Joktan's sons, several traditionally tied to regions of the southern Arabian peninsula, including today's Yemen, known in antiquity for its wealth in incense and spices.","That this list, largely obscure today in its precise identifications, was nonetheless carefully preserved and passed on through millennia of manuscript copying testifies to the deep respect biblical tradition holds for the whole received text, even its least immediately understandable passages.","Respecting the whole of a text or a tradition, including its least immediately accessible or seemingly useful passages, remains a discipline of faithfulness this list's scrupulous transmission keeps illustrating.","Lord, help me respect and faithfully pass on everything I have received from you, even what seems to me today less immediately useful."
1,10,28,fr,"Séba, mentionné parmi les fils de Jokthan, est traditionnellement associé au royaume de Saba, dont la reine visitera plus tard Salomon (1 Rois 10) — un lointain écho généalogique reliant cette liste ancienne à l'un des récits les plus célèbres de la sagesse biblique.","Que ce simple nom, presque anonyme au sein d'une longue liste, prépare en germe, des siècles à l'avance, l'un des récits les plus mémorables de reconnaissance mutuelle entre nations dans toute la Bible, montre combien les commencements les plus discrets peuvent porter en eux des développements inattendus.","Ne jamais mépriser un commencement discret ou apparemment anonyme, sachant qu'il peut porter en germe un développement futur remarquable, reste une leçon de patience et d'espérance que ce nom, entre tant d'autres, continue d'illustrer.","Seigneur, que je croie à la valeur des commencements les plus discrets de ma propre histoire, sachant que tu peux y préparer bien plus que je ne le perçois aujourd'hui."
1,10,28,en,"Sheba, listed among Joktan's sons, is traditionally tied to the kingdom of Sheba, whose queen will later visit Solomon (1 Kings 10) — a distant genealogical echo linking this ancient list to one of the most famous stories of biblical wisdom.","That this simple, almost anonymous name within a long list quietly prepares, centuries ahead, one of the Bible's most memorable stories of mutual recognition between nations shows how the most modest beginnings can carry unexpected developments.","Never despising a modest or seemingly anonymous beginning, knowing it may carry within it a remarkable future development, remains a lesson in patience and hope this name, among so many others, keeps illustrating.","Lord, may I believe in the value of my own story's most modest beginnings, knowing you may be preparing there far more than I perceive today."
1,10,29,fr,"« Tous ceux-là furent fils de Jokthan » referme formellement l'énumération de sa descendance par une formule récapitulative, technique littéraire fréquente dans les généalogies bibliques pour marquer clairement la fin d'une section avant d'en ouvrir une nouvelle.","Cette clôture méthodique, répétée à chaque section de la Table des nations, rappelle que même la diversité la plus foisonnante des peuples humains reste ordonnée et structurée dans la pensée biblique : rien n'est laissé au pur chaos ou au hasard incontrôlé.","Savoir clore méthodiquement chaque étape d'un travail ou d'un projet avant d'en entamer une nouvelle, plutôt que de tout mélanger sans structure claire, reste une discipline pratique que cette formule récapitulative illustre à sa manière.","Seigneur, aide-moi à donner à ma propre vie l'ordre et la structure que tu donnes toi-même à l'histoire entière des peuples."
1,10,29,en,"""All these were the sons of Joktan"" formally closes the listing of his descendants with a summarizing formula, a frequent literary technique in biblical genealogies to clearly mark the end of one section before opening another.","This methodical closing, repeated at each section of the Table of Nations, recalls that even the most sprawling diversity of human peoples remains ordered and structured in biblical thought: nothing is left to pure chaos or uncontrolled chance.","Knowing how to methodically close each stage of a work or project before beginning a new one, rather than blending everything with no clear structure, remains a practical discipline this summarizing formula illustrates in its own way.","Lord, help me give my own life the order and structure you yourself give to the whole history of peoples."
1,10,30,fr,"« Depuis Méscha... jusqu'à la montagne de l'orient » fournit une indication géographique précise pour situer la zone d'habitation des fils de Jokthan, probablement dans la péninsule arabique — un souci de précision spatiale qui accompagne systématiquement l'énumération généalogique de ce chapitre.","L'attention portée non seulement aux noms des peuples mais aussi aux territoires précis qu'ils habitent souligne que la géographie elle-même, dans la pensée biblique, n'est jamais neutre ou indifférente : chaque peuple reçoit sa place propre dans l'espace comme dans la généalogie.","Reconnaître l'importance du lien entre un peuple et son territoire, sans en faire pour autant un absolu identitaire exclusif, reste une tension équilibrée que cette attention géographique constante invite à cultiver.","Seigneur, merci pour le lieu où tu m'as fait naître et grandir. Aide-moi à l'habiter avec gratitude, sans en faire une idole."
1,10,30,en,"""From Mesha... to the mountain of the east"" provides a precise geographic marker for the dwelling area of Joktan's sons, likely in the Arabian peninsula — a concern for spatial precision that consistently accompanies this chapter's genealogical listing.","The attention given not only to peoples' names but also to the precise territories they inhabit underlines that geography itself, in biblical thought, is never neutral or indifferent: every people receives its own place in space as in genealogy.","Recognizing the importance of the bond between a people and its territory, without turning it into an exclusive absolute of identity, remains a balanced tension this constant geographic attention invites us to cultivate.","Lord, thank you for the place where you had me born and raised. Help me inhabit it with gratitude, without making it an idol."
1,10,31,fr,"Cette formule de clôture, identique à celle qui refermait la section de Cham (v. 20), confirme la structure rigoureusement symétrique de tout le chapitre : chacune des trois lignées issues des fils de Noé reçoit exactement le même traitement littéraire, sans hiérarchie de forme entre elles.","Que Sem, Cham et Japhet reçoivent chacun un traitement littéraire strictement identique, malgré les destinées théologiques très différentes que leurs lignées connaîtront par la suite, rappelle une égalité fondamentale de dignité entre tous les peuples, quelle que soit la place particulière que certains occuperont ensuite dans l'histoire du salut.","Traiter chaque peuple ou chaque groupe humain avec la même considération formelle, indépendamment du rôle historique ou de l'influence qu'il occupera par la suite, reste un principe d'équité que cette structure symétrique du texte continue d'incarner.","Seigneur, que je reconnaisse la même dignité fondamentale en chaque personne et chaque peuple, quelle que soit sa place apparente dans l'histoire."
1,10,31,en,"This closing formula, identical to the one that closed Ham's section (v. 20), confirms the whole chapter's rigorously symmetrical structure: each of the three lines descended from Noah's sons receives exactly the same literary treatment, with no hierarchy of form among them.","That Shem, Ham, and Japheth each receive strictly identical literary treatment, despite the very different theological destinies their lines will later know, recalls a fundamental equality of dignity among all peoples, whatever particular place some will later occupy in the history of salvation.","Treating every people or human group with the same formal consideration, regardless of the historical role or influence it will later hold, remains a principle of fairness this symmetrical structure of the text keeps embodying.","Lord, may I recognize the same fundamental dignity in every person and every people, whatever their apparent place in history."
1,10,32,fr,"Ce verset conclusif referme l'ensemble du chapitre par une synthèse générale, reprenant les mêmes termes — familles, générations, nations — déjà employés pour chaque lignée individuelle, et ajoute la précision finale : « c'est d'eux que sont sorties les nations qui se sont répandues sur la terre après le déluge ».","Que ce chapitre entier s'achève sur l'affirmation d'une origine commune à tous les peuples de la terre, avant même le récit de la dispersion de Babel qui va suivre, pose un fondement théologique essentiel : la diversité humaine, aussi grande soit-elle, ne peut jamais faire oublier l'unité radicale d'une seule famille originelle.","Se souvenir, face à toute tentation de division ou de hiérarchisation entre peuples, que l'humanité entière partage une origine commune reste l'un des messages les plus actuels et les plus nécessaires de ce chapitre généalogique.","Seigneur, que je ne perde jamais de vue, au milieu de toutes les différences qui séparent les hommes, l'unité profonde de la famille humaine que tu as voulue depuis l'origine."
1,10,32,en,"This concluding verse closes the whole chapter with a general summary, repeating the same terms — families, generations, nations — already used for each individual line, and adds the final note: ""of these were the nations divided in the earth after the flood.""","That this whole chapter ends on the affirmation of a common origin for all the peoples of the earth, even before the account of Babel's dispersion to follow, lays down an essential theological foundation: however great human diversity may be, it can never erase the radical unity of one single original family.","Remembering, against any temptation to division or hierarchy between peoples, that all humanity shares a common origin remains one of the most present-day, most needed messages of this genealogical chapter.","Lord, may I never lose sight, amid all the differences that separate human beings, of the deep unity of the human family you willed from the beginning."
1,11,1,fr,"Ce verset semble à première vue contredire le chapitre précédent, qui évoquait déjà « la langue de chacun » (10,5.20.31) : la tradition exégétique y voit généralement un retour en arrière narratif, le chapitre 11 racontant l'événement qui explique la diversité déjà constatée au chapitre 10.","L'unité linguistique originelle de l'humanité, rappelée ici juste avant le récit de sa rupture, souligne par contraste la gravité de ce qui va suivre : ce n'est pas une simple diversité naturelle qui est en jeu, mais la perte d'une communion première.","S'interroger sur ce que signifierait, aujourd'hui encore, une pleine communication et une pleine compréhension mutuelle entre tous les peuples de la terre donne à ce verset d'ouverture une résonance particulièrement actuelle.","Seigneur, restaure entre les hommes une communion plus profonde que celle des seuls mots partagés — celle de nos cœurs tournés vers Toi."
1,11,1,en,"This verse seems, at first glance, to contradict the previous chapter, which already mentioned ""his language"" for each people (10:5, 20, 31): exegetical tradition generally reads it as a narrative flashback, chapter 11 telling the event that explains the diversity already noted in chapter 10.","Humanity's original linguistic unity, recalled here right before the account of its breaking, underlines by contrast the gravity of what follows: what is at stake is not mere natural diversity, but the loss of an original communion.",Wondering what full communication and full mutual understanding among all the peoples of the earth would even mean today gives this opening verse a particularly present-day resonance.,"Lord, restore among human beings a communion deeper than shared words alone — the communion of hearts turned toward you."
1,11,2,fr,"« Partis de l'orient » fait écho au mouvement inverse de l'expulsion d'Éden, situé « à l'orient » (2,8) puis quitté « vers l'orient » (3,24) : ce déplacement suggère un éloignement supplémentaire de la source originelle, une trajectoire qui s'aggrave encore à Babel.","Que l'humanité continue de se déplacer, toujours plus loin de son point d'origine, illustre une dynamique spirituelle constante dans ces premiers chapitres : chaque étape de l'histoire humaine post-Éden semble éloigner davantage l'homme du jardin perdu, jusqu'à ce que la grâce vienne inverser ce mouvement.","Reconnaître les dynamiques d'éloignement progressif — d'un lieu, d'une valeur, d'une relation essentielle — avant qu'elles ne deviennent une rupture complète, reste une vigilance spirituelle précieuse que ce simple déplacement géographique invite à cultiver.","Seigneur, aide-moi à repérer les petits éloignements de Toi avant qu'ils ne deviennent un exil complet."
1,11,2,en,"""As they traveled east"" echoes the reverse movement of the expulsion from Eden, itself set ""eastward"" (2:8) and then left ""toward the east"" (3:24): this move suggests a further distancing from the original source, a trajectory that worsens still further at Babel.","That humanity keeps moving, ever farther from its point of origin, illustrates a constant spiritual dynamic in these opening chapters: each stage of post-Eden human history seems to carry humanity further from the lost garden, until grace comes to reverse that movement.","Recognizing the dynamics of gradual estrangement — from a place, a value, an essential relationship — before they become a complete break remains a precious spiritual vigilance this simple geographic move invites us to cultivate.","Lord, help me notice the small steps away from you before they become a complete exile."
1,11,3,fr,"La fabrication de briques cuites, technologie mésopotamienne bien attestée archéologiquement là où la pierre naturelle manquait, situe ce récit dans un contexte géographique et technique parfaitement réaliste : ce n'est pas un mythe hors du temps, mais un événement ancré dans une civilisation historique précise.","Que les hommes se donnent eux-mêmes les moyens techniques de leur projet — fabriquer leurs propres matériaux plutôt que d'utiliser ceux, naturels, donnés par la création — préfigure discrètement l'autosuffisance revendiquée du projet tout entier, qui se passera bientôt de Dieu lui-même.","L'ingéniosité technique humaine, aussi impressionnante soit-elle, n'est jamais en elle-même condamnée par ce récit : ce qui sera jugé, ce n'est pas la capacité à bâtir, mais l'intention qui l'anime, comme le montrera le verset suivant.","Seigneur, que mes propres capacités et talents servent toujours ton dessein, et non ma seule autosuffisance."
1,11,3,en,"The making of fired bricks, a Mesopotamian technology well attested archaeologically where natural stone was lacking, situates this account in a perfectly realistic geographic and technical context: not a timeless myth, but an event rooted in a specific historical civilization.","That the people provide themselves with the technical means for their project — making their own materials rather than using creation's natural ones — quietly foreshadows the whole project's claimed self-sufficiency, soon to do without God altogether.","Human technical ingenuity, however impressive, is never in itself condemned by this account: what will be judged is not the ability to build, but the intent driving it, as the next verse will show.","Lord, may my own abilities and talents always serve your purpose, not my own self-sufficiency."
1,11,4,fr,"« Faisons-nous un nom » — littéralement « faisons-nous un shem » — introduit un jeu de mots discret avec le nom même de Sem (Shem), dont la lignée fidèle sera bénie sans avoir besoin de se faire un nom par elle-même : deux façons opposées d'obtenir une renommée durable.","Le projet de Babel porte en germe le péché fondamental identifié par toute la tradition biblique ultérieure : l'orgueil qui cherche à s'élever par ses propres moyens, à se faire un nom par soi-même plutôt qu'à le recevoir de Dieu — l'inverse exact de la bénédiction divine (12,2).","La quête contemporaine de visibilité, de renommée ou de postérité par ses propres moyens seuls, sans référence à rien qui dépasse le projet humain lui-même, retrouve dans ce verset ancien un miroir saisissant de ses propres tentations.","Seigneur, que mon désir de laisser une trace ne cherche jamais à se faire un nom par moi-même, mais à recevoir de Toi seul la renommée qui compte vraiment."
1,11,4,en,"""Let us make ourselves a name"" — literally ""let us make ourselves a shem"" — quietly plays on the name of Shem himself, whose faithful line will be blessed without needing to make a name for itself: two opposite ways of gaining a lasting reputation.","Babel's project already carries the seed of the fundamental sin all later biblical tradition will identify: pride that seeks to rise by its own means, to make itself a name rather than receive one from God — the exact opposite of the divine blessing (12:2).","Today's pursuit of visibility, fame, or legacy by one's own means alone, with no reference to anything beyond the human project itself, finds in this ancient verse a striking mirror of its own temptations.","Lord, may my desire to leave a mark never seek to make a name for myself, but to receive from you alone the reputation that truly matters."
1,11,5,fr,"« L'Eternel descendit pour voir » — anthropomorphisme frappant qui contraste ironiquement avec l'ambition des bâtisseurs, dont la tour prétendait « toucher au ciel » : malgré leur projet gigantesque, Dieu doit encore « descendre » pour même apercevoir leur construction, révélant sa disproportion dérisoire face à la transcendance divine.","Cette ironie divine, presque humoristique dans son économie de mots, désamorce d'emblée toute la grandiloquence du projet humain : ce que les hommes croyaient immense et menaçant pour le ciel lui-même se révèle, du point de vue de Dieu, minuscule et à peine visible.","Relativiser ses propres ambitions les plus grandioses face à l'immensité réelle de l'univers ou de l'éternité reste un exercice d'humilité salutaire que cette image ironique continue d'inspirer, bien au-delà du seul contexte religieux.","Seigneur, garde-moi de toute grandiloquence sur mes propres projets. Aide-moi à les mesurer à la juste échelle de ta grandeur."
1,11,5,en,"""Yahweh came down to see"" — a striking anthropomorphism that ironically contrasts with the builders' ambition, whose tower claimed to ""reach to the sky"": despite their gigantic project, God still has to ""come down"" even to see their construction, revealing its laughable disproportion before divine transcendence.","This divine irony, almost humorous in its economy of words, immediately deflates the whole grandiosity of the human project: what people believed to be immense, even threatening to heaven itself, turns out, from God's viewpoint, tiny and barely visible.","Putting one's own grandest ambitions in perspective against the real vastness of the universe or of eternity remains a healthy exercise in humility this ironic image keeps inspiring, well beyond its religious context alone.","Lord, keep me from grandiosity about my own projects. Help me measure them against the true scale of your greatness."
1,11,6,fr,"« Rien ne les empêcherait de faire tout ce qu'ils auraient projeté » n'est jamais présenté comme un compliment envers la capacité humaine, mais bien comme un diagnostic inquiétant : l'unité et la puissance humaines, sans référence morale à Dieu, ouvrent la porte à toute entreprise, y compris les plus destructrices.","Ce verset pose une question théologique centrale, encore débattue aujourd'hui : la confusion des langues est-elle avant tout un châtiment, ou une mesure protectrice de Dieu, empêchant l'humanité unie de se précipiter plus loin encore dans un projet dangereux pour elle-même ?","L'union et la puissance collective d'une société, aussi impressionnantes soient-elles techniquement, ne garantissent jamais en elles-mêmes la sagesse ou la bonté du projet qu'elles poursuivent — un avertissement que ce verset continue d'adresser à toute grande entreprise humaine collective.","Seigneur, que toute union et toute puissance dont je pourrais bénéficier restent toujours soumises à ton discernement, et non à ma seule volonté."
1,11,6,en,"""Nothing will be withheld from them, which they intend to do"" is never presented as a compliment to human capability, but as an unsettling diagnosis: human unity and power, with no moral reference to God, open the door to any undertaking, including the most destructive.","This verse raises a central theological question, still debated today: is the confusion of languages primarily a punishment, or a protective measure from God, keeping united humanity from rushing further still into a project dangerous to itself?","A society's unity and collective power, however technically impressive, never in themselves guarantee the wisdom or goodness of the project they pursue — a warning this verse keeps addressing to every great collective human undertaking.","Lord, may any unity or power I might benefit from always stay submitted to your discernment, not to my will alone."
1,11,7,fr,"Le pluriel divin « Allons ! descendons » fait écho, comme en 1,26 et 3,22, à un langage de délibération céleste que la tradition chrétienne lira plus tard comme une trace voilée de la Trinité, même si le texte hébreu lui-même ne développe pas explicitement cette interprétation.","Que Dieu choisisse de confondre les langues, plutôt que de détruire directement la tour ou ses bâtisseurs, révèle une forme de jugement mesuré et non destructeur : la confusion linguistique freine le projet sans anéantir ceux qui l'ont entrepris, laissant l'humanité continuer à vivre, autrement.","Un jugement ou une correction qui freine un projet dangereux sans détruire ceux qui l'ont entrepris, laissant place à un nouveau départ sous une forme différente, reste un modèle de justice mesurée que ce récit continue d'illustrer.","Seigneur, que tes corrections dans ma vie soient toujours reçues comme des freins protecteurs, et non comme des destructions définitives."
1,11,7,en,"The divine plural ""Come, let's go down"" echoes, as in 1:26 and 3:22, a language of heavenly deliberation that Christian tradition will later read as a veiled trace of the Trinity, even though the Hebrew text itself does not explicitly develop this interpretation.","That God chooses to confuse the languages, rather than directly destroying the tower or its builders, reveals a form of measured, non-destructive judgment: the linguistic confusion halts the project without annihilating those who undertook it, letting humanity go on living, differently.","A judgment or correction that halts a dangerous project without destroying those who undertook it, leaving room for a new start in a different form, remains a model of measured justice this account keeps illustrating.","Lord, may your corrections in my life always be received as protective brakes, not as final destructions."
1,11,8,fr,"« Ils cessèrent de bâtir la ville » — la tour elle-même, curieusement, n'est plus mentionnée dans ce constat final : le projet tout entier s'effondre non par une destruction physique du bâtiment, mais simplement par l'impossibilité de continuer à travailler ensemble sans langage commun.","L'échec du projet de Babel n'est jamais décrit comme une victoire violente de Dieu sur les hommes, mais comme un simple constat d'impuissance : privés de leur unité linguistique, les bâtisseurs abandonnent d'eux-mêmes, sans qu'aucune force extérieure n'ait eu besoin de détruire leur œuvre.","Constater qu'un projet fondé sur l'orgueil ou la seule autosuffisance finit souvent par s'effondrer de lui-même, sans qu'une intervention extérieure violente soit nécessaire, reste une observation encore valable pour bien des entreprises humaines aujourd'hui.","Seigneur, que je reconnaisse par moi-même la vanité de mes projets bâtis sans Toi, plutôt que d'attendre qu'ils s'effondrent brutalement."
1,11,8,en,"""They stopped building the city"" — the tower itself, curiously, is no longer mentioned in this final observation: the whole project collapses not through the building's physical destruction, but simply through the impossibility of continuing to work together with no shared language.","Babel's failure is never described as a violent victory of God over human beings, but as a simple statement of powerlessness: deprived of their linguistic unity, the builders abandon the project themselves, with no outside force needing to destroy their work.","Noticing that a project built on pride or self-sufficiency alone often ends up collapsing on its own, with no need for violent outside intervention, remains a valid observation for many human undertakings today.","Lord, may I recognize on my own the vanity of projects built without you, rather than waiting for them to collapse abruptly."
1,11,9,fr,"« Babel » (Bavel) est ici expliqué par un jeu de mots avec le verbe hébreu balal, « confondre, mélanger » — une étymologie populaire davantage théologique que linguistique, puisque le nom akkadien original, Bab-ilu, signifie en réalité « porte du dieu ».","Ce retournement du sens du nom — de « porte du dieu », prétention orgueilleuse d'accès direct au divin, à « confusion », conséquence de cette même prétention — illustre magistralement comment l'Écriture aime renverser ironiquement les intentions humaines les plus grandioses.","Le nom même de Babel est devenu, dans le langage courant de nombreuses cultures, synonyme de confusion et de chaos communicationnel — une trace linguistique durable de ce récit ancien, bien au-delà du seul cercle religieux.","Seigneur, que je ne cherche jamais, comme les bâtisseurs de Babel, à me faire une porte d'accès à Toi par mes seuls moyens, mais que je reçoive humblement celle que Tu m'offres."
1,11,9,en,"""Babel"" (Bavel) is here explained through wordplay with the Hebrew verb balal, ""to confuse, to mix"" — a popular etymology more theological than linguistic, since the original Akkadian name, Bab-ilu, actually means ""gate of the god.""","This reversal of the name's meaning — from ""gate of the god,"" a proud claim to direct access to the divine, to ""confusion,"" the consequence of that same claim — masterfully shows how Scripture loves to ironically overturn humanity's grandest intentions.","The very name Babel has become, in the everyday language of many cultures, synonymous with confusion and communicational chaos — a lasting linguistic trace of this ancient story, well beyond religious circles alone.","Lord, may I never seek, like Babel's builders, to make myself a gateway to you by my own means, but humbly receive the one you offer me."
1,11,10,fr,"Cette généalogie de Sem reprend, presque à l'identique dans sa structure, celle du chapitre 5, mais s'arrête après seulement dix générations à Térach, le père d'Abram : une liste volontairement plus courte, resserrée sur la lignée qui conduira directement au patriarche fondateur.","Que le récit passe si rapidement de la dispersion universelle de Babel à une généalogie particulière, concentrée sur une seule lignée familiale, annonce déjà la stratégie divine à venir : après l'échec du projet collectif de toute l'humanité, Dieu choisit de travailler à travers un seul homme, puis un seul peuple.","Que de grands changements historiques passent souvent par l'histoire d'une seule personne ou d'une seule famille, plutôt que par un mouvement collectif massif, reste une dynamique que l'histoire humaine, religieuse ou non, vérifie à maintes reprises.","Seigneur, que je croie à l'importance de ma propre histoire particulière, même modeste, dans le dessein plus vaste que tu conduis."
1,11,10,en,"This genealogy of Shem repeats, almost identically in structure, chapter 5's, but stops after only ten generations at Terah, Abram's father: a deliberately shorter list, narrowed to the line that will lead directly to the founding patriarch.","That the narrative moves so quickly from Babel's universal dispersion to a particular genealogy, focused on one single family line, already announces the coming divine strategy: after the failure of all humanity's collective project, God chooses to work through one man, then one people.","That great historical shifts often run through the story of one person or one family, rather than a massive collective movement, remains a pattern human history, religious or not, repeatedly bears out.","Lord, may I believe in the importance of my own particular story, however modest, within the larger plan you are carrying out."
1,11,11,fr,"500 ans vécus après la naissance d'Arpacschad : cette longévité, déjà nettement inférieure à celles du chapitre 5 (Adam, Seth, etc., qui dépassaient souvent 900 ans), confirme la baisse continue de la durée de vie humaine amorcée après le déluge.","Cette diminution progressive et continue de la longévité, observable sur l'ensemble de cette seconde généalogie, peut se lire comme une conséquence durable du jugement du déluge : le monde nouveau, bien que béni, reste marqué par une fragilité accrue par rapport à celui d'avant le jugement.","Accepter que certaines conséquences d'un jugement ou d'une crise majeure perdurent durablement, même après le retour de la bénédiction et de la paix, aide à ne pas attendre un retour identique et sans trace au monde d'avant l'épreuve.","Seigneur, aide-moi à accepter les traces durables laissées par les épreuves traversées, sans pour autant douter de ta bénédiction présente."
1,11,11,en,"500 years lived after Arpachshad's birth: this lifespan, already clearly shorter than chapter 5's (Adam, Seth, and others, who often exceeded 900 years), confirms the ongoing decline in human lifespan that began after the flood.","This steady, ongoing decline in longevity, visible throughout this second genealogy, can be read as a lasting consequence of the flood's judgment: the new world, though blessed, remains marked by a greater fragility than the one before judgment.","Accepting that some consequences of a major judgment or crisis persist even after blessing and peace return helps us not to expect an identical, traceless return to the world before the trial.","Lord, help me accept the lasting traces left by trials I have gone through, without doubting your present blessing."
1,11,12,fr,"35 ans : Arpacschad devient père nettement plus jeune que les générations précédentes du chapitre 5, confirmant, ici encore, l'accélération générale du rythme des générations après le déluge, par contraste avec la lenteur antédiluvienne.","Ce raccourcissement du temps entre chaque génération, sensible dans toute cette liste, peut aussi se lire positivement : l'histoire du salut, après Babel, avance désormais plus vite vers son but, la venue d'Abram puis, bien plus tard, celle du Christ.","Percevoir que certaines périodes de l'histoire, personnelle ou collective, avancent plus rapidement vers un but précis, après une phase plus lente de préparation, reste une manière encourageante de lire les accélérations parfois déstabilisantes de nos propres vies.","Seigneur, que je fasse confiance au rythme, parfois plus rapide qu'attendu, avec lequel tu conduis ma propre histoire vers ce que tu as prévu."
1,11,12,en,"35 years: Arpachshad becomes a father markedly younger than the previous generations of chapter 5, again confirming the general acceleration of the pace of generations after the flood, in contrast to the slower pre-flood rhythm.","This shortening of time between each generation, felt throughout this list, can also be read positively: after Babel, the history of salvation now moves faster toward its goal — the coming of Abram, and much later, of Christ.","Perceiving that certain periods of history, personal or collective, move more quickly toward a definite goal, after a slower phase of preparation, remains an encouraging way to read the sometimes unsettling accelerations of our own lives.","Lord, may I trust the pace, sometimes faster than expected, at which you are guiding my own story toward what you have planned."
1,11,13,fr,"403 ans vécus après la naissance de Schélach : cette généalogie continue son décompte méthodique et rigoureux, structurée de manière identique à chaque génération — âge à la naissance du fils, années vécues ensuite, fils et filles engendrés — sans jamais varier de forme.","La régularité inébranlable de cette structure généalogique, verset après verset, incarne littérairement la fidélité constante de Dieu qui conduit méthodiquement son dessein à travers chaque génération, sans jamais laisser le fil de l'histoire du salut se rompre.","La persévérance méthodique et répétitive, souvent perçue comme fastidieuse au quotidien, reste pourtant le terreau silencieux sur lequel se construisent les desseins les plus significatifs, comme le montre cette liste en apparence monotone.","Seigneur, donne-moi la persévérance fidèle et répétée, jour après jour, qui prépare en silence les grandes choses que tu veux accomplir."
1,11,13,en,"403 years lived after Shelah's birth: this genealogy continues its methodical, rigorous count, structured identically at every generation — age at the son's birth, years lived afterward, sons and daughters fathered — never varying in form.","The unshakable regularity of this genealogical structure, verse after verse, literarily embodies God's constant faithfulness, methodically carrying out his plan through every generation, never letting the thread of salvation history snap.","Methodical, repetitive perseverance, often felt as tedious day to day, remains nonetheless the quiet soil in which the most significant plans take root, as this seemingly monotonous list shows.","Lord, give me the faithful, repeated perseverance, day after day, that quietly prepares the great things you want to accomplish."
1,11,14,fr,"30 ans : Schélach, dont l'identité précise et le rôle historique restent largement obscurs en dehors de cette liste généalogique, occupe pourtant une place indispensable dans la chaîne ininterrompue qui conduira jusqu'à Abram, puis jusqu'au Christ selon la généalogie de Luc (Luc 3,35-36).","Qu'un nom presque inconnu, sans aucun récit propre associé à lui dans toute la Bible, soit pourtant indispensable au déroulement de l'histoire du salut rappelle qu'aucun maillon d'une chaîne de fidélité n'est véritablement mineur ou dispensable, même le plus discret.","Se rappeler que des figures discrètes, sans reconnaissance publique particulière, jouent souvent un rôle indispensable dans la transmission d'un héritage précieux reste un encouragement précieux pour toute vie vécue loin des projecteurs.","Seigneur, que je croie à la valeur de ma propre place, même discrète et sans éclat, dans la chaîne de fidélité que tu construis à travers les générations."
1,11,14,en,"30 years: Shelah, whose precise identity and historical role remain largely obscure outside this genealogical list, nonetheless holds an indispensable place in the unbroken chain leading to Abram, and then to Christ according to Luke's genealogy (Luke 3:35-36).","That a nearly unknown name, with no story of its own recorded anywhere in the Bible, is still indispensable to the unfolding of salvation history recalls that no link in a chain of faithfulness is truly minor or dispensable, however discreet.","Remembering that unassuming figures, with no particular public recognition, often play an indispensable role in passing on a precious inheritance remains a valuable encouragement for any life lived far from the spotlight.","Lord, may I believe in the worth of my own place, however discreet and unremarkable, in the chain of faithfulness you are building across the generations."
1,11,15,fr,"403 ans : la répétition presque exacte de cette même durée, déjà rencontrée au verset 13 pour la génération précédente, souligne la régularité presque mathématique de cette généalogie, structurée avec un soin littéraire manifeste.","Cette symétrie numérique, loin d'être un simple hasard rédactionnel, invite à percevoir, même dans les détails les plus techniques du texte biblique, une intention littéraire et théologique soignée : rien n'est laissé au pur arbitraire dans la construction de ce récit.","Chercher, même dans les détails les plus techniques ou répétitifs d'un texte ancien, une intention et une cohérence sous-jacentes reste une discipline de lecture qui enrichit considérablement la compréhension de tout document historique ou sacré.","Seigneur, aide-moi à discerner, même dans les aspects les plus répétitifs et techniques de ma propre vie, la cohérence et le soin que tu y déploies."
1,11,15,en,"403 years: the near-exact repetition of this same span, already found in verse 13 for the previous generation, underlines this genealogy's almost mathematical regularity, structured with evident literary care.","This numerical symmetry, far from a mere accident of composition, invites us to perceive, even in the biblical text's most technical details, a careful literary and theological intention: nothing is left to pure chance in this account's construction.","Looking, even in the most technical or repetitive details of an ancient text, for an underlying intention and coherence remains a discipline of reading that greatly enriches the understanding of any historical or sacred document.","Lord, help me discern, even in the most repetitive, technical aspects of my own life, the coherence and care you place there."
1,11,16,fr,"34 ans : Héber, dont le nom donnera le terme « Hébreu » (déjà annoncé en 10,21), occupe une place particulièrement significative dans cette généalogie, comme ancêtre éponyme direct du futur peuple d'Israël.","Que le nom même du peuple élu trouve sa source dans cette figure généalogique, plusieurs générations avant Abram lui-même, révèle combien l'identité future d'Israël s'enracine dans une histoire bien antérieure à l'appel personnel du patriarche, préparée de longue date par Dieu.",Reconnaître que l'identité d'un groupe ou d'un peuple s'enracine souvent dans une histoire bien plus longue et antérieure que ne le suggère son moment fondateur le plus visible reste une perspective précieuse pour toute réflexion sur l'identité collective.,"Seigneur, que je me souvienne que ma propre identité en Toi s'enracine dans une histoire de fidélité qui me précède largement."
1,11,16,en,"34 years: Eber, whose name would give the term ""Hebrew"" (already noted in 10:21), holds a particularly significant place in this genealogy, as the direct eponymous ancestor of the future people of Israel.","That the very name of the chosen people finds its source in this genealogical figure, several generations before Abram himself, reveals how deeply Israel's future identity is rooted in a history far earlier than the patriarch's own personal call, long prepared by God.","Recognizing that a group's or a people's identity is often rooted in a much longer, earlier history than its most visible founding moment suggests remains a valuable perspective for any reflection on collective identity.","Lord, may I remember that my own identity in you is rooted in a history of faithfulness that far precedes me."
1,11,17,fr,"430 ans vécus après la naissance de Péleg : ce nombre, le plus élevé de cette seconde généalogie après celui de Sem lui-même, réapparaîtra plus tard dans l'histoire d'Israël comme durée exacte du séjour en Égypte (Exode 12,40) — une coïncidence numérique qui a nourri diverses réflexions typologiques dans la tradition juive.",Que ce même nombre — 430 — relie discrètement la vie d'un patriarche antique et l'expérience future de tout un peuple en esclavage illustre la manière dont les nombres bibliques peuvent parfois tisser des liens symboliques entre des événements séparés par des siècles.,"S'émerveiller des résonances et des correspondances, même numériques, qui traversent parfois l'histoire à travers des siècles d'écart reste une manière poétique et spirituelle de lire la cohérence cachée d'un texte ancien.","Seigneur, que je croie à la cohérence secrète que tu tisses à travers toute mon histoire, même quand je n'en perçois pas immédiatement le fil."
1,11,17,en,"430 years lived after Peleg's birth: this number, the highest in this second genealogy after Shem's own, will reappear later in Israel's history as the exact length of the stay in Egypt (Exodus 12:40) — a numerical coincidence that has fed various typological reflections in Jewish tradition.",That this same number — 430 — quietly links an ancient patriarch's life and a whole future people's experience of slavery illustrates how biblical numbers can sometimes weave symbolic connections between events separated by centuries.,"Marveling at the resonances and correspondences, even numerical ones, that sometimes run through history across centuries remains a poetic, spiritual way to read the hidden coherence of an ancient text.","Lord, may I trust the hidden coherence you weave through my whole story, even when I cannot immediately see its thread."
1,11,18,fr,"30 ans : Péleg, dont le nom rappelait déjà au chapitre précédent (10,25) la division de la terre au temps de Babel, poursuit ici la lignée généalogique sans qu'aucun autre détail narratif ne vienne développer davantage son histoire personnelle.",Que le porteur même du nom rappelant la dispersion des peuples continue lui-même la lignée fidèle qui conduira à la bénédiction d'Abram illustre une tension féconde : la mémoire d'un jugement passé (Babel) n'empêche jamais la continuation de la bénédiction et de la promesse divines.,"Porter en soi la mémoire d'une épreuve ou d'une rupture passée n'empêche jamais de continuer à avancer vers une bénédiction future, comme le montre discrètement ce nom porté avec fidélité par Péleg.","Seigneur, que le souvenir de mes propres ruptures passées ne m'empêche jamais d'avancer vers la bénédiction que tu prépares pour moi."
1,11,18,en,"30 years: Peleg, whose name already recalled, in the previous chapter (10:25), the earth's division at the time of Babel, here continues the genealogical line with no further narrative detail developing his personal story.",That the very bearer of a name recalling the peoples' dispersion himself continues the faithful line leading to Abram's blessing illustrates a fruitful tension: the memory of a past judgment (Babel) never prevents the continuation of God's blessing and promise.,"Carrying within oneself the memory of a past trial or rupture never prevents moving forward toward a future blessing, as this name, faithfully borne by Peleg, quietly shows.","Lord, may the memory of my own past ruptures never keep me from moving toward the blessing you are preparing for me."
1,11,19,fr,"209 ans vécus après la naissance de Rehu : la longévité continue de diminuer progressivement d'une génération à l'autre au sein de cette liste, confirmant une tendance générale déjà amorcée dès le chapitre 5 et poursuivie après le déluge.","Cette diminution continue, observable sur l'ensemble des deux généalogies de la Genèse (ch. 5 et 11), dessine en creux une trajectoire théologique : l'humanité, éloignée toujours davantage du jardin d'Éden et de la vie sans fin qu'il représentait, connaît une fragilité croissante que seule l'espérance en Christ viendra finalement inverser.","Percevoir une tendance générale et progressive, même à travers des chiffres apparemment techniques et arides, reste un exercice de lecture attentive que ce texte, par sa précision numérique méticuleuse, continue de récompenser.","Seigneur, dans la fragilité croissante que je perçois parfois autour de moi, garde vivante en moi l'espérance de la vie sans fin que tu promets en Christ."
1,11,19,en,"209 years lived after Reu's birth: longevity keeps gradually decreasing from one generation to the next within this list, confirming a general trend already begun back in chapter 5 and continuing after the flood.","This ongoing decline, visible across both of Genesis's genealogies (ch. 5 and 11), quietly traces a theological trajectory: humanity, ever farther from the garden of Eden and the unending life it represented, faces a growing fragility that only the hope of Christ will finally reverse.","Perceiving a general, gradual trend, even through seemingly technical, dry numbers, remains an exercise in attentive reading this text, through its meticulous numerical precision, keeps rewarding.","Lord, amid the growing fragility I sometimes perceive around me, keep alive in me the hope of the unending life you promise in Christ."
1,11,20,fr,"32 ans : Rehu, dont le nom signifierait « ami » ou « compagnon » selon certaines hypothèses philologiques, engendre Serug, poursuivant méthodiquement la chaîne généalogique qui approche désormais, à quelques générations près, de la naissance d'Abram lui-même.","Que cette liste continue son décompte méthodique, sans aucune interruption ni digression narrative, rappelle la constance patiente avec laquelle Dieu prépare, génération après génération, l'avènement du patriarche par lequel toutes les familles de la terre seront bénies (12,3).","La préparation patiente et méthodique d'un projet important, sans précipitation ni raccourci, reste une discipline précieuse que cette généalogie, par son rythme même, continue d'illustrer discrètement.","Seigneur, donne-moi la patience de me laisser préparer méthodiquement par Toi, sans chercher à précipiter ce que tu construis en moi."
1,11,20,en,"32 years: Reu, whose name may mean ""friend"" or ""companion"" by some philological hypotheses, fathers Serug, methodically continuing the genealogical chain now approaching, a few generations away, Abram's own birth.","That this list continues its methodical count, with no interruption or narrative digression, recalls the patient constancy with which God prepares, generation after generation, the coming of the patriarch through whom all the families of the earth will be blessed (12:3).","The patient, methodical preparation of an important project, with no haste or shortcut, remains a precious discipline this genealogy, through its very rhythm, keeps quietly illustrating.","Lord, give me the patience to let myself be methodically prepared by you, without trying to rush what you are building in me."
1,11,21,fr,"207 ans vécus après la naissance de Serug : cette précision numérique, comme toutes les autres de cette liste, permet aux chronologistes traditionnels de calculer un intervalle relativement précis entre le déluge et la naissance d'Abram — environ deux siècles selon la plupart des calculs traditionnels basés sur ce texte.","Que le texte biblique prenne un soin aussi méticuleux à dater chaque étape de cette généalogie, même les moins mémorables narrativement, révèle une conception de l'histoire où chaque moment, chaque génération, compte véritablement dans le déroulement du dessein divin.","Accorder de la valeur à chaque étape chronologique d'un projet ou d'une vie, même les moins spectaculaires, plutôt que de ne retenir que les moments les plus marquants, reste une discipline d'attention que cette précision chronologique continue d'enseigner.","Seigneur, que je donne de la valeur à chaque étape de ma propre vie, même les plus ordinaires, sachant qu'elles comptent toutes à tes yeux."
1,11,21,en,"207 years lived after Serug's birth: this numerical detail, like all the others in this list, lets traditional chronologists calculate a fairly precise interval between the flood and Abram's birth — roughly two centuries by most traditional calculations based on this text.","That the biblical text takes such meticulous care dating every stage of this genealogy, even its least narratively memorable, reveals a conception of history in which every moment, every generation, truly matters in the unfolding of the divine plan.","Valuing every chronological stage of a project or a life, even its least spectacular, rather than keeping only the most striking moments, remains a discipline of attention this chronological precision keeps teaching.","Lord, may I give value to every stage of my own life, even the most ordinary, knowing they all matter in your eyes."
1,11,22,fr,"30 ans : Serug engendre Nachor, avant-dernière génération de cette liste avant Térach, le père d'Abram lui-même — la généalogie approche désormais de son but final, la naissance du patriarche fondateur d'Israël.","Que cette liste, après tant de générations en apparence semblables et répétitives, s'approche enfin de son terme véritable — Abram — rappelle que toute préparation longue et patiente trouve, en son temps voulu par Dieu, son accomplissement décisif et manifeste.",Se rappeler que de longues périodes de préparation apparemment répétitives finissent souvent par déboucher sur un moment décisif et manifeste reste un encouragement précieux pour quiconque traverse une saison de vie qui semble stagner.,"Seigneur, que je croie fermement que la période de préparation que je traverse actuellement trouvera, en ton temps, son accomplissement décisif."
1,11,22,en,"30 years: Serug fathers Nahor, the second-to-last generation on this list before Terah, Abram's own father — the genealogy now nears its final goal, the birth of Israel's founding patriarch.","That this list, after so many seemingly similar, repetitive generations, is finally nearing its true endpoint — Abram — recalls that all long, patient preparation finds, in God's appointed time, its decisive, visible fulfillment.","Remembering that long periods of seemingly repetitive preparation often end up opening onto a decisive, visible moment remains a precious encouragement for anyone going through a season of life that feels stagnant.","Lord, may I firmly believe that the season of preparation I am currently going through will find, in your time, its decisive fulfillment."
1,11,23,fr,"200 ans vécus après la naissance de Nachor : ce chiffre rond, l'un des plus symétriques de toute cette liste, clôt l'avant-dernière génération avant l'arrivée d'Abram, dans une structure numérique globalement décroissante mais jamais totalement régulière.","Cette approche méthodique du but final de la généalogie, ponctuée de chiffres tantôt ronds tantôt précis, illustre la manière dont Dieu conduit son dessein avec à la fois une rigueur constante et une liberté souveraine dans le détail de chaque étape.","Reconnaître qu'un dessein peut avancer à la fois avec constance et avec une part de liberté dans les détails, sans rigidité excessive, reste une manière équilibrée de comprendre la providence divine à l'œuvre dans une histoire.","Seigneur, que je fasse confiance à la fois à ta constance et à ta liberté souveraine dans la manière dont tu conduis les détails de ma propre vie."
1,11,23,en,"200 years lived after Nahor's birth: this round number, one of the most symmetrical in this whole list, closes the second-to-last generation before Abram's arrival, within an overall decreasing but never fully regular numerical structure.","This methodical approach to the genealogy's final goal, marked by numbers sometimes round, sometimes precise, illustrates how God carries out his plan with both constant rigor and sovereign freedom in the detail of each stage.","Recognizing that a plan can move forward with both constancy and a measure of freedom in its details, without excessive rigidity, remains a balanced way to understand divine providence at work in a story.","Lord, may I trust both your constancy and your sovereign freedom in the way you guide the details of my own life."
1,11,24,fr,"29 ans : Nachor, dont le nom sera repris plus tard par l'un des frères d'Abram lui-même (v. 26), engendre Térach — avant-dernier maillon avant l'arrivée du patriarche qui donnera enfin son nom à toute cette longue attente généalogique.","Que le nom de cet ancêtre se retrouve ensuite porté par un membre de la génération suivante, celle d'Abram, illustre une pratique fréquente de transmission des noms familiaux à travers les générations, signe de continuité et de mémoire vivante au sein d'une même lignée.","Transmettre le nom d'un ancêtre à un descendant reste une pratique universelle qui exprime, encore aujourd'hui dans de nombreuses cultures, le désir de continuité et de mémoire vivante entre les générations.","Seigneur, que je transmette, comme cette lignée l'a fait de nom en nom, la mémoire vivante de ta fidélité à ceux qui viendront après moi."
1,11,24,en,"29 years: Nahor, whose name will later be borne by one of Abram's own brothers (v. 26), fathers Terah — the second-to-last link before the arrival of the patriarch who will finally give his name to this whole long genealogical wait.","That this ancestor's name later reappears carried by a member of the next generation, Abram's own, illustrates a frequent practice of passing family names down through the generations, a sign of continuity and living memory within one line.","Passing an ancestor's name on to a descendant remains a universal practice that still expresses, in many cultures today, the desire for continuity and living memory between generations.","Lord, may I pass on, as this line did from name to name, the living memory of your faithfulness to those who come after me."
1,11,25,fr,"119 ans vécus après la naissance de Térach : ce dernier maillon de la généalogie complète, avant que le récit ne se concentre exclusivement sur Térach et ses trois fils (v. 26-32), clôt la longue chaîne qui a méthodiquement relié Sem à Abram en dix générations précises.","Que cette longue chaîne généalogique, patiemment déroulée sur des dizaines de versets, s'achève enfin sur l'arrivée de Térach, père du patriarche, rappelle que la promesse faite à Abram (12,1-3) n'a jamais été un commencement isolé, mais l'aboutissement d'une préparation minutieuse remontant jusqu'au déluge lui-même.","Comprendre qu'un événement décisif, aussi soudain qu'il puisse paraître au moment où il survient, s'inscrit presque toujours dans une préparation longue et souvent invisible reste une perspective précieuse pour relire sa propre histoire avec davantage de gratitude.","Seigneur, merci pour toute la préparation invisible qui a précédé les moments décisifs de ma propre vie, même ceux que je n'ai pas su reconnaître sur le moment."
1,11,25,en,"119 years lived after Terah's birth: this last link of the complete genealogy, before the narrative narrows exclusively onto Terah and his three sons (v. 26-32), closes the long chain that has methodically linked Shem to Abram across ten precise generations.","That this long genealogical chain, patiently unrolled over dozens of verses, finally ends with the arrival of Terah, the patriarch's father, recalls that the promise made to Abram (12:1-3) was never an isolated beginning, but the culmination of a meticulous preparation reaching all the way back to the flood itself.","Understanding that a decisive event, however sudden it may seem when it occurs, is almost always set within a long, often invisible preparation remains a valuable perspective for looking back on one's own story with more gratitude.","Lord, thank you for all the invisible preparation that preceded the decisive moments of my own life, even the ones I failed to recognize at the time."
1,11,26,fr,"« Térach, âgé de soixante-dix ans, engendra Abram, Nachor et Haran » referme formellement la généalogie de Sem sur le nom même du patriarche attendu depuis le début du chapitre : le récit peut désormais se recentrer entièrement sur cette famille particulière.",Que le texte biblique prenne dix générations entières et des dizaines de versets pour finalement nommer Abram illustre magistralement la patience méticuleuse de Dieu dans la préparation de ses desseins les plus décisifs : rien n'est précipité dans l'histoire du salut.,"Accepter le temps long et parfois invisible que demande la préparation d'un projet vraiment décisif, sans chercher à en accélérer artificiellement le rythme, reste une sagesse que cette longue généalogie continue d'enseigner par sa seule structure.","Seigneur, aide-moi à accepter le temps que tu prends pour préparer, dans ma propre vie, ce qui sera véritablement décisif."
1,11,26,en,"""Terah lived seventy years, and became the father of Abram, Nahor, and Haran"" formally closes Shem's genealogy on the very name of the patriarch awaited since the chapter began: the narrative can now fully refocus on this particular family.",That the biblical text takes ten whole generations and dozens of verses to finally name Abram masterfully illustrates God's meticulous patience in preparing his most decisive plans: nothing is rushed in the history of salvation.,"Accepting the long, sometimes invisible time a truly decisive project needs to be prepared, without artificially rushing its pace, remains a wisdom this long genealogy keeps teaching through its very structure.","Lord, help me accept the time you take to prepare, in my own life, what will truly be decisive."
1,11,27,fr,"« Voici la postérité de Térach » ouvre une nouvelle section généalogique, cette fois centrée non plus sur toute l'humanité (ch. 10) ni sur la lignée entière de Sem (ch. 11,10-26), mais spécifiquement sur la famille immédiate qui va entrer dans le récit narratif du chapitre suivant.","Ce resserrement progressif du champ narratif — de l'humanité entière, à un peuple, à une famille, bientôt à un seul homme — illustre la méthode constante de Dieu dans l'histoire du salut : choisir un point précis et concret à travers lequel agir pour, finalement, bénir l'ensemble du monde (12,3).","Comprendre qu'un dessein universel peut avancer précisément à travers un choix particulier et concentré, plutôt que par une action diffuse et généralisée, reste un principe stratégique que l'histoire biblique du salut illustre avec constance.","Seigneur, que je croie que Tu peux agir de manière universelle à travers l'histoire particulière, même modeste, de ma propre famille."
1,11,27,en,"""Now this is the history of the generations of Terah"" opens a new genealogical section, now centered no longer on all humanity (ch. 10) nor Shem's whole line (ch. 11:10-26), but specifically on the immediate family about to enter the next chapter's narrative.","This gradual narrowing of the narrative's scope — from all humanity, to a people, to a family, soon to one man — illustrates God's constant method in salvation history: choosing one precise, concrete point through which to act, in order finally to bless the whole world (12:3).","Understanding that a universal plan can move forward precisely through a particular, focused choice, rather than through diffuse, generalized action, remains a strategic principle biblical salvation history illustrates consistently.","Lord, may I believe that you can act universally through the particular, even modest, story of my own family."
1,11,28,fr,"« Haran mourut en présence de Térach, son père, au pays de sa naissance, à Ur en Chaldée » introduit la première mort prématurée explicitement rapportée de cette génération — un deuil précoce qui va profondément marquer la suite du récit familial, notamment la relation entre Abram et Lot, fils d'Haran.","Que cette mort survienne « en présence » du père, précision inhabituelle dans ces généalogies généralement sobres, souligne la douleur particulière de ce deuil : un parent qui voit mourir son enfant avant lui, contre l'ordre naturel des générations.","La douleur spécifique d'un parent qui perd un enfant, contre l'ordre attendu des générations, reste l'une des souffrances les plus profondes que la condition humaine puisse connaître — une réalité que ce simple verset, par sa précision inhabituelle, prend soin de ne pas passer sous silence.","Seigneur, console tous les parents qui portent le deuil d'un enfant. Que ta présence les accompagne dans cette douleur qui dépasse toute consolation humaine."
1,11,28,en,"""Haran died before his father Terah in the land of his birth, in Ur of the Chaldees"" introduces this generation's first explicitly recorded untimely death — an early loss that will deeply mark the rest of the family story, particularly the relationship between Abram and Lot, Haran's son.","That this death occurs ""before"" the father, an unusual detail in these generally sober genealogies, underlines the particular pain of this loss: a parent watching a child die before them, against the natural order of the generations.","The specific pain of a parent losing a child, against the expected order of the generations, remains one of the deepest sorrows the human condition can know — a reality this simple verse, through its unusual precision, takes care not to pass over in silence.","Lord, comfort every parent grieving a child. May your presence accompany them in a pain beyond all human consolation."
1,11,29,fr,"« Saraï » et « Milca » sont ici présentées ensemble comme épouses des deux frères survivants d'Haran, Abram et Nachor : Milca est explicitement identifiée comme fille d'Haran, donc nièce de son propre mari — une pratique matrimoniale endogame courante dans ce contexte culturel ancien.","L'introduction de Saraï à ce stade précis du récit, juste avant la mention de sa stérilité (v. 30), prépare directement le grand thème qui dominera tout le cycle d'Abraham : la tension entre l'impossibilité humaine et la promesse divine d'une descendance.","Introduire un personnage important bien avant que son rôle décisif ne se révèle pleinement dans le récit reste une technique narrative que ce verset, en présentant Saraï avant même l'appel d'Abram, illustre avec anticipation.","Seigneur, prépare-moi, comme tu as préparé Saraï, à recevoir ce que Tu veux accomplir à travers ma propre vie, même là où tout semble humainement impossible."
1,11,29,en,"""Sarai"" and ""Milcah"" are introduced together here as wives of Haran's two surviving brothers, Abram and Nahor: Milcah is explicitly identified as Haran's daughter, thus her own husband's niece — a common endogamous marriage practice in this ancient cultural context.","Introducing Sarai at this exact point in the story, right before mentioning her barrenness (v. 30), directly prepares the great theme that will dominate the whole Abraham cycle: the tension between human impossibility and the divine promise of descendants.","Introducing an important character well before their decisive role is fully revealed in the story remains a narrative technique this verse illustrates by anticipation, presenting Sarai even before Abram's call.","Lord, prepare me, as you prepared Sarai, to receive what you want to accomplish through my own life, even where everything seems humanly impossible."
1,11,30,fr,"« Saraï était stérile: elle n'avait point d'enfants » — cette précision brève et directe, placée juste avant le grand récit de l'appel d'Abram (ch. 12) et de la promesse d'une descendance aussi nombreuse que les étoiles (15,5), installe d'emblée la tension centrale de tout le cycle patriarcal.","Que la promesse d'une descendance immense soit annoncée précisément à un couple dont la stérilité est explicitement soulignée dès l'ouverture de leur histoire révèle un principe théologique constant dans toute la Bible : Dieu choisit souvent d'agir là où l'impossibilité humaine est la plus manifeste, pour que sa propre puissance y soit d'autant plus visible.",Que les situations les plus humainement impossibles soient précisément celles où Dieu choisit souvent d'agir avec le plus d'éclat reste une source d'espérance précieuse pour quiconque affronte aujourd'hui une impasse apparemment sans issue.,"Seigneur, dans les impossibilités les plus manifestes de ma propre vie, viens agir avec la puissance que Toi seul peux déployer."
1,11,30,en,"""Sarai was barren. She had no child"" — this brief, direct statement, placed just before the great account of Abram's call (ch. 12) and the promise of descendants as numerous as the stars (15:5), immediately sets up the whole patriarchal cycle's central tension.","That the promise of an immense descendance is announced precisely to a couple whose barrenness is explicitly stressed right at the opening of their story reveals a constant theological principle throughout the Bible: God often chooses to act exactly where human impossibility is most evident, so that his own power may be all the more visible there.",That the most humanly impossible situations are often precisely where God chooses to act most strikingly remains a precious source of hope for anyone facing what looks today like a dead end.,"Lord, in the most evident impossibilities of my own life, come act with the power only you can display."
1,11,31,fr,"Ce verset décrit un premier départ, initié par Térach lui-même et non explicitement par un appel divin direct à ce stade du récit (celui-ci ne sera raconté qu'au chapitre suivant, 12,1) : la famille entière quitte Ur en direction de Canaan, mais s'arrête à mi-chemin, à Charan.","Que le voyage vers la terre promise commence en réalité avec Térach, avant même l'appel personnel d'Abram, rappelle que les grands desseins de Dieu s'inscrivent souvent dans une histoire familiale déjà en mouvement, préparée par des choix antérieurs qui ne portent pas encore leur pleine signification.","Reconnaître que les grandes étapes décisives de sa propre vie s'inscrivent souvent dans un mouvement plus large, déjà amorcé par des générations précédentes, aide à mieux comprendre et honorer l'héritage familial dont on hérite, même partiellement inachevé.","Seigneur, merci pour le chemin déjà parcouru par ceux qui m'ont précédé, même incomplet. Aide-moi à poursuivre fidèlement ce qu'ils ont commencé."
1,11,31,en,"This verse describes a first departure, initiated by Terah himself and not explicitly by a direct divine call at this point in the narrative (that will only be told in the next chapter, 12:1): the whole family leaves Ur toward Canaan, but stops halfway, at Haran.","That the journey toward the promised land actually begins with Terah, even before Abram's personal call, recalls that God's great plans are often set within a family history already in motion, prepared by earlier choices that do not yet carry their full meaning.","Recognizing that the decisive turning points of one's own life are often set within a larger movement, already begun by previous generations, helps us better understand and honor the family inheritance we receive, even when it is only partly finished.","Lord, thank you for the road already traveled by those who came before me, even unfinished. Help me faithfully continue what they began."
1,11,32,fr,"« Térach mourut à Charan » — non à Ur, son lieu d'origine, ni à Canaan, la destination initialement visée, mais dans cette ville intermédiaire où la famille s'était arrêtée : un voyage inachevé, que son fils Abram devra reprendre et mener à son terme, sur un appel désormais personnel et direct de Dieu (12,1).","Que Térach meure sans avoir atteint la destination initialement visée, laissant à son fils la responsabilité de poursuivre et d'achever ce chemin, illustre une réalité spirituelle profonde : bien des œuvres de fidélité restent inachevées d'une génération à l'autre, confiées à ceux qui viennent après pour les mener à leur plein accomplissement.","Accepter de reprendre et de poursuivre un chemin commencé par une génération précédente, sans pouvoir en achever elle-même la destination, reste une expérience que beaucoup de familles, d'entreprises ou de projets collectifs connaissent encore aujourd'hui.","Seigneur, donne-moi la fidélité de reprendre et de poursuivre ce que d'autres, avant moi, n'ont pas pu achever, jusqu'à son plein accomplissement en Toi."
1,11,32,en,"""Terah died in Haran"" — not in Ur, his place of origin, nor in Canaan, the destination originally intended, but in this in-between city where the family had stopped: an unfinished journey his son Abram will have to take up and complete, now on God's own personal, direct call (12:1).","That Terah dies without reaching the destination he originally set out for, leaving his son the responsibility to continue and complete this road, illustrates a deep spiritual reality: many works of faithfulness remain unfinished from one generation to the next, entrusted to those who come after to carry through to full completion.","Accepting to take up and continue a road begun by a previous generation, unable itself to reach its destination, remains an experience many families, businesses, or shared projects still know today.","Lord, give me the faithfulness to take up and continue what others, before me, could not finish, until its full completion in you."
1,12,1,fr,"« Va-t-en » traduit littéralement lekh lekha, une formule hébraïque redoublée et intensive signifiant presque « va pour toi-même » : un ordre qui engage toute la personne d'Abram, non un simple déplacement géographique parmi d'autres.","Le triple détachement demandé — pays, patrie, maison paternelle — dessine un dépouillement progressif de tout ce qui fonde habituellement une identité humaine : Abram doit tout quitter avant même de savoir où Dieu le conduit.","Accepter de quitter des sécurités identitaires fondamentales — origine, famille, appartenance — sans connaître encore la destination finale, reste l'un des actes de confiance les plus radicaux que la foi puisse demander, hier comme aujourd'hui.","Seigneur, donne-moi le courage de Te suivre même quand je ne connais pas encore la destination, en te faisant confiance pour le chemin."
1,12,1,en,"""Get out"" literally translates lekh lekha, a doubled, intensive Hebrew phrase meaning almost ""go for yourself"": a command engaging Abram's whole person, not merely one geographic move among others.","The threefold detachment demanded — country, relatives, father's house — traces a gradual stripping away of everything that usually grounds a human identity: Abram must let go of everything before even knowing where God is leading him.","Accepting to leave behind fundamental securities of identity — origin, family, belonging — without yet knowing the final destination remains one of the most radical acts of trust faith can ask for, then as now.","Lord, give me the courage to follow you even when I do not yet know the destination, trusting you for the road."
1,12,2,fr,"Cette triple promesse — nation, bénédiction, grand nom — inverse terme à terme le projet de Babel (11,4), où les hommes cherchaient eux-mêmes « à se faire un nom » : ici, c'est Dieu seul qui rend le nom d'Abram grand, sans aucun effort de sa part.","« Tu seras une source de bénédiction » marque un tournant théologique majeur : Abram ne reçoit pas seulement une bénédiction pour lui-même, mais devient lui-même le canal par lequel cette bénédiction doit se répandre vers d'autres.","Recevoir une bénédiction non pour la garder pour soi seul, mais pour qu'elle se propage à travers soi vers les autres, reste un modèle fécond de générosité que cette promesse originelle continue d'inspirer.","Seigneur, que toute bénédiction que je reçois de Toi devienne, à travers moi, une source de bénédiction pour ceux qui m'entourent."
1,12,2,en,"This threefold promise — nation, blessing, great name — inverts, term for term, Babel's project (11:4), where people sought on their own ""to make themselves a name"": here, it is God alone who makes Abram's name great, with no effort of his own.","""You will be a blessing"" marks a major theological turn: Abram receives not only a blessing for himself, but himself becomes the channel through which that blessing is meant to spread to others.","Receiving a blessing not to keep it for oneself alone, but so it may spread through oneself to others, remains a fruitful model of generosity this original promise keeps inspiring.","Lord, may every blessing I receive from you become, through me, a source of blessing for those around me."
1,12,3,fr,"« Toutes les familles de la terre seront bénies en toi » élargit soudainement l'horizon de la promesse à l'humanité entière : ce qui commence comme un appel individuel se révèle, dès sa première formulation, porteur d'une portée universelle — le fil conducteur de toute l'histoire biblique du salut.","Cette promesse universelle, adressée à un seul homme, referme le cercle ouvert par la dispersion de Babel (11,8-9) : là où l'humanité entière avait échoué collectivement à se faire un nom, un seul homme fidèle suffira à porter la bénédiction vers toutes les nations.","Qu'une bénédiction destinée à toute l'humanité passe par le choix d'une seule personne, plutôt que par une action collective massive, reste une logique que le Nouveau Testament reprendra pleinement dans la personne du Christ, descendant d'Abram.","Seigneur, merci pour la promesse que ta bénédiction, reçue par un seul homme fidèle, atteint aujourd'hui jusqu'à moi."
1,12,3,en,"""All the families of the earth will be blessed in you"" suddenly widens the promise's horizon to all humanity: what begins as an individual call reveals, in its very first statement, a universal reach — the guiding thread of the whole biblical history of salvation.","This universal promise, addressed to one man, closes the circle opened by Babel's dispersion (11:8-9): where all humanity had failed together to make itself a name, one faithful man will be enough to carry the blessing to every nation.","That a blessing meant for all humanity should pass through the choice of one single person, rather than through massive collective action, remains a logic the New Testament will fully take up in the person of Christ, Abram's descendant.","Lord, thank you for the promise that your blessing, received by one faithful man, reaches all the way to me today."
1,12,4,fr,"« Abram partit, comme l'Eternel le lui avait dit » — la réponse d'Abram, rapportée en une seule phrase concise, ne comporte ni question ni négociation : la sobriété du texte contraste avec la portée considérable de l'appel qui vient de lui être adressé.","Cette obéissance immédiate et silencieuse, sans délai ni condition posée, fait d'Abram le modèle biblique par excellence de la foi comme confiance agissante : le Nouveau Testament (Hébreux 11,8) citera précisément ce départ comme exemple suprême de la foi.","Répondre promptement à un appel décisif, sans attendre d'en comprendre toutes les implications à l'avance, reste un modèle d'obéissance confiante que cette sobre notice continue d'illustrer, bien au-delà du seul contexte religieux.","Seigneur, donne-moi la même promptitude qu'Abram pour répondre à tes appels, sans attendre de tout comprendre avant d'agir."
1,12,4,en,"""So Abram went, as Yahweh had spoken to him"" — Abram's response, reported in a single concise sentence, contains no question and no negotiation: the text's sobriety contrasts with the considerable scope of the call just addressed to him.","This immediate, silent obedience, with no delay or condition set, makes Abram the Bible's prime model of faith as active trust: the New Testament (Hebrews 11:8) will cite this very departure as the supreme example of faith.","Responding promptly to a decisive call, without waiting to understand all its implications in advance, remains a model of trusting obedience this sober note keeps illustrating, well beyond its religious context alone.","Lord, give me the same promptness as Abram to answer your calls, without waiting to understand everything before acting."
1,12,5,fr,"L'énumération précise de ce qu'Abram emporte — épouse, neveu, biens, serviteurs — montre qu'il ne s'agit jamais d'un abandon total et improvisé, mais d'un départ organisé, portant avec lui tout ce qui constituera la communauté à partir de laquelle Dieu bâtira sa promesse.","Que Dieu demande à Abram de quitter son pays sans pour autant lui demander d'abandonner sa famille et ses biens montre que la foi authentique ne consiste jamais en un renoncement absolu à tout lien humain, mais en une réorientation fondamentale de leur sens et de leur finalité.","Répondre à un appel spirituel majeur sans nécessairement tout abandonner de sa vie concrète — famille, biens, responsabilités — mais en réorientant leur sens vers ce nouvel appel, reste un équilibre précieux que ce verset continue d'illustrer.","Seigneur, que je Te suive avec tout ce que tu m'as confié, en réorientant chaque aspect de ma vie vers ton dessein plutôt qu'en tout abandonnant."
1,12,5,en,"The precise listing of what Abram takes with him — wife, nephew, possessions, servants — shows this is never a total, improvised abandonment, but an organized departure, carrying with it everything that will make up the community from which God will build his promise.","That God asks Abram to leave his country without asking him to abandon his family and possessions shows that authentic faith never consists of an absolute renunciation of every human bond, but of a fundamental reorientation of their meaning and purpose.","Answering a major spiritual call without necessarily abandoning everything of one's concrete life — family, possessions, responsibilities — but reorienting their meaning toward this new call, remains a precious balance this verse keeps illustrating.","Lord, may I follow you with everything you have entrusted to me, reorienting every part of my life toward your purpose rather than abandoning it all."
1,12,6,fr,"« Les Cananéens étaient alors dans le pays » — cette précision, en apparence purement informative, rappelle que la terre promise à Abram et à sa descendance n'est nullement vide au moment de son arrivée : la promesse divine s'inscrit dans une réalité géopolitique déjà peuplée et complexe.","Que la terre de la promesse soit déjà occupée au moment même où elle est promise souligne que les promesses de Dieu ne s'accomplissent jamais dans un vide facile, mais toujours à travers un cheminement patient au sein de circonstances réelles, souvent complexes et non idéales.","Accepter que la réalisation d'une promesse ou d'un projet important se fasse rarement dans des conditions parfaitement dégagées, mais toujours au sein de circonstances déjà occupées et complexes, reste une sagesse précieuse pour toute entreprise de longue haleine.","Seigneur, aide-moi à avancer vers ce que tu me promets, même quand les circonstances autour de moi semblent déjà complexes ou peu favorables."
1,12,6,en,"""The Canaanite was then in the land"" — this seemingly purely informative note recalls that the land promised to Abram and his descendants is by no means empty when he arrives: the divine promise unfolds within an already populated, complex geopolitical reality.","That the promised land is already occupied at the very moment it is promised underlines that God's promises never come true in an easy vacuum, but always through a patient journey within real, often complex and less than ideal, circumstances.","Accepting that fulfilling an important promise or project rarely happens in perfectly cleared conditions, but always within already occupied, complex circumstances, remains a precious wisdom for any long-term undertaking.","Lord, help me move toward what you promise me, even when the circumstances around me already seem complex or unfavorable."
1,12,7,fr,"C'est ici la toute première apparition personnelle de Dieu à Abram explicitement rapportée dans le texte : après l'appel initial (v. 1-3), reçu on ne sait comment, Dieu se rend maintenant visible ou perceptible d'une manière plus directe, précisément au moment où Abram entre enfin dans le pays promis.","La réponse immédiate d'Abram — bâtir un autel — devient le premier geste concret de sa nouvelle vie dans la terre promise : avant même de s'installer ou de bâtir pour lui-même, il consacre ce premier lieu au culte rendu à Dieu.","Faire de la gratitude et du culte le tout premier geste face à une promesse en train de se réaliser, avant même d'en profiter concrètement pour soi-même, reste une priorité spirituelle que ce geste d'Abram continue d'inspirer.","Seigneur, que mon premier geste, face à chaque promesse qui commence à se réaliser dans ma vie, soit toujours un geste de reconnaissance envers Toi."
1,12,7,en,"This is the very first personal appearance of God to Abram explicitly recorded in the text: after the initial call (v. 1-3), received we do not know how, God now becomes visible or perceptible in a more direct way, precisely as Abram finally enters the promised land.","Abram's immediate response — building an altar — becomes the first concrete act of his new life in the promised land: even before settling in or building for himself, he consecrates this first place to God's worship.","Making gratitude and worship the very first act in response to a promise beginning to be fulfilled, even before concretely benefiting from it oneself, remains a spiritual priority this gesture of Abram's keeps inspiring.","Lord, may my first response to every promise beginning to come true in my life always be an act of gratitude toward you."
1,12,8,fr,"« Il invoqua le nom de l'Eternel » — cette expression, distincte de la simple construction d'un autel (déjà mentionnée au verset précédent), désignera tout au long de la Genèse un acte de prière et de proclamation publique, associé notamment à la lignée de Seth (4,26).","Qu'Abram invoque le nom de l'Eternel précisément entre deux villes — Béthel (« maison de Dieu ») et Aï — dont les noms mêmes porteront plus tard une riche signification dans l'histoire d'Israël, prépare discrètement la sainteté future de ce lieu géographique.","S'établir dans un lieu tout en prenant soin d'y installer, dès le début, une pratique de prière régulière et publique, plutôt que de la reporter à plus tard, reste un modèle d'enracinement spirituel que ce geste continue d'inspirer.","Seigneur, que chaque nouveau lieu où tu me conduis devienne, dès le début, un lieu où j'invoque fidèlement ton nom."
1,12,8,en,"""Called on the name of Yahweh"" — an expression distinct from simply building an altar (already mentioned in the previous verse) — will designate throughout Genesis an act of prayer and public proclamation, notably tied to Seth's line (4:26).","That Abram calls on Yahweh's name precisely between two towns — Bethel (""house of God"") and Ai — whose very names will later carry rich meaning in Israel's history, quietly foreshadows this geographic place's future holiness.","Settling in a place while taking care to establish, from the very start, a regular, public practice of prayer, rather than postponing it, remains a model of spiritual rootedness this gesture keeps inspiring.","Lord, may every new place you lead me to become, from the very start, a place where I faithfully call on your name."
1,12,9,fr,"Ce verset de transition, extrêmement bref, résume en quelques mots un déplacement dont la durée et les détails précis ne sont pas donnés : la Genèse aime ainsi alterner récits détaillés et notices sommaires, selon l'importance théologique de chaque étape du voyage d'Abram.","Que le texte ne s'attarde pas sur chaque étape du voyage, mais choisisse de développer seulement certains moments, invite le lecteur à discerner ce qui, dans sa propre vie, mérite d'être retenu et médité, plutôt que de tout traiter avec la même importance.","Savoir discerner les moments véritablement significatifs d'un parcours, plutôt que de s'attarder également sur chaque étape, reste une compétence narrative et existentielle précieuse, que cette économie de mots continue d'illustrer.","Seigneur, aide-moi à discerner, dans le cheminement de ma propre vie, les étapes qui méritent le plus mon attention et ma méditation."
1,12,9,en,"This extremely brief transitional verse sums up in a few words a move whose exact duration and details are not given: Genesis likes to alternate this way between detailed narratives and summary notes, according to the theological importance of each stage of Abram's journey.","That the text does not linger on every stage of the journey, choosing to develop only certain moments, invites the reader to discern what, in their own life, deserves to be remembered and reflected on, rather than treating everything with equal weight.","Knowing how to discern the truly significant moments of a journey, rather than dwelling equally on every stage, remains a valuable narrative and existential skill this economy of words keeps illustrating.","Lord, help me discern, in the unfolding of my own life, the stages that most deserve my attention and reflection."
1,12,10,fr,"Cette famine, la première explicitement mentionnée dans la Bible, met immédiatement à l'épreuve la promesse tout juste reçue par Abram : à peine arrivé dans le pays qui lui a été promis, il doit déjà le quitter temporairement pour survivre.","Que l'épreuve survienne si rapidement après la promesse, plutôt que la promesse s'accomplissant sans obstacle, illustre une réalité constante de l'expérience de foi biblique : recevoir une promesse ne dispense jamais des difficultés concrètes qui continuent d'accompagner le chemin vers son accomplissement.","Comprendre que la réception d'une promesse ou d'une vocation ne garantit jamais l'absence de difficultés immédiates dans sa mise en œuvre reste une attente réaliste et mûre, que ce récit installe dès les tout premiers pas d'Abram.","Seigneur, que les difficultés rencontrées peu après avoir reçu une promesse ou un appel ne me fassent jamais douter de leur réalité."
1,12,10,en,"This famine, the first explicitly mentioned in the Bible, immediately tests the promise Abram has just received: barely arrived in the land promised to him, he must already leave it temporarily to survive.","That the trial comes so quickly after the promise, rather than the promise unfolding without obstacle, illustrates a constant reality of biblical faith experience: receiving a promise never exempts one from the concrete difficulties that keep accompanying the road toward its fulfillment.","Understanding that receiving a promise or a calling never guarantees the absence of immediate difficulties in carrying it out remains a realistic, mature expectation, one this account sets up from Abram's very first steps.","Lord, may the difficulties I meet soon after receiving a promise or a call never make me doubt their reality."
1,12,11,fr,"Ce dialogue privé entre Abram et Saraï, rapporté en détail contrairement à d'autres passages plus sommaires, prépare le lecteur à un stratagème dont la moralité a été abondamment discutée par les commentateurs, anciens comme modernes.","La beauté de Saraï, mentionnée ici comme un fait objectif qui inquiète Abram, deviendra paradoxalement, à travers les péripéties qui suivent, l'occasion pour Dieu de manifester sa protection fidèle sur le couple, malgré la stratégie humaine imparfaite qu'ils emploient.","Que la peur légitime face à un danger réel puisse conduire à des stratégies humaines discutables, sans pour autant que Dieu abandonne pour autant sa protection et sa fidélité, reste une leçon nuancée sur la manière dont grâce et fragilité humaine coexistent dans le récit biblique.","Seigneur, même quand mes propres stratégies face à la peur sont imparfaites, continue de veiller sur moi avec ta fidélité."
1,12,11,en,"This private conversation between Abram and Sarai, reported in detail unlike other more summarized passages, prepares the reader for a scheme whose morality has been widely debated by commentators, ancient and modern alike.","Sarai's beauty, mentioned here as an objective fact worrying Abram, will paradoxically become, through the episode that follows, the occasion for God to show his faithful protection over the couple, despite the imperfect human strategy they use.","That a legitimate fear of real danger can lead to questionable human strategies, without God for that reason abandoning his protection and faithfulness, remains a nuanced lesson on how grace and human frailty coexist in the biblical narrative.","Lord, even when my own strategies in the face of fear are flawed, keep watching over me with your faithfulness."
1,12,12,fr,"La crainte exprimée par Abram — être tué à cause de la beauté de sa femme — reflète des pratiques attestées dans le Proche-Orient ancien, où un souverain pouvait effectivement éliminer un mari pour s'approprier légalement son épouse devenue veuve : une inquiétude réaliste dans ce contexte culturel précis.","Que la peur d'Abram, aussi compréhensible soit-elle historiquement, le conduise à une demi-vérité plutôt qu'au mensonge complet (Saraï est en réalité sa demi-sœur, comme il le précisera en 20,12) révèle la complexité morale de cette scène, ni totale trahison de la vérité ni pleine transparence.","Reconnaître la complexité morale de certaines situations de peur extrême, où la vérité elle-même peut être partiellement dissimulée sans être totalement mensongère, invite à une lecture nuancée plutôt qu'à un jugement moral trop rapide et univoque.","Seigneur, dans mes propres moments de peur, aide-moi à choisir la confiance en Toi plutôt que des stratégies qui compromettent la pleine vérité."
1,12,12,en,"Abram's stated fear — being killed because of his wife's beauty — reflects practices attested in the ancient Near East, where a ruler could indeed eliminate a husband to legally take his now-widowed wife: a realistic worry within this precise cultural context.","That Abram's fear, however historically understandable, leads him to a half-truth rather than an outright lie (Sarai is in fact his half-sister, as he will clarify in 20:12) reveals this scene's moral complexity, neither total betrayal of the truth nor full transparency.","Recognizing the moral complexity of certain situations of extreme fear, where truth itself can be partly concealed without being fully false, invites a nuanced reading rather than a hasty, one-sided moral judgment.","Lord, in my own moments of fear, help me choose trust in you rather than strategies that compromise the whole truth."
1,12,13,fr,« Afin que mon âme vive grâce à toi » place explicitement la survie personnelle d'Abram comme motivation de sa demande à Saraï : un aveu de vulnérabilité et de calcul personnel rarement exprimé aussi directement par les grandes figures bibliques.,"Que le texte biblique rapporte, sans l'édulcorer, ce moment de faiblesse et de calcul personnel chez le patriarche fondateur de la foi rappelle une fois encore que la sainteté biblique n'exclut jamais la fragilité humaine réelle, y compris chez les figures les plus centrales du récit.","Accepter que même les figures les plus admirées de l'histoire de la foi aient connu des moments de calcul personnel ou de faiblesse morale, sans que cela n'annule leur rôle dans le dessein de Dieu, reste une leçon d'humilité et de réalisme spirituel précieuse.","Seigneur, malgré mes propres calculs et faiblesses, continue de m'inclure dans ton dessein, comme tu l'as fait pour Abram."
1,12,13,en,"""That my soul may live because of you"" explicitly names Abram's own survival as the motive for his request to Sarai: an admission of vulnerability and personal calculation rarely stated this directly by the Bible's great figures.","That the biblical text reports, without softening it, this moment of weakness and self-interest in the founding patriarch of faith recalls once more that biblical holiness never excludes real human frailty, even in the story's most central figures.","Accepting that even faith's most admired figures knew moments of personal calculation or moral weakness, without that canceling their role in God's plan, remains a precious lesson in humility and spiritual realism.","Lord, despite my own calculations and weaknesses, keep including me in your plan, as you did for Abram."
1,12,14,fr,"Ce verset répète presque mot pour mot la crainte anticipée par Abram lui-même (v. 11) : « les Egyptiens virent que la femme était fort belle » confirme, dès l'arrivée effective en Égypte, que le danger redouté n'était pas une simple projection anxieuse, mais une réalité concrète et immédiate.","Que la crainte d'Abram se révèle exacte dans les faits ne justifie jamais pour autant, dans la lecture ultérieure du texte, le choix problématique qu'il a fait pour y répondre : une peur fondée peut coexister avec une réponse humainement imparfaite à cette peur.","Distinguer la validité d'une inquiétude réelle de la qualité morale de la réponse qu'on lui apporte reste une nuance psychologique et éthique précieuse, que cette confirmation immédiate du danger redouté par Abram invite à cultiver.","Seigneur, aide-moi à répondre avec sagesse à mes craintes fondées, sans céder à des choix qui compromettraient la vérité ou la confiance."
1,12,14,en,"This verse repeats almost word for word Abram's own anticipated fear (v. 11): ""the Egyptians saw that the woman was very beautiful"" confirms, from the moment of arrival in Egypt itself, that the feared danger was no mere anxious projection, but a concrete, immediate reality.","That Abram's fear proves accurate in fact never justifies, in the text's later reading, the problematic choice he made in response to it: a well-founded fear can coexist with a humanly imperfect response to that fear.","Distinguishing the validity of a real worry from the moral quality of the response given to it remains a precious psychological and ethical nuance, one this immediate confirmation of Abram's feared danger invites us to cultivate.","Lord, help me respond wisely to my well-founded fears, without giving in to choices that would compromise truth or trust."
1,12,15,fr,"« Les grands de Pharaon la virent aussi et la vantèrent à Pharaon » précipite rapidement la situation : ce qu'Abram redoutait comme un danger personnel se transforme en une menace bien plus large et incontrôlable, impliquant directement le souverain de toute l'Égypte.","Que la situation échappe si rapidement au contrôle d'Abram, l'entraînant bien au-delà de ce qu'il avait anticipé, illustre combien une stratégie humaine partielle, même motivée par une peur légitime, peut rapidement dépasser la maîtrise de celui qui l'a mise en œuvre.","Reconnaître les limites réelles de tout calcul ou stratégie humaine face à des situations complexes, qui peuvent rapidement échapper à tout contrôle initial, reste une leçon d'humilité précieuse pour toute planification, même la mieux intentionnée.","Seigneur, quand mes propres calculs m'échappent et me dépassent, viens à mon secours avec ta providence fidèle."
1,12,15,en,"""The princes of Pharaoh saw her, and praised her to Pharaoh"" rapidly escalates the situation: what Abram had feared as a personal danger turns into a far wider, uncontrollable threat, directly involving all Egypt's ruler.","That the situation slips so quickly out of Abram's control, drawing him far beyond what he had anticipated, illustrates how a partial human strategy, even motivated by legitimate fear, can quickly outrun the grasp of the one who set it in motion.","Recognizing the real limits of any human calculation or strategy in the face of complex situations, which can quickly slip beyond all initial control, remains a valuable lesson in humility for any planning, however well-intentioned.","Lord, when my own calculations slip beyond my control, come to my aid with your faithful providence."
1,12,16,fr,"L'énumération détaillée des biens reçus par Abram — brebis, bœufs, ânes, serviteurs, chameaux — dresse le tableau d'une prospérité matérielle considérable, acquise pourtant dans des circonstances moralement ambiguës, ce que le texte ne cherche jamais à dissimuler ou à justifier a posteriori.","Que Dieu permette à Abram de s'enrichir, même à travers un stratagème humainement discutable, ne signifie jamais une approbation divine de ce moyen précis, mais révèle plutôt la fidélité de Dieu à sa promesse initiale de bénédiction (12,2), qui continue d'agir malgré les imperfections de celui qui la reçoit.","Distinguer la fidélité constante de Dieu à ses promesses de l'approbation de chaque moyen humain utilisé pour y parvenir reste une nuance théologique essentielle, que ce récit invite à retenir avec discernement.","Seigneur, que je ne confonde jamais ta fidélité constante envers moi avec une approbation de tous mes choix, même les plus discutables."
1,12,16,en,"The detailed listing of the goods Abram receives — sheep, cattle, donkeys, servants, camels — paints a picture of considerable material prosperity, gained nonetheless in morally ambiguous circumstances, which the text never seeks to hide or justify after the fact.","That God allows Abram to grow rich, even through a humanly questionable scheme, never means divine approval of this particular means, but rather reveals God's faithfulness to his original promise of blessing (12:2), which keeps working despite the imperfections of the one receiving it.",Distinguishing God's constant faithfulness to his promises from approval of every human means used to reach them remains an essential theological nuance this account invites us to keep with discernment.,"Lord, may I never confuse your constant faithfulness toward me with approval of all my choices, even the most questionable ones."
1,12,17,fr,"« L'Eternel frappa de grandes plaies Pharaon et sa maison » introduit, pour la première fois dans la Bible, le motif du fléau divin frappant un souverain étranger à cause d'un membre du peuple élu — un schéma narratif que l'on retrouvera de façon bien plus développée lors de l'Exode.","Que Dieu protège directement Saraï, alors même que la situation résulte en partie du choix imparfait d'Abram, révèle une fidélité divine qui ne dépend jamais entièrement de la perfection morale de ceux qu'elle protège : la grâce agit au-delà, et parfois malgré, nos propres calculs.","Faire confiance à une protection ou une fidélité plus grande que soi-même, même dans des situations nées de ses propres choix imparfaits, reste une source d'espérance précieuse pour quiconque se trouve pris dans les conséquences de décisions qu'il regrette.","Seigneur, merci pour ta protection fidèle, même dans les situations que mes propres choix imparfaits ont contribué à créer."
1,12,17,en,"""Yahweh plagued Pharaoh and his house with great plagues"" introduces, for the first time in the Bible, the motif of a divine plague striking a foreign ruler because of a member of the chosen people — a narrative pattern that will recur, far more developed, at the Exodus.","That God directly protects Sarai, even though the situation partly stems from Abram's imperfect choice, reveals a divine faithfulness that never depends entirely on the moral perfection of those it protects: grace acts beyond, and sometimes despite, our own calculations.","Trusting a protection or faithfulness greater than oneself, even in situations born of one's own imperfect choices, remains a precious source of hope for anyone caught in the consequences of decisions they regret.","Lord, thank you for your faithful protection, even in situations my own imperfect choices helped create."
1,12,18,fr,"La question directe de Pharaon — « Qu'est-ce que tu m'as fait ? » — place, de façon frappante, un souverain païen dans la position de reprocher au patriarche fondateur d'Israël un comportement moralement défaillant : un renversement narrativement inattendu et théologiquement significatif.","Que ce soit un roi étranger, et non un prophète ou un juge israélite, qui prononce ce reproche moral révèle une conviction biblique fréquente : la vérité morale et la justice ne sont jamais l'apanage exclusif du peuple élu, et peuvent parfois être portées, avec une lucidité surprenante, par des figures extérieures à lui.","Accepter qu'un reproche juste et pertinent puisse venir de personnes extérieures à sa propre communauté de foi ou de conviction, plutôt que de rejeter systématiquement toute critique venant de l'extérieur, reste une humilité précieuse que ce dialogue continue d'enseigner.","Seigneur, donne-moi l'humilité de recevoir une juste correction, même quand elle vient d'une source inattendue."
1,12,18,en,"Pharaoh's direct question — ""What is this that you have done to me?"" — strikingly places a pagan ruler in the position of reproaching Israel's founding patriarch for a morally flawed behavior: a narratively unexpected, theologically significant reversal.","That it is a foreign king, not an Israelite prophet or judge, who voices this moral reproach reveals a frequent biblical conviction: moral truth and justice are never the exclusive property of the chosen people, and can sometimes be carried, with surprising clarity, by figures outside it.","Accepting that a fair, pertinent reproach can come from people outside one's own community of faith or conviction, rather than systematically dismissing every outside criticism, remains a precious humility this dialogue keeps teaching.","Lord, give me the humility to receive just correction, even when it comes from an unexpected source."
1,12,19,fr,"« Maintenant, voici ta femme, prends-la, et va-t-en ! » clôt l'épisode par une restitution immédiate et sans condition : Pharaon, malgré l'affront subi, ne cherche ni vengeance ni compensation, se contentant de renvoyer Abram avec ce qui lui revient légitimement.","Que Pharaon agisse avec une telle mesure et une telle rapidité de résolution, sans excès de colère ni cruauté, malgré la tromperie dont il a été victime, montre une forme de sagesse et de retenue que le texte biblique n'hésite pas à reconnaître, même chez une figure extérieure au peuple de la promesse.","Résoudre un conflit avec mesure et rapidité, sans chercher une vengeance disproportionnée même lorsqu'on a été trompé, reste un modèle de sagesse pratique que cette réaction de Pharaon continue d'illustrer, indépendamment de son identité religieuse.","Seigneur, donne-moi la même mesure et la même retenue que Pharaon face aux torts que je pourrais subir, sans céder à une colère disproportionnée."
1,12,19,en,"""Now therefore, see your wife, take her, and go your way"" closes the episode with an immediate, unconditional restitution: Pharaoh, despite the affront suffered, seeks neither revenge nor compensation, simply sending Abram away with what rightfully belongs to him.","That Pharaoh acts with such measure and such quick resolution, with no excess of anger or cruelty despite the deception he suffered, shows a wisdom and restraint the biblical text does not hesitate to recognize, even in a figure outside the people of the promise.","Resolving a conflict with measure and speed, without seeking disproportionate revenge even when deceived, remains a model of practical wisdom this reaction of Pharaoh's keeps illustrating, regardless of his religious identity.","Lord, give me the same measure and restraint as Pharaoh in the face of wrongs I might suffer, without giving in to disproportionate anger."
1,12,20,fr,« Et Pharaon donna ordre à ses gens de le renvoyer » referme cet épisode égyptien sur une note paradoxalement positive sur le plan matériel — Abram repart plus riche qu'il n'était arrivé — malgré l'échec moral évident de la stratégie qu'il avait mise en œuvre.,"Que cet épisode se termine par un renvoi sans dommage définitif, et même avec un enrichissement matériel conservé, illustre une dernière fois la fidélité inébranlable de la promesse divine de bénédiction (12,2), qui continue d'agir en filigrane malgré les détours humains imparfaits du récit.","Se souvenir que même des épisodes de sa propre vie marqués par des choix discutables peuvent finalement se refermer sous la protection et la bénédiction continue de Dieu reste une source d'espérance et de miséricorde envers soi-même, sans pour autant excuser les choix eux-mêmes.","Seigneur, merci pour ta bénédiction fidèle qui continue d'agir dans ma vie, même à travers mes propres épisodes de faiblesse et d'imperfection."
1,12,20,en,"""Pharaoh commanded men concerning him"" closes this Egyptian episode on a paradoxically positive material note — Abram leaves richer than he arrived — despite the evident moral failure of the strategy he had used.","That this episode ends with a send-off causing no lasting harm, even with the material wealth gained still intact, once more illustrates the unshakable faithfulness of the divine promise of blessing (12:2), still quietly at work despite the story's imperfect human detours.","Remembering that even episodes of one's own life marked by questionable choices can ultimately close under God's continuing protection and blessing remains a source of hope and mercy toward oneself, without thereby excusing the choices themselves.","Lord, thank you for your faithful blessing that keeps working in my life, even through my own episodes of weakness and imperfection."
1,13,1,fr,"« Abram remonta d'Egypte vers le midi » referme l'épisode égyptien par un mouvement de retour précis vers le pays de la promesse : le texte prend soin de mentionner Lot dans ce retour, préparant ainsi la séparation qui va bientôt survenir entre les deux hommes.","Ce retour vers la terre promise, après l'épisode difficile en Égypte, illustre un mouvement spirituel constant dans l'Écriture : les détours et les épreuves ne détournent jamais définitivement du chemin de la promesse, ils y ramènent toujours, en leur temps.","Revenir vers son chemin initial après un détour ou une épreuve, sans y rester enlisé indéfiniment, reste un mouvement de résilience spirituelle que ce simple verset de transition continue d'illustrer.","Seigneur, aide-moi à revenir toujours vers le chemin de ta promesse, même après les détours et les épreuves de ma vie."
1,13,1,en,"""Abram went up out of Egypt... into the South"" closes the Egyptian episode with a precise movement back toward the land of promise: the text takes care to mention Lot in this return, preparing for the separation soon to come between the two men.","This return to the promised land, after the difficult episode in Egypt, illustrates a constant spiritual movement in Scripture: detours and trials never permanently divert one from the path of promise — in their own time, they always lead back to it.","Returning to one's original path after a detour or a trial, without staying stuck there indefinitely, remains a movement of spiritual resilience this simple transitional verse keeps illustrating.","Lord, help me always return to the path of your promise, even after the detours and trials of my life."
1,13,2,fr,"« Abram était très riche » confirme, au retour d'Égypte, la prospérité matérielle déjà mentionnée à la fin du chapitre précédent (12,16) : cette richesse, acquise dans des circonstances moralement ambiguës, va pourtant devenir, dans ce chapitre, la cause concrète du conflit avec Lot.","Que la bénédiction matérielle promise à Abram (12,2) devienne elle-même, par son abondance, la source d'une tension à résoudre illustre une vérité constante : même les bénédictions authentiques de Dieu peuvent engendrer des défis nouveaux, qui demandent sagesse et discernement pour être bien gérés.","Reconnaître que la prospérité et l'abondance, aussi bénies soient-elles, engendrent souvent de nouveaux défis relationnels ou pratiques à gérer avec sagesse, reste une leçon précieuse pour toute réussite matérielle, ancienne ou contemporaine.","Seigneur, donne-moi la sagesse de gérer avec discernement les bénédictions matérielles que tu m'accordes, sans qu'elles ne deviennent source de division."
1,13,2,en,"""Abram was very rich"" confirms, upon his return from Egypt, the material prosperity already mentioned at the end of the previous chapter (12:16): this wealth, gained in morally ambiguous circumstances, will nonetheless become, in this chapter, the concrete cause of the conflict with Lot.","That the material blessing promised to Abram (12:2) itself becomes, through its very abundance, the source of a tension to resolve illustrates a constant truth: even God's genuine blessings can generate new challenges, requiring wisdom and discernment to manage well.","Recognizing that prosperity and abundance, however blessed, often generate new relational or practical challenges to be managed wisely remains a precious lesson for any material success, ancient or contemporary.","Lord, give me the wisdom to manage with discernment the material blessings you grant me, so they never become a source of division."
1,13,3,fr,"Abram revient précisément « au lieu où était sa tente au commencement », entre Béthel et Aï — le même endroit exact où il avait bâti son premier autel (12,8) : ce retour méthodique au point de départ souligne la continuité fidèle de son cheminement spirituel malgré les détours traversés.","Revenir consciemment vers un lieu déjà consacré à Dieu, plutôt que de s'installer ailleurs par simple commodité, révèle chez Abram une fidélité de mémoire spirituelle : certains lieux, une fois sanctifiés par une rencontre avec Dieu, méritent d'être retrouvés et honorés à nouveau.","Revenir régulièrement vers les lieux ou les pratiques qui ont marqué des moments décisifs de sa vie spirituelle, plutôt que de toujours chercher la nouveauté, reste une discipline d'ancrage précieuse que ce retour d'Abram continue d'inspirer.","Seigneur, que je sache revenir avec fidélité vers les lieux et les moments où j'ai rencontré ta présence de façon marquante."
1,13,3,en,"Abram returns precisely ""to the place where his tent had been at the beginning,"" between Bethel and Ai — the exact spot where he had built his first altar (12:8): this methodical return to his starting point underlines the faithful continuity of his spiritual journey despite the detours he has traveled.","Consciously returning to a place already consecrated to God, rather than settling elsewhere for mere convenience, reveals in Abram a faithfulness of spiritual memory: certain places, once sanctified by an encounter with God, deserve to be found again and honored anew.","Regularly returning to the places or practices that marked decisive moments of one's spiritual life, rather than always chasing novelty, remains a precious discipline of anchoring this return of Abram's keeps inspiring.","Lord, may I know how to faithfully return to the places and moments where I have met your presence in a striking way."
1,13,4,fr,"« Là, Abram invoqua le nom de l'Eternel » reprend exactement la même expression déjà employée en 12,8 pour ce même lieu : cette répétition littérale souligne la constance et la continuité de la pratique de prière d'Abram, indépendamment des circonstances traversées entre-temps.","Que la prière d'Abram reste identique, avant comme après l'épisode difficile en Égypte, montre que la fidélité spirituelle authentique ne dépend jamais des circonstances extérieures traversées, mais demeure stable au fil du temps, quelles que soient les épreuves rencontrées.","Maintenir une pratique spirituelle stable et constante, indépendamment des hauts et des bas traversés entre-temps, reste une discipline précieuse que cette répétition littérale du texte continue d'illustrer avec force.","Seigneur, que ma prière reste fidèle et constante, quelles que soient les circonstances, difficiles ou heureuses, que je traverse."
1,13,4,en,"""There Abram called on the name of Yahweh"" repeats exactly the same phrase already used in 12:8 for this same place: this literal repetition underlines the constancy and continuity of Abram's practice of prayer, regardless of the circumstances he passed through in between.","That Abram's prayer remains identical, before and after the difficult episode in Egypt, shows that authentic spiritual faithfulness never depends on the outward circumstances one goes through, but stays stable over time, whatever trials are encountered.","Maintaining a stable, constant spiritual practice, regardless of the ups and downs experienced in between, remains a precious discipline this literal repetition in the text keeps powerfully illustrating.","Lord, may my prayer remain faithful and constant, whatever circumstances — difficult or joyful — I go through."
1,13,5,fr,"« Lot, qui voyageait avec Abram, avait aussi des brebis, des boeufs et des tentes » établit explicitement, pour la première fois, la prospérité propre de Lot, distincte de celle d'Abram : cette précision prépare directement le conflit économique concret qui va suivre entre leurs deux troupeaux respectifs.","Que Lot ait prospéré, lui aussi, en accompagnant fidèlement Abram sur son chemin de foi, illustre comment la bénédiction accordée à un homme fidèle peut rejaillir concrètement sur ceux qui cheminent avec lui, même sans qu'ils en soient les destinataires premiers.","Bénéficier indirectement de la fidélité et de la bénédiction d'un proche que l'on accompagne fidèlement, sans en être soi-même le destinataire premier, reste une dynamique de communauté et de proximité que ce verset illustre avec justesse.","Seigneur, merci pour les bénédictions que je reçois parfois simplement en accompagnant fidèlement ceux que tu as toi-même bénis."
1,13,5,en,"""Lot also, who went with Abram, had flocks, and herds, and tents"" explicitly establishes, for the first time, Lot's own prosperity, distinct from Abram's: this note directly prepares the concrete economic conflict about to arise between their respective herds.","That Lot too has prospered, by faithfully accompanying Abram on his path of faith, illustrates how the blessing granted to a faithful man can concretely overflow onto those who journey with him, even without their being its primary recipients.","Indirectly benefiting from the faithfulness and blessing of a loved one one faithfully accompanies, without being oneself its primary recipient, remains a dynamic of community and closeness this verse fittingly illustrates.","Lord, thank you for the blessings I sometimes receive simply by faithfully accompanying those you have yourself blessed."
1,13,6,fr,"« La contrée était insuffisante pour qu'ils demeurassent ensemble » constate objectivement une limite matérielle réelle : ce n'est ni un désaccord de valeurs ni un conflit de personnalités qui motive initialement cette tension, mais une contrainte purement pratique liée à l'abondance même de leurs troupeaux respectifs.","Que même une prospérité authentiquement bénie par Dieu puisse engendrer, par sa seule abondance, une situation objectivement intenable à long terme rappelle qu'une bénédiction, aussi réelle soit-elle, appelle toujours un discernement actif pour continuer à porter du fruit sans devenir elle-même source de division.","Reconnaître qu'une croissance ou une réussite, même légitime et bénie, peut à un certain stade nécessiter une restructuration ou une séparation pour continuer à porter du fruit sainement, reste une sagesse pratique précieuse, en affaires comme en famille.","Seigneur, donne-moi le discernement de reconnaître le moment où une situation, même bénie à l'origine, demande une réorganisation pour continuer à porter du fruit."
1,13,6,en,"""The land was not able to bear them, that they might live together"" objectively states a real material limit: it is neither a disagreement of values nor a clash of personalities that initially drives this tension, but a purely practical constraint tied to the very abundance of their respective herds.","That even a prosperity authentically blessed by God can, through its sheer abundance, generate an objectively untenable long-term situation recalls that a blessing, however real, always calls for active discernment to keep bearing fruit without itself becoming a source of division.","Recognizing that growth or success, even legitimate and blessed, may at some point require restructuring or separation to keep bearing fruit in a healthy way remains a valuable practical wisdom, in business as in family.","Lord, give me the discernment to recognize the moment when a situation, even one blessed at the start, needs reorganizing to keep bearing fruit."
1,13,7,fr,"La querelle entre bergers, mentionnée avec la précision supplémentaire que « les Cananéens et les Phérésiens habitaient alors dans le pays », souligne un enjeu pratique aggravant : l'espace disponible n'était déjà pas immense, partagé de surcroît avec d'autres peuples déjà installés.","Que ce conflit se joue devant le regard de peuples étrangers déjà présents dans le pays donne une portée supplémentaire à la manière dont Abram va le résoudre : son comportement, à ce moment précis, devient un témoignage public de la manière dont la foi doit gérer les tensions internes.","Se souvenir que la façon dont on résout ses propres conflits internes, familiaux ou communautaires, est souvent observée par des regards extérieurs, reste une invitation à une exemplarité particulière dans la gestion de toute tension, même privée.","Seigneur, que je gère mes propres conflits, même privés, d'une manière qui témoigne de ta paix devant ceux qui m'observent."
1,13,7,en,"The quarrel between herdsmen, mentioned with the added detail that ""the Canaanite and the Perizzite lived in the land at that time,"" underlines an aggravating practical stake: the available space was not vast to begin with, and was moreover shared with other peoples already settled there.",That this conflict unfolds before the watching eyes of foreign peoples already present in the land gives added weight to how Abram is about to resolve it: his behavior at this exact moment becomes a public witness to how faith should handle internal tensions.,"Remembering that the way one resolves one's own internal conflicts, family or community, is often watched by outside eyes remains an invitation to particular exemplarity in managing any tension, even a private one.","Lord, may I handle my own conflicts, even private ones, in a way that bears witness to your peace before those who watch me."
1,13,8,fr,"« Nous sommes frères » — terme qu'Abram emploie pour désigner Lot, en réalité son neveu, selon un usage hébraïque large du mot ah (frère), qui peut désigner tout proche parent : ce choix de vocabulaire souligne délibérément la proximité relationnelle plutôt que la précision généalogique exacte.","Qu'Abram commence sa proposition de résolution en rappelant d'abord le lien fraternel qui les unit, avant même de proposer une solution pratique, révèle une hiérarchie claire de priorités : préserver la relation prime toujours sur la simple résolution technique d'un différend matériel.","Rappeler explicitement le lien relationnel qui unit les parties avant même d'aborder la résolution pratique d'un conflit reste une sagesse précieuse de médiation, encore pleinement valable dans toute négociation familiale ou professionnelle aujourd'hui.","Seigneur, aide-moi à toujours rappeler d'abord le lien qui m'unit à l'autre, avant de chercher à résoudre nos différends pratiques."
1,13,8,en,"""We are relatives"" — the term Abram uses for Lot, who is in fact his nephew, follows a broad Hebrew usage of the word ah (brother), which can designate any close relative: this word choice deliberately stresses relational closeness over exact genealogical precision.","That Abram opens his proposed resolution by first recalling the family bond between them, even before proposing a practical solution, reveals a clear order of priorities: preserving the relationship always comes before simply resolving a material dispute technically.","Explicitly recalling the relational bond uniting the parties before even addressing a conflict's practical resolution remains a precious wisdom of mediation, still fully valid in any family or professional negotiation today.","Lord, help me always recall first the bond that unites me to another, before seeking to resolve our practical disagreements."
1,13,9,fr,"« Si tu vas à gauche, j'irai à droite ; si tu vas à droite, j'irai à gauche » offre à Lot, le neveu, un choix qui reviendrait normalement à l'aîné selon les coutumes de préséance de l'époque : Abram renonce volontairement à son droit de premier choix, un geste de générosité remarquable dans ce contexte culturel.","Ce renoncement volontaire d'Abram à son propre avantage, alors même qu'il vient de recevoir la promesse divine de toute la terre (12,7), illustre une confiance profonde : celui qui sait que Dieu tient sa promesse peut se permettre de renoncer généreusement à ses droits immédiats, sans craindre d'y perdre réellement quoi que ce soit.","Renoncer volontairement à un avantage légitime par générosité envers un proche, en faisant confiance à une provision plus large que le seul choix immédiat, reste un modèle de générosité désintéressée que ce geste d'Abram continue d'inspirer.","Seigneur, donne-moi la confiance nécessaire pour renoncer généreusement à mes propres avantages, sachant que ta provision pour moi ne dépend jamais de mes seuls choix immédiats."
1,13,9,en,"""If you go to the left hand, then I will go to the right"" offers Lot, the nephew, a choice that would normally belong to the elder by the customs of precedence of the time: Abram voluntarily gives up his right of first choice, a remarkable gesture of generosity in this cultural context.","This voluntary renunciation by Abram of his own advantage, even as he has just received the divine promise of the whole land (12:7), illustrates a deep trust: whoever knows God keeps his promise can afford to generously give up their immediate rights, without fearing any real loss.","Voluntarily giving up a legitimate advantage out of generosity toward a relative, trusting a wider provision beyond the immediate choice alone, remains a model of selfless generosity this gesture of Abram's keeps inspiring.","Lord, give me the trust I need to generously give up my own advantages, knowing your provision for me never depends on my immediate choices alone."
1,13,10,fr,"La description enthousiaste de la plaine du Jourdain — « comme un jardin de l'Eternel, comme le pays d'Egypte » — est immédiatement suivie d'une précision temporelle troublante : « avant que l'Eternel eût détruit Sodome et Gomorrhe », révélant au lecteur, dès ce choix, le destin tragique qui attend ce lieu si séduisant en apparence.","Que le texte biblique introduise cette précision anticipée, connue du lecteur mais ignorée de Lot au moment de son choix, crée une tension dramatique voulue : ce qui apparaît le plus attrayant aux yeux immédiats n'est pas toujours ce qui porte le plus de promesse à long terme.","Se méfier des choix fondés uniquement sur l'attrait immédiat et visible d'une situation, sans discernement plus large sur ses conséquences à long terme, reste une sagesse pratique précieuse que ce contraste narratif continue d'enseigner.","Seigneur, donne-moi le discernement de voir au-delà de l'attrait immédiat des choix qui s'offrent à moi, jusqu'à leurs conséquences véritables."
1,13,10,en,"The enthusiastic description of the Jordan plain — ""like the garden of Yahweh, like the land of Egypt"" — is immediately followed by an unsettling time marker: ""before Yahweh destroyed Sodom and Gomorrah,"" revealing to the reader, right at this choice, the tragic fate awaiting this seemingly so appealing place.","That the biblical text inserts this forward-looking note, known to the reader but unknown to Lot at the moment of his choice, creates a deliberate dramatic tension: what looks most attractive to the immediate eye is not always what carries the most promise in the long run.","Being wary of choices based solely on a situation's immediate, visible appeal, without a wider discernment of its long-term consequences, remains a valuable practical wisdom this narrative contrast keeps teaching.","Lord, give me the discernment to see beyond the immediate appeal of the choices before me, all the way to their true consequences."
1,13,11,fr,"« Lot choisit pour lui toute la plaine du Jourdain » — le verbe « choisir », employé explicitement ici, souligne la responsabilité pleine et personnelle de Lot dans cette décision, fondée uniquement sur l'apparence immédiate du lieu, sans autre critère de discernement mentionné par le texte.","Que Lot choisisse uniquement selon ce que « ses yeux » avaient vu (v. 10), sans référence explicite à Dieu ou à un discernement plus profond, contraste fortement avec la manière dont Abram, tout au long du récit, cherche systématiquement à consulter et honorer Dieu avant d'agir.","Prendre une décision importante uniquement sur la base de son attrait visuel ou matériel immédiat, sans autre forme de discernement plus profond, reste un risque que ce choix de Lot continue d'illustrer comme un avertissement.","Seigneur, que mes choix importants passent toujours par un discernement plus profond que la seule apparence immédiate des options qui s'offrent à moi."
1,13,11,en,"""So Lot chose the Plain of the Jordan for himself"" — the verb ""chose,"" explicitly used here, underlines Lot's full personal responsibility in this decision, based solely on the place's immediate appearance, with no other criterion of discernment mentioned by the text.","That Lot chooses solely by what ""his eyes"" had seen (v. 10), with no explicit reference to God or any deeper discernment, contrasts sharply with the way Abram, throughout the account, systematically seeks to consult and honor God before acting.","Making an important decision based solely on its immediate visual or material appeal, with no other form of deeper discernment, remains a risk this choice of Lot's keeps illustrating as a warning.","Lord, may my important choices always pass through a deeper discernment than the mere immediate appearance of the options before me."
1,13,12,fr,"« Lot dressa ses tentes jusqu'à Sodome » — cette précision géographique finale, en apparence anodine, marque en réalité une progression significative : de la plaine en général au chapitre précédent (v. 11), Lot se rapproche maintenant physiquement de la ville qui deviendra, quelques chapitres plus loin, synonyme de jugement divin.","Ce rapprochement progressif et presque imperceptible vers Sodome, verset après verset, illustre une dynamique spirituelle bien connue : les compromis les plus dangereux s'installent rarement d'un coup, mais par une série de petits pas successifs, chacun paraissant raisonnable en son temps.","Reconnaître qu'un éloignement spirituel ou moral progressif se produit souvent par petites étapes successives, chacune en apparence anodine, plutôt que par une rupture nette et immédiate, reste une vigilance précieuse que ce verset invite à cultiver.","Seigneur, garde-moi vigilant face aux petits pas qui, sans que je m'en aperçoive, pourraient m'éloigner progressivement de Toi."
1,13,12,en,"""Lot... moved his tent as far as Sodom"" — this final, seemingly trivial geographic note actually marks a significant progression: from the plain in general in the previous verse (v. 11), Lot now physically draws closer to the city that will, a few chapters later, become synonymous with divine judgment.","This gradual, almost imperceptible drawing closer to Sodom, verse after verse, illustrates a well-known spiritual dynamic: the most dangerous compromises rarely take hold all at once, but through a series of small successive steps, each seeming reasonable in its own moment.","Recognizing that a spiritual or moral drift often happens through small successive steps, each seemingly harmless, rather than through a sharp, immediate break, remains a valuable vigilance this verse invites us to cultivate.","Lord, keep me watchful against the small steps that, without my noticing, could gradually carry me away from you."
1,13,13,fr,"« Les gens de Sodome étaient méchants, et de grands pécheurs contre l'Eternel » — cette précision explicite, insérée juste après le choix de Lot, informe le lecteur d'un danger dont Lot lui-même semble n'avoir pas eu pleinement conscience au moment de sa décision.",Que le narrateur biblique révèle au lecteur une information cruciale que le personnage lui-même ignore encore illustre une technique narrative fréquente de la Genèse : le lecteur est ainsi invité à un discernement que le texte ne prête pas toujours immédiatement à ses propres protagonistes.,"Reconnaître que l'on ne dispose pas toujours, au moment de prendre une décision importante, de toutes les informations pertinentes qui ne se révéleront que plus tard, invite à une prudence et une humilité particulières dans tout choix engageant l'avenir.","Seigneur, dans mes propres décisions, donne-moi la prudence nécessaire face à ce que je ne peux pas encore pleinement discerner."
1,13,13,en,"""Now the men of Sodom were exceedingly wicked and sinners against Yahweh"" — this explicit note, inserted right after Lot's choice, informs the reader of a danger Lot himself seems not to have been fully aware of at the moment of his decision.",That the biblical narrator reveals to the reader crucial information the character himself still does not know illustrates a frequent narrative technique in Genesis: the reader is thus invited to a discernment the text does not always immediately grant its own characters.,"Recognizing that one does not always have, at the moment of an important decision, all the relevant information that will only come to light later invites particular caution and humility in any choice that shapes the future.","Lord, in my own decisions, give me the caution I need in the face of what I cannot yet fully discern."
1,13,14,fr,"« Après que Lot se fut séparé de lui » situe précisément dans le temps cette nouvelle parole divine adressée à Abram : c'est seulement une fois la séparation effectivement consommée, et non avant, que Dieu vient renouveler et préciser sa promesse envers le patriarche resté seul.","Que Dieu choisisse ce moment précis, juste après la séparation, pour renouveler sa promesse à Abram — resté avec la portion de terre apparemment moins attrayante — révèle une constante théologique : Dieu vient souvent confirmer sa fidélité précisément au moment où les circonstances humaines pourraient sembler décourageantes.",Recevoir un encouragement ou une confirmation précisément après avoir fait un choix généreux qui semblait désavantageux reste une expérience spirituelle précieuse que ce moment du récit continue d'illustrer.,"Seigneur, viens confirmer ta fidélité précisément dans les moments où mes choix généreux pourraient sembler, aux yeux du monde, désavantageux."
1,13,14,en,"""After Lot was separated from him"" precisely times this new word from God to Abram: only once the separation has actually taken place, not before, does God come to renew and specify his promise to the patriarch now left alone.","That God chooses this exact moment, right after the separation, to renew his promise to Abram — left with the seemingly less appealing portion of land — reveals a constant theological pattern: God often comes to confirm his faithfulness precisely when human circumstances might seem discouraging.",Receiving encouragement or confirmation precisely after making a generous choice that seemed disadvantageous remains a precious spiritual experience this moment in the story keeps illustrating.,"Lord, come confirm your faithfulness precisely in the moments when my generous choices might seem, in the world's eyes, disadvantageous."
1,13,15,fr,"« Je le donnerai à toi et à ta postérité pour toujours » élargit et précise la promesse initiale du chapitre 12 (12,7, qui mentionnait seulement « ta postérité ») en y ajoutant Abram lui-même comme destinataire direct, et en soulignant désormais le caractère perpétuel, sans limite de temps, de ce don.","Que la promesse s'élargisse et se précise, verset après verset, plutôt que d'être formulée une fois pour toutes dans sa plénitude dès le départ, illustre une pédagogie divine progressive : Dieu révèle et confirme sa promesse par étapes successives, adaptées à la maturité croissante de la foi d'Abram.","Accepter qu'une promesse ou une vocation se précise et s'approfondisse progressivement, plutôt que d'être comprise pleinement dès le premier instant, reste une attente réaliste pour tout cheminement de foi authentique.","Seigneur, aide-moi à accueillir avec patience la manière progressive dont tu précises et approfondis tes promesses dans ma propre vie."
1,13,15,en,"""I will give it to you, and to your offspring forever"" widens and sharpens the initial promise of chapter 12 (12:7, which mentioned only ""your seed"") by adding Abram himself as a direct recipient, and now stressing the gift's perpetual, unlimited character.","That the promise widens and sharpens, verse after verse, rather than being stated once and for all in its fullness from the start, illustrates a progressive divine pedagogy: God reveals and confirms his promise in successive stages, matched to Abram's growing maturity of faith.","Accepting that a promise or a calling becomes clearer and deeper gradually, rather than being fully understood from the first instant, remains a realistic expectation for any authentic journey of faith.","Lord, help me patiently welcome the gradual way you clarify and deepen your promises in my own life."
1,13,16,fr,"« Comme la poussière de la terre » est la première des grandes images utilisées par Dieu pour décrire l'ampleur de la descendance promise à Abram ; d'autres suivront, notamment celle des étoiles du ciel (15,5) — chacune soulignant, à sa manière, l'incommensurabilité de cette promesse face à la stérilité actuelle de Saraï (11,30).","Que cette image d'abondance soit prononcée à un homme dont l'épouse est explicitement décrite comme stérile souligne, une fois de plus, le paradoxe constant de la foi biblique : la promesse divine s'énonce précisément là où l'impossibilité humaine est la plus manifeste.","Recevoir une promesse d'abondance ou de multiplication précisément dans une situation de manque apparent et objectif reste une expérience de foi paradoxale, mais profondément encourageante, que cette image continue d'incarner.","Seigneur, que je croie à l'abondance que tu promets, même là où ma propre situation semble la démentir totalement."
1,13,16,en,"""As the dust of the earth"" is the first of the great images God uses to describe the vastness of the descendants promised to Abram; others will follow, notably the stars of the sky (15:5) — each underlining, in its own way, the immeasurability of this promise against Sarai's present barrenness (11:30).","That this image of abundance is spoken to a man whose wife is explicitly described as barren underlines, once more, biblical faith's constant paradox: the divine promise is stated precisely where human impossibility is most evident.","Receiving a promise of abundance or multiplication precisely amid an apparent, objective lack remains a paradoxical but deeply encouraging experience of faith this image keeps embodying.","Lord, may I believe in the abundance you promise, even where my own situation seems to entirely deny it."
1,13,17,fr,"« Parcours le pays dans sa longueur et dans sa largeur » invite Abram à un acte concret de prise de possession symbolique, par la marche elle-même à travers le territoire promis : un geste qui préfigure, selon certaines traditions juridiques anciennes du Proche-Orient, une forme d'appropriation légale par parcours physique.","Que Dieu demande à Abram un acte physique et concret — marcher à travers le pays — plutôt que de se contenter d'une simple parole de promesse, illustre une constante biblique : la foi authentique s'incarne toujours dans des gestes concrets, non dans la seule adhésion intellectuelle à une promesse.","Poser des gestes concrets pour s'approprier intérieurement une promesse ou une vocation reçue, plutôt que de se contenter d'y croire abstraitement, reste une pratique spirituelle précieuse que cette invitation à parcourir le pays continue d'inspirer.","Seigneur, donne-moi de poser des gestes concrets pour m'approprier intérieurement les promesses que tu m'as faites, et non seulement d'y croire de loin."
1,13,17,en,"""Walk through the land in its length and in its breadth"" invites Abram to a concrete act of symbolic possession, through the very act of walking across the promised territory: a gesture that, according to certain ancient Near Eastern legal traditions, foreshadows a form of legal appropriation through physical traversal.","That God asks Abram for a physical, concrete act — walking across the land — rather than settling for a mere word of promise, illustrates a biblical constant: authentic faith always takes flesh in concrete gestures, not in mere intellectual assent to a promise.","Taking concrete action to inwardly appropriate a promise or a calling received, rather than settling for believing it abstractly, remains a precious spiritual practice this invitation to walk the land keeps inspiring.","Lord, let me take concrete action to inwardly claim the promises you have made me, and not merely believe them from a distance."
1,13,18,fr,"« Abram... vint habiter parmi les chênes de Mamré, qui sont près d'Hébron » introduit un nouveau lieu qui deviendra, dans les chapitres suivants, la résidence privilégiée d'Abram et le site de son futur tombeau familial (23,19) : un enracinement durable après tant de déplacements successifs.","Ce troisième autel bâti par Abram (après ceux de Sichem, 12,7, et de Béthel, 12,8) marque une nouvelle étape dans sa vie de prière constante : chaque nouveau lieu d'habitation devient systématiquement, pour lui, une nouvelle occasion de consacrer sa vie à Dieu.","Faire de chaque nouveau lieu de vie une occasion renouvelée de consacrer sa présence à Dieu, plutôt que de réserver la prière à des lieux ou des moments exceptionnels, reste une pratique d'enracinement spirituel que ce troisième autel continue d'illustrer.","Seigneur, que chaque nouveau lieu où tu m'établis devienne, comme pour Abram, une occasion renouvelée de Te consacrer ma vie."
1,13,18,en,"""Abram... came and lived by the oaks of Mamre, which are in Hebron"" introduces a new place that will become, in the following chapters, Abram's favored residence and the site of his future family tomb (23:19): a lasting rootedness after so many successive moves.","This third altar Abram builds (after those at Shechem, 12:7, and Bethel, 12:8) marks a new stage in his ongoing life of prayer: every new place he lives becomes, for him, a fresh occasion to consecrate his life to God.","Making every new place one lives into a renewed occasion to consecrate one's presence to God, rather than reserving prayer for exceptional places or moments, remains a practice of spiritual rootedness this third altar keeps illustrating.","Lord, may every new place you settle me in become, as it did for Abram, a renewed occasion to consecrate my life to you."
1,14,1,fr,"Ce chapitre s'ouvre sur une liste de quatre rois mésopotamiens, dont l'identification historique précise reste débattue par les spécialistes ; ce récit constitue le premier texte véritablement « politique » et militaire de la Bible, mêlant Abram à un conflit international entre puissances régionales.","Que le patriarche de la foi soit soudainement mêlé à un conflit entre grandes puissances politiques de son temps montre que la foi biblique ne se vit jamais dans un cocon isolé du monde réel, mais s'incarne au cœur même des réalités géopolitiques et historiques les plus concrètes.","S'engager dans le monde réel, y compris ses tensions politiques et internationales, plutôt que de se retirer dans une bulle purement spirituelle, reste une manière d'incarner la foi que ce chapitre, dès son ouverture, met en scène de façon frappante.","Seigneur, aide-moi à vivre ma foi au cœur même des réalités concrètes du monde qui m'entoure, sans jamais m'en retirer par peur ou confort."
1,14,1,en,"This chapter opens on a list of four Mesopotamian kings, whose precise historical identification remains debated among specialists; this account is the Bible's first truly ""political,"" military text, drawing Abram into an international conflict between regional powers.","That the patriarch of faith is suddenly caught up in a conflict between the great political powers of his time shows that biblical faith is never lived in a cocoon isolated from the real world, but takes flesh at the very heart of the most concrete geopolitical and historical realities.","Engaging with the real world, including its political and international tensions, rather than withdrawing into a purely spiritual bubble, remains a way of embodying faith this chapter, right from its opening, strikingly stages.","Lord, help me live my faith at the very heart of the concrete realities of the world around me, never withdrawing from it out of fear or comfort."
1,14,2,fr,"Les cinq rois cananéens listés ici, dont ceux de Sodome et Gomorrhe, seront ceux directement affectés par la guerre à venir : cette liste prépare le lecteur à comprendre pourquoi Lot, installé précisément « jusqu'à Sodome » (13,12), se trouvera bientôt entraîné dans ce conflit.","Que le choix géographique de Lot au chapitre précédent le place maintenant, sans qu'il l'ait nécessairement anticipé, au cœur d'un conflit militaire majeur illustre comment certaines décisions, apparemment neutres sur le moment, peuvent nous exposer à des conséquences bien plus larges que prévu.","Mesurer les conséquences potentiellement plus larges d'un choix de vie apparemment neutre — un lieu d'habitation, un cercle relationnel — reste une prudence que ce lien narratif entre les deux chapitres invite à cultiver.","Seigneur, donne-moi le discernement de mesurer les conséquences possibles de mes choix, même ceux qui semblent les plus neutres sur le moment."
1,14,2,en,"The five Canaanite kings listed here, including those of Sodom and Gomorrah, are the ones directly affected by the coming war: this list prepares the reader to understand why Lot, settled precisely ""as far as Sodom"" (13:12), will soon be drawn into this conflict.","That Lot's geographic choice in the previous chapter now places him, without his necessarily having foreseen it, at the heart of a major military conflict illustrates how certain decisions, seemingly neutral at the time, can expose us to far wider consequences than expected.","Weighing the potentially wider consequences of a seemingly neutral life choice — a place to live, a circle of relationships — remains a caution this narrative link between the two chapters invites us to cultivate.","Lord, give me the discernment to weigh the possible consequences of my choices, even those that seem most neutral at the time."
1,14,3,fr,"La « vallée de Siddim », identifiée au texte même comme « la mer Salée » (la mer Morte), situe précisément le théâtre de cette bataille dans une région géographique bien réelle, dont la géologie particulière — riche en bitume — jouera un rôle direct dans l'issue du combat (v. 10).","Que le texte biblique prenne soin d'ancrer ce récit dans une géographie précise et vérifiable rappelle une fois de plus que l'histoire du salut ne se déroule jamais dans un espace mythique abstrait, mais dans des lieux réels, dont la matérialité concrète influence directement le cours des événements.","Reconnaître que les circonstances matérielles et géographiques concrètes d'une situation influencent directement son déroulement, plutôt que de tout réduire à des facteurs purement abstraits ou spirituels, reste un réalisme précieux que ce détail continue d'enseigner.","Seigneur, aide-moi à discerner ta présence agissante à travers les circonstances concrètes et matérielles de ma propre vie, et non seulement dans l'abstrait."
1,14,3,en,"The ""valley of Siddim,"" identified in the text itself as ""the Salt Sea"" (the Dead Sea), precisely situates this battle's setting in a real, geographically identifiable region, whose particular geology — rich in tar — will play a direct role in the outcome of the fighting (v. 10).","That the biblical text takes care to anchor this account in a precise, verifiable geography once more recalls that the history of salvation never unfolds in an abstract mythical space, but in real places whose concrete materiality directly shapes the course of events.","Recognizing that the concrete material and geographic circumstances of a situation directly shape how it unfolds, rather than reducing everything to purely abstract or spiritual factors, remains a valuable realism this detail keeps teaching.","Lord, help me discern your active presence through the concrete, material circumstances of my own life, and not only in the abstract."
1,14,4,fr,"« Douze ans... et la treizième année, ils s'étaient révoltés » établit un contexte politique précis de vassalité et de rébellion, pratique courante dans les relations entre grandes puissances et royaumes vassaux au Proche-Orient ancien, bien attestée par ailleurs dans les archives historiques de la période.","Ce contexte de soumission prolongée suivie d'une révolte rappelle, par contraste, la fidélité constante qu'Abram lui-même maintient envers Dieu tout au long du récit : là où des rois se soumettent puis se révoltent selon leurs intérêts changeants, la fidélité du patriarche, elle, ne varie jamais selon les circonstances.","Observer la différence entre une soumission purement stratégique, susceptible de se rompre dès que les intérêts changent, et une fidélité authentique, stable dans le temps, reste une distinction précieuse pour toute relation, politique comme personnelle.","Seigneur, que ma fidélité envers Toi ne ressemble jamais à une soumission purement stratégique, mais reste stable quelles que soient les circonstances."
1,14,4,en,"""Twelve years... in the thirteenth year, they rebelled"" establishes a precise political context of vassalage and rebellion, a common practice in relations between great powers and vassal kingdoms in the ancient Near East, well attested elsewhere in the period's historical records.","This context of prolonged submission followed by rebellion recalls, by contrast, the constant faithfulness Abram himself maintains toward God throughout the story: where kings submit and then rebel according to their shifting interests, the patriarch's faithfulness never varies with circumstances.","Observing the difference between a purely strategic submission, liable to break the moment interests shift, and an authentic faithfulness, stable over time, remains a valuable distinction for any relationship, political or personal.","Lord, may my faithfulness toward you never resemble a purely strategic submission, but remain stable whatever the circumstances."
1,14,5,fr,"L'énumération détaillée des peuples vaincus par Kedorlaomer — Rephaïm, Zuzim, Emim, Horiens — inclut plusieurs groupes considérés dans la tradition biblique ultérieure comme des peuples de stature particulièrement imposante, préparant ainsi le lecteur à mesurer la puissance militaire réelle de cette coalition.","Que le texte prenne soin de souligner l'ampleur et la puissance de cette campagne militaire, bien avant l'intervention d'Abram, rend d'autant plus remarquable la victoire que le patriarche remportera plus loin avec une troupe réduite de seulement trois cent dix-huit hommes (v. 14).","Mesurer d'abord objectivement l'ampleur réelle d'un défi ou d'un adversaire, avant de raconter la victoire remportée sur lui, reste une technique narrative qui rend cette victoire d'autant plus significative et crédible pour le lecteur.","Seigneur, que je ne minimise jamais l'ampleur réelle des défis que je rencontre, tout en croyant fermement à ta capacité de m'en faire triompher."
1,14,5,en,"The detailed listing of peoples defeated by Chedorlaomer — Rephaim, Zuzim, Emim, Horites — includes several groups later biblical tradition considers peoples of particularly imposing stature, thus preparing the reader to gauge the real military power of this coalition.","That the text takes care to underline the scale and power of this military campaign, well before Abram's intervention, makes all the more remarkable the victory the patriarch will later win with a reduced force of only three hundred eighteen men (v. 14).","First objectively measuring the real scale of a challenge or an opponent, before telling the victory won over it, remains a narrative technique that makes that victory all the more significant and credible for the reader.","Lord, may I never minimize the real scale of the challenges I face, while firmly believing in your ability to bring me through them."
1,14,6,fr,"« Jusqu'au chêne de Paran, qui est près du désert » marque l'extension géographique maximale de cette campagne militaire, atteignant les confins mêmes du désert du Sinaï : la coalition de Kedorlaomer a ainsi mené une expédition d'une ampleur considérable, couvrant une vaste portion du Proche-Orient ancien.","Que cette campagne militaire ait parcouru une distance aussi considérable avant même d'atteindre la région où résidait Lot souligne, par contraste, la rapidité et l'efficacité bien plus resserrées de la contre-offensive d'Abram, menée localement et sans délai excessif.",Comparer l'ampleur démesurée d'une entreprise hostile à l'efficacité ciblée et proportionnée d'une réponse juste reste un contraste narratif qui continue d'inspirer une confiance en des réponses mesurées plutôt qu'en une escalade sans fin.,"Seigneur, donne-moi la sagesse de répondre aux défis de ma vie avec une action juste et mesurée, plutôt que par une escalade démesurée."
1,14,6,en,"""To Elparan, which is by the wilderness"" marks this military campaign's furthest geographic extent, reaching the very edges of the Sinai desert: Chedorlaomer's coalition thus carried out an expedition of considerable scale, covering a vast portion of the ancient Near East.","That this military campaign covered such a great distance even before reaching the region where Lot resided underlines, by contrast, the far tighter speed and efficiency of Abram's counter-offensive, carried out locally and without excessive delay.","Comparing the disproportionate scale of a hostile undertaking with the targeted, proportionate efficiency of a just response remains a narrative contrast that keeps inspiring confidence in measured responses rather than endless escalation.","Lord, give me the wisdom to respond to my life's challenges with just, measured action, rather than disproportionate escalation."
1,14,7,fr,"« En-Mischpath, qui est Kadès » — ce lieu deviendra, des siècles plus tard, un site majeur du parcours d'Israël dans le désert lors de l'Exode : cette mention anticipée, comme souvent dans la Genèse, relie discrètement un événement ancien à une géographie qui prendra tout son sens dans l'histoire future du peuple élu.","Que ce lieu porte déjà, à cette étape précoce du récit, le nom de « En-Mischpath » (source du jugement), avant de devenir plus tard un site central de l'histoire du jugement et de la loi donnée à Israël, illustre la manière dont la géographie biblique porte souvent en germe une signification qui ne se déploiera que bien plus tard.","Percevoir qu'un lieu, un mot ou un symbole peut porter en germe une signification qui ne se révélera pleinement que bien plus tard dans une histoire reste une manière poétique et attentive de lire tout texte ancien chargé de sens.","Seigneur, que je croie que les lieux et les moments les plus ordinaires de ma vie portent parfois, en germe, une signification que je ne découvrirai que plus tard."
1,14,7,en,"""En Mishpat (the same is Kadesh)"" — this place will become, centuries later, a major site on Israel's journey through the wilderness during the Exodus: this early mention, as often in Genesis, quietly links an ancient event to a geography that will take on its full meaning in the chosen people's future history.","That this place already bears, at this early stage of the story, the name ""En Mishpat"" (spring of judgment), before later becoming a central site in the history of judgment and the law given to Israel, illustrates how biblical geography often carries in seed form a meaning that will only unfold much later.","Perceiving that a place, a word, or a symbol can carry in seed form a meaning that will only be fully revealed much later in a story remains a poetic, attentive way to read any ancient text charged with meaning.","Lord, may I believe that the most ordinary places and moments of my life sometimes carry, in seed form, a meaning I will only discover later."
1,14,8,fr,"La bataille qui s'engage ici oppose formellement « quatre rois contre cinq » (v. 9), un déséquilibre numérique apparemment favorable à la coalition cananéenne, qui se révélera pourtant rapidement inefficace face à la coalition mésopotamienne, mieux organisée et manifestement plus expérimentée militairement.","Que la supériorité numérique apparente des rois cananéens ne suffise pas à leur assurer la victoire rappelle une vérité biblique constante : le nombre seul ne garantit jamais l'issue d'un combat, ni militaire ni spirituel — d'autres facteurs, moins visibles, déterminent souvent le résultat réel.",Ne jamais se fier uniquement à un avantage numérique apparent pour présumer d'une victoire assurée reste une leçon de prudence stratégique que cette défaite inattendue des rois cananéens continue d'illustrer.,"Seigneur, aide-moi à ne jamais fonder ma confiance sur les seuls avantages apparents et visibles, mais sur Toi seul."
1,14,8,en,"The battle now joined formally pits ""four kings against the five"" (v. 9), a numerical imbalance apparently favoring the Canaanite coalition, which will nonetheless quickly prove ineffective against the Mesopotamian coalition, better organized and clearly more experienced militarily.","That the Canaanite kings' apparent numerical superiority is not enough to secure them victory recalls a constant biblical truth: numbers alone never guarantee the outcome of a battle, military or spiritual — other, less visible factors often determine the real result.",Never trusting a merely apparent numerical advantage as a guarantee of certain victory remains a lesson in strategic caution this unexpected defeat of the Canaanite kings keeps illustrating.,"Lord, help me never base my confidence on merely apparent, visible advantages, but on you alone."
1,14,9,fr,"« Quatre rois contre cinq » — cette formule numérique concise, placée en apposition finale du verset, souligne avec une économie de mots frappante l'ampleur du conflit qui s'engage, opposant neuf souverains au total dans une seule bataille régionale.","Que ce chapitre implique tant de rois et de royaumes différents, dans un conflit d'une échelle inhabituelle pour la Genèse, prépare par contraste l'intervention bien plus modeste, mais décisive, d'un seul homme fidèle — Abram — dont la victoire viendra bouleverser l'issue de tout ce vaste conflit.","Qu'une intervention modeste en apparence, portée par une seule personne déterminée et fidèle, puisse renverser l'issue d'un conflit impliquant des forces bien plus nombreuses reste une source d'encouragement pour quiconque se sent petit face à un défi disproportionné.","Seigneur, que je croie que même mon intervention modeste, si elle est fidèle, peut renverser des situations qui semblent pourtant me dépasser largement."
1,14,9,en,"""Four kings against the five"" — this concise numerical phrase, placed in final apposition to the verse, underlines with striking economy of words the scale of the conflict now engaged, pitting nine sovereigns in all in one regional battle.","That this chapter involves so many different kings and kingdoms, in a conflict of unusual scale for Genesis, prepares by contrast the far more modest but decisive intervention of one faithful man — Abram — whose victory will upend the outcome of this whole vast conflict.","That a seemingly modest intervention, carried by one determined, faithful person, can overturn the outcome of a conflict involving far greater forces remains a source of encouragement for anyone feeling small before a disproportionate challenge.","Lord, may I believe that even my modest intervention, if faithful, can overturn situations that seem to far exceed me."
1,14,10,fr,"Les puits de bitume, matériau naturel bien attesté dans cette région de la mer Morte, deviennent ici un facteur tactique décisif dans la déroute des rois cananéens — un détail géologique précis qui ancre encore davantage ce récit dans une réalité physique parfaitement vérifiable.","Que la déroute des rois cananéens survienne à cause d'un piège naturel du terrain lui-même, plutôt que par la seule force militaire de leurs adversaires, illustre comment la Providence divine peut se manifester à travers les circonstances matérielles les plus ordinaires, sans intervention surnaturelle spectaculaire.","Reconnaître que la Providence divine agit souvent à travers les circonstances naturelles et matérielles ordinaires d'une situation, plutôt que par des interventions surnaturelles spectaculaires, reste une manière mature de discerner l'action de Dieu dans le monde.","Seigneur, aide-moi à discerner ta providence agissante même dans les circonstances les plus ordinaires et matérielles de ma vie."
1,14,10,en,"The tar pits, a natural material well attested in this Dead Sea region, become here a decisive tactical factor in the Canaanite kings' rout — a precise geological detail that further anchors this account in a perfectly verifiable physical reality.","That the Canaanite kings' rout comes about through a natural trap of the terrain itself, rather than through their opponents' military strength alone, illustrates how divine Providence can show itself through the most ordinary material circumstances, with no need for a spectacular supernatural intervention.","Recognizing that divine Providence often works through a situation's ordinary natural and material circumstances, rather than through spectacular supernatural interventions, remains a mature way to discern God's action in the world.","Lord, help me discern your active providence even in the most ordinary, material circumstances of my life."
1,14,11,fr,"« Les vainqueurs enlevèrent toutes les richesses... et toutes leurs provisions » précise l'ampleur du pillage subi par les villes vaincues, préparant directement la mention suivante de la capture de Lot lui-même, entraîné dans ce même mouvement de razzia générale.","Que Lot, installé « jusqu'à Sodome » (13,12) par choix personnel, se retrouve maintenant emporté malgré lui dans ce désastre collectif illustre une vérité constante : s'associer de trop près à des lieux ou des communautés marqués par le péché expose, tôt ou tard, à en subir aussi les conséquences.","Mesurer combien la proximité choisie avec certains milieux ou environnements, même sans participation directe à leurs fautes, peut exposer à en subir également les conséquences reste une prudence que cet épisode continue d'illustrer avec force.","Seigneur, garde-moi de m'associer de trop près à des situations ou des milieux dont je pourrais, malgré moi, subir un jour les conséquences."
1,14,11,en,"""They took all the goods... and all their food"" specifies the scale of the plunder inflicted on the defeated cities, directly preparing the following mention of Lot's own capture, swept up in this same wave of general raiding.","That Lot, settled ""as far as Sodom"" (13:12) by his own choice, now finds himself carried off despite himself in this collective disaster illustrates a constant truth: associating too closely with places or communities marked by sin exposes one, sooner or later, to bearing their consequences too.","Weighing how far a chosen closeness to certain circles or environments, even without direct participation in their wrongs, can expose one to bearing their consequences too remains a caution this episode keeps powerfully illustrating.","Lord, keep me from associating too closely with situations or circles whose consequences I might one day bear despite myself."
1,14,12,fr,"« Lot, fils du frère d'Abram, qui demeurait à Sodome » rappelle explicitement, au moment même de sa capture, le lien familial qui l'unit à Abram : cette précision prépare directement la réaction immédiate du patriarche dès qu'il apprendra la nouvelle.","Que le texte insiste sur ce lien familial précisément au moment de la capture de Lot souligne que, malgré leur séparation antérieure (ch. 13) et le choix discutable de Lot, le lien fraternel reste toujours actif et opérant aux yeux d'Abram, prêt à agir dès que ce lien est menacé.","Que des liens familiaux ou relationnels, même distendus ou marqués par des désaccords passés, restent toujours prêts à se réactiver en cas de danger réel pour l'un des proches reste une réalité humaine précieuse que cet épisode continue d'illustrer.","Seigneur, garde vivants en moi les liens familiaux et relationnels qui me lient aux autres, même ceux distendus par le temps ou les désaccords."
1,14,12,en,"""Lot, Abram's brother's son, who lived in Sodom"" explicitly recalls, at the very moment of his capture, the family bond linking him to Abram: this detail directly prepares the patriarch's immediate reaction as soon as he hears the news.","That the text stresses this family bond precisely at the moment of Lot's capture underlines that, despite their earlier separation (ch. 13) and Lot's questionable choice, the fraternal bond remains ever active and operative in Abram's eyes, ready to act the moment it is threatened.","That family or relational bonds, even strained or marked by past disagreements, remain always ready to reactivate when a loved one faces real danger remains a precious human reality this episode keeps illustrating.","Lord, keep alive in me the family and relational bonds that tie me to others, even those strained by time or disagreement."
1,14,13,fr,"C'est ici, pour la première fois dans toute la Bible, qu'Abram est explicitement appelé « l'Hébreu » (ha-Ivri) : ce titre, probablement dérivé du nom d'Héber (10,21 ; 11,14-17), commence dès ce chapitre à désigner Abram et sa descendance comme un groupe ethnique et culturel distinct.","Que ce titre distinctif apparaisse précisément dans un contexte de guerre et d'alliance entre peuples divers souligne qu'Abram, tout en demeurant en relation d'alliance avec des peuples voisins (Aner, Eschcol, Mamré), conserve néanmoins une identité propre et reconnaissable, distincte des nations environnantes.","Maintenir une identité propre et clairement distincte, tout en restant activement engagé dans des relations d'alliance et de coopération avec des voisins différents de soi, reste un équilibre précieux que cette première mention du titre « Hébreu » continue d'illustrer.","Seigneur, aide-moi à maintenir mon identité propre en Toi, tout en restant ouvert à des relations authentiques avec ceux qui me sont différents."
1,14,13,en,"This is, for the first time in the whole Bible, where Abram is explicitly called ""the Hebrew"" (ha-Ivri): this title, likely derived from Eber's name (10:21; 11:14-17), begins from this chapter on to designate Abram and his descendants as a distinct ethnic and cultural group.","That this distinctive title appears precisely in a context of war and alliance among various peoples underlines that Abram, while remaining in a relationship of alliance with neighboring peoples (Aner, Eshcol, Mamre), still keeps an identity of his own, recognizable and distinct from the surrounding nations.","Maintaining a clear, distinct identity of one's own, while staying actively engaged in relationships of alliance and cooperation with neighbors different from oneself, remains a precious balance this first mention of the title ""Hebrew"" keeps illustrating.","Lord, help me maintain my own identity in you, while staying open to genuine relationships with those different from me."
1,14,14,fr,"« Trois cent dix-huit de ses plus braves serviteurs, nés dans sa maison » précise un chiffre remarquablement modeste face à la coalition de quatre rois victorieux qu'Abram s'apprête à affronter : ce nombre précis souligne, par contraste, l'ampleur de la victoire qui va suivre.","Que ces hommes soient explicitement décrits comme « nés dans sa maison », et non comme des mercenaires engagés, révèle une communauté fidèle et stable, construite au fil du temps autour d'Abram — une force qui repose sur la loyauté durable plutôt que sur la seule puissance numérique.","Bâtir une communauté ou une équipe fidèle et stable dans la durée, plutôt que de compter uniquement sur des forces temporaires ou mercenaires, reste une stratégie de long terme précieuse que cette précision continue d'inspirer, en affaires comme en toute entreprise collective.","Seigneur, merci pour ceux qui me sont fidèles depuis longtemps. Aide-moi à cultiver, moi aussi, une loyauté durable envers ceux qui me sont confiés."
1,14,14,en,"""His trained men, born in his house, three hundred and eighteen"" gives a remarkably modest figure against the coalition of four victorious kings Abram is about to face: this precise number underlines, by contrast, the scale of the victory to come.","That these men are explicitly described as ""born in his house,"" not hired mercenaries, reveals a faithful, stable community built up over time around Abram — a strength resting on lasting loyalty rather than sheer numbers.","Building a faithful, stable community or team over time, rather than relying solely on temporary or mercenary forces, remains a valuable long-term strategy this detail keeps inspiring, in business as in any shared undertaking.","Lord, thank you for those who have been faithful to me over time. Help me, too, cultivate a lasting loyalty toward those entrusted to me."
1,14,15,fr,"La tactique nocturne employée par Abram — diviser sa troupe pour attaquer de nuit — est une stratégie militaire éprouvée dans l'Antiquité pour compenser une infériorité numérique par l'effet de surprise : Abram fait preuve ici d'une compétence tactique réelle, et non d'une simple confiance passive en Dieu.",Que la victoire d'Abram repose à la fois sur une intelligence stratégique concrète et sur la bénédiction divine qui l'accompagne illustre une synthèse féconde entre l'effort humain compétent et la confiance en Dieu : la foi authentique n'exclut jamais l'usage plein et entier des capacités humaines.,"Combiner une compétence pratique et stratégique réelle avec une confiance profonde en Dieu, plutôt que d'opposer les deux comme s'il fallait choisir entre elles, reste un équilibre précieux que cette victoire tactique d'Abram continue d'illustrer.","Seigneur, aide-moi à mettre pleinement en œuvre les compétences et l'intelligence que tu m'as données, tout en te faisant confiance pour l'issue finale."
1,14,15,en,"The nighttime tactic Abram uses — dividing his force to attack by night — is a proven ancient military strategy for offsetting numerical inferiority through the element of surprise: Abram shows here real tactical skill, not mere passive trust in God.","That Abram's victory rests both on real strategic intelligence and on the divine blessing accompanying it illustrates a fruitful synthesis of competent human effort and trust in God: authentic faith never excludes the full, complete use of human abilities.","Combining real, practical, strategic competence with a deep trust in God, rather than setting the two against each other as though one had to choose between them, remains a precious balance this tactical victory of Abram's keeps illustrating.","Lord, help me fully deploy the skills and intelligence you have given me, while trusting you for the final outcome."
1,14,16,fr,"« Il ramena toutes les richesses... les femmes et le peuple » précise l'ampleur complète de cette victoire : Abram ne se contente pas de libérer Lot, mais restitue également l'ensemble des personnes et des biens capturés par la coalition mésopotamienne — une victoire totale, bien au-delà du seul objectif familial initial.","Qu'Abram libère non seulement son neveu, mais aussi l'ensemble des habitants et des biens de Sodome, alors même que cette ville sera bientôt jugée pour sa méchanceté (13,13 ; ch. 19), montre une générosité qui dépasse largement les seuls intérêts personnels ou familiaux du patriarche.","Agir avec générosité envers l'ensemble d'une communauté, même celle dont on désapprouve par ailleurs certains comportements, plutôt que de limiter son aide aux seuls proches directement concernés, reste un modèle de charité désintéressée que ce geste d'Abram continue d'inspirer.","Seigneur, donne-moi une générosité qui dépasse mes seuls intérêts personnels, pour rejoindre le bien de toute une communauté."
1,14,16,en,"""He brought back all the goods... the women also, and the people"" specifies the full scale of this victory: Abram does not merely free Lot, but also restores everyone and everything the Mesopotamian coalition had captured — a total victory, far beyond the initial family goal alone.","That Abram frees not only his nephew but also all of Sodom's inhabitants and possessions, even though this city will soon be judged for its wickedness (13:13; ch. 19), shows a generosity reaching far beyond the patriarch's own personal or family interests alone.","Acting with generosity toward a whole community, even one whose behavior one otherwise disapproves of, rather than limiting one's help to one's own directly concerned relatives, remains a model of selfless charity this gesture of Abram's keeps inspiring.","Lord, give me a generosity that reaches beyond my own personal interests, to embrace the good of a whole community."
1,14,17,fr,"« La vallée de Schavé, qui est la vallée du roi » — ce lieu deviendra plus tard, selon 2 Samuel 18,18, le site du monument qu'Absalom, fils de David, se fera ériger de son vivant : une géographie qui, comme souvent dans la Genèse, prépare discrètement des développements bien plus tardifs de l'histoire d'Israël.","Que le roi de Sodome sorte à la rencontre d'Abram précisément à ce moment, juste avant l'apparition de Melchisédek au verset suivant, crée une tension narrative délibérée entre deux figures royales aux propositions radicalement différentes qu'Abram devra bientôt départager.","Se préparer à discerner, face à des propositions ou des influences contradictoires qui se présentent presque simultanément, celle qui mérite véritablement d'être suivie reste un exercice de discernement que cette scène continue d'illustrer avec finesse narrative.","Seigneur, donne-moi le discernement de choisir, parmi les propositions contradictoires qui se présentent à moi, celle qui vient réellement de Toi."
1,14,17,en,"""The valley of Shaveh (that is, the King's Valley)"" — this place will later become, according to 2 Samuel 18:18, the site of the monument David's son Absalom will have erected for himself during his lifetime: a geography that, as often in Genesis, quietly prepares far later developments in Israel's history.","That the king of Sodom comes out to meet Abram at this exact moment, right before Melchizedek's appearance in the next verse, creates a deliberate narrative tension between two royal figures with radically different proposals Abram will soon have to choose between.","Preparing to discern, when faced with conflicting proposals or influences arriving almost simultaneously, the one truly worth following remains an exercise in discernment this scene keeps illustrating with narrative subtlety.","Lord, give me the discernment to choose, among the conflicting proposals before me, the one that truly comes from you."
1,14,18,fr,"Melchisédek, dont le nom signifie littéralement « roi de justice », est présenté simultanément comme roi de Salem (probablement Jérusalem primitive) et « sacrificateur du Dieu Très-Haut » — une figure unique dans toute la Genèse cumulant fonction royale et sacerdotale, sans généalogie ni origine précisée par le texte.","Cette absence délibérée de généalogie pour Melchisédek, contrastant fortement avec le soin méticuleux porté aux autres généalogies de la Genèse, sera reprise plus tard par l'épître aux Hébreux (7,3) comme signe d'un sacerdoce éternel, sans commencement ni fin, préfigurant celui du Christ lui-même.","Reconnaître qu'une figure de sagesse ou de sainteté authentique peut surgir en dehors même de la lignée directe de la promesse, sans lien généalogique apparent avec elle, reste une ouverture précieuse contre toute exclusivité religieuse trop étroite.","Seigneur Jésus, grand prêtre selon l'ordre de Melchisédek, merci pour ton sacerdoce éternel qui dépasse toute généalogie humaine."
1,14,18,en,"Melchizedek, whose name literally means ""king of righteousness,"" is presented simultaneously as king of Salem (likely early Jerusalem) and ""priest of God Most High"" — a unique figure in all of Genesis combining royal and priestly office, with no genealogy or origin given by the text.","This deliberate absence of a genealogy for Melchizedek, sharply contrasting with the meticulous care given to Genesis's other genealogies, will later be taken up by the letter to the Hebrews (7:3) as a sign of an eternal priesthood, without beginning or end, foreshadowing Christ's own.","Recognizing that a figure of authentic wisdom or holiness can arise even outside the direct line of the promise, with no apparent genealogical link to it, remains a precious openness against any overly narrow religious exclusivity.","Lord Jesus, high priest according to the order of Melchizedek, thank you for your eternal priesthood, surpassing every human genealogy."
1,14,19,fr,"« Maître du ciel et de la terre » (qoneh shamayim va-arets) est un titre divin rare, employé ici par un prêtre non-israélite pour désigner « le Dieu Très-Haut » (El Elyon) : une reconnaissance de la souveraineté universelle de Dieu venant, de façon frappante, d'une figure extérieure au peuple de la promesse.","Que ce soit un roi-prêtre cananéen, et non Abram lui-même, qui prononce cette bénédiction solennelle sur le patriarche révèle une vérité théologique importante : la connaissance authentique de Dieu et sa capacité à bénir ne se limitent jamais exclusivement au seul cercle du peuple élu.","Reconnaître que la sagesse spirituelle et la connaissance authentique de Dieu peuvent se trouver, de manière parfois surprenante, en dehors de sa propre tradition religieuse immédiate reste une ouverture précieuse contre tout enfermement identitaire ou confessionnel excessif.","Seigneur, ouvre mon cœur à reconnaître ta présence et ta sagesse même là où je ne l'attendrais pas immédiatement."
1,14,19,en,"""Possessor of heaven and earth"" (qoneh shamayim va-arets) is a rare divine title, here used by a non-Israelite priest to designate ""God Most High"" (El Elyon): a recognition of God's universal sovereignty coming, strikingly, from a figure outside the people of the promise.","That it is a Canaanite priest-king, not Abram himself, who pronounces this solemn blessing over the patriarch reveals an important theological truth: authentic knowledge of God and the ability to bless are never confined exclusively to the chosen people's own circle.","Recognizing that spiritual wisdom and authentic knowledge of God can be found, sometimes surprisingly, outside one's own immediate religious tradition remains a precious openness against any excessive religious or denominational closing-in.","Lord, open my heart to recognize your presence and your wisdom even where I would not immediately expect them."
1,14,20,fr,"« Abram lui donna la dîme de tout » constitue la toute première mention explicite de la dîme dans la Bible, offerte spontanément par Abram, sans commandement préalable — une pratique qui deviendra plus tard une prescription légale centrale dans la Loi mosaïque.","Que cette pratique de la dîme naisse d'un geste spontané de gratitude envers un butin de guerre récemment remporté, plutôt que d'une obligation légale imposée, rappelle que les commandements ultérieurs de la Loi trouvent souvent leur origine profonde dans des gestes libres de foi et de reconnaissance antérieurs à toute codification.","Offrir spontanément par gratitude, avant même toute obligation formelle qui pourrait plus tard le codifier, reste une manière authentique et féconde de vivre la générosité, que ce geste originel d'Abram continue d'inspirer.","Seigneur, que ma générosité envers Toi naisse toujours d'abord d'une gratitude spontanée, avant même toute obligation ressentie."
1,14,20,en,"""Abram gave him a tenth of all"" is the Bible's very first explicit mention of the tithe, offered spontaneously by Abram, with no prior command: a practice that will later become a central legal prescription in the Mosaic Law.","That this practice of the tithe is born of a spontaneous gesture of gratitude over recently won spoils of war, rather than an imposed legal obligation, recalls that the Law's later commandments often find their deep origin in free acts of faith and gratitude preceding any codification.","Giving spontaneously out of gratitude, even before any formal obligation that might later codify it, remains an authentic, fruitful way to live generosity, one this original gesture of Abram's keeps inspiring.","Lord, may my generosity toward you always spring first from spontaneous gratitude, even before any felt obligation."
1,14,21,fr,"La proposition du roi de Sodome — garder les richesses en échange de la restitution des seules personnes — contraste fortement avec la démarche désintéressée de Melchisédek qui vient de précéder : deux figures royales, deux logiques radicalement opposées, offertes coup sur coup à la décision d'Abram.","Que cette proposition matériellement très avantageuse pour Abram survienne juste après la bénédiction spirituelle de Melchisédek crée une tension narrative délibérée : le patriarche devra choisir entre un gain matériel immédiat et considérable, et la fidélité au serment qu'il s'apprête à prononcer au verset suivant.","Se méfier des propositions matériellement très avantageuses qui surviennent juste après un moment de grâce spirituelle authentique, comme si elles cherchaient à en détourner le fruit, reste une vigilance précieuse que cette juxtaposition narrative continue d'enseigner.","Seigneur, garde-moi vigilant face aux tentations matérielles qui surviennent juste après les moments de grâce que tu m'accordes."
1,14,21,en,"The king of Sodom's proposal — keeping the goods in exchange for the people's return — sharply contrasts with Melchizedek's selfless approach that has just preceded it: two royal figures, two radically opposed logics, offered back to back for Abram's decision.","That this materially very advantageous proposal for Abram comes right after Melchizedek's spiritual blessing creates a deliberate narrative tension: the patriarch must choose between an immediate, considerable material gain and faithfulness to the oath he is about to speak in the next verse.","Being wary of materially very advantageous proposals arriving right after an authentic moment of spiritual grace, as though seeking to divert its fruit, remains a valuable vigilance this narrative juxtaposition keeps teaching.","Lord, keep me watchful against material temptations that arise right after the moments of grace you grant me."
1,14,22,fr,"« Je lève la main vers l'Eternel » décrit un geste rituel de serment solennel, bien attesté dans les pratiques juridiques du Proche-Orient ancien : Abram s'engage ici publiquement et formellement devant témoins, et non par une simple parole privée facilement révocable.","Qu'Abram reprenne exactement le même titre divin — « le Dieu Très-Haut, maître du ciel et de la terre » — employé juste avant par Melchisédek (v. 19), révèle qu'il adopte pleinement et publiquement la théologie de ce prêtre étranger comme étant celle du Dieu qu'il sert lui-même : une reconnaissance mutuelle explicite entre les deux hommes.","Reprendre et faire sien publiquement le langage théologique employé par une autre personne, quand il exprime authentiquement sa propre foi, reste un geste d'unité et de reconnaissance mutuelle que ce verset continue d'illustrer avec force.","Seigneur, aide-moi à reconnaître et à faire mien, avec gratitude, tout langage authentique de foi que je rencontre, même venu d'ailleurs."
1,14,22,en,"""I have lifted up my hand to Yahweh"" describes a ritual gesture of solemn oath, well attested in ancient Near Eastern legal practice: Abram commits himself here publicly and formally before witnesses, not through a mere private word easily taken back.","That Abram takes up exactly the same divine title — ""God Most High, possessor of heaven and earth"" — just used by Melchizedek (v. 19) reveals that he fully and publicly adopts this foreign priest's theology as that of the very God he himself serves: an explicit mutual recognition between the two men.","Publicly taking up and making one's own the theological language used by another person, when it authentically expresses one's own faith, remains a gesture of unity and mutual recognition this verse keeps powerfully illustrating.","Lord, help me recognize and gratefully make my own any authentic language of faith I encounter, even from elsewhere."
1,14,23,fr,"« Pas même un fil, ni un cordon de soulier » — cette expression, devenue proverbiale, souligne par son caractère délibérément extrême et absolu le refus total d'Abram d'accepter le moindre bénéfice matériel de cette proposition, aussi minime soit-il.","Que la raison explicite de ce refus soit de ne jamais laisser le roi de Sodome prétendre avoir enrichi Abram révèle un souci constant du patriarche : que sa prospérité soit toujours attribuée à Dieu seul, sans qu'aucune autre source, humaine ou politique, ne puisse jamais s'en prévaloir.","Veiller à ce que sa propre réussite ou prospérité reste toujours clairement attribuable à Dieu seul, sans laisser place à une ambiguïté qui permettrait à d'autres de s'en attribuer le mérite, reste un souci spirituel précieux que ce refus catégorique continue d'illustrer.","Seigneur, que toute ma prospérité et ma réussite te soient toujours attribuées à Toi seul, sans ambiguïté possible."
1,14,23,en,"""Not a thread nor a sandal strap"" — this phrase, since become proverbial, underlines through its deliberately extreme, absolute wording Abram's total refusal to accept the slightest material benefit from this proposal, however minor.","That the explicit reason for this refusal is never to let the king of Sodom claim he made Abram rich reveals the patriarch's constant concern: that his prosperity always be credited to God alone, with no other source, human or political, ever able to claim it.","Taking care that one's own success or prosperity always remains clearly attributable to God alone, leaving no ambiguity that would let others claim credit for it, remains a precious spiritual concern this categorical refusal keeps illustrating.","Lord, may all my prosperity and success always be credited to you alone, with no possible ambiguity."
1,14,24,fr,"Ce dernier verset distingue soigneusement le refus personnel d'Abram pour lui-même de la légitimité, pour ses compagnons Aner, Eschcol et Mamré, de recevoir leur juste part du butin : une nuance éthique précise qui montre qu'Abram n'impose jamais sa propre décision aux autres.","Que le patriarche respecte scrupuleusement la liberté et les droits légitimes de ses alliés, tout en maintenant fermement son propre choix personnel de renoncement, illustre un équilibre éthique remarquable entre conviction personnelle affirmée et respect véritable de la liberté d'autrui.","Maintenir fermement ses propres convictions personnelles sans pour autant les imposer indûment à d'autres qui ne partagent pas nécessairement les mêmes raisons d'agir, reste une sagesse éthique précieuse que cette distinction finale continue d'enseigner.","Seigneur, aide-moi à vivre fermement mes propres convictions, sans jamais les imposer indûment à ceux qui m'entourent."
1,14,24,en,"This final verse carefully distinguishes Abram's personal refusal for himself from the legitimacy, for his companions Aner, Eshcol, and Mamre, of receiving their fair share of the spoils: a precise ethical nuance showing Abram never imposes his own decision on others.","That the patriarch scrupulously respects his allies' freedom and legitimate rights, while firmly maintaining his own personal choice of renunciation, illustrates a remarkable ethical balance between firmly held personal conviction and genuine respect for others' freedom.",Firmly holding one's own personal convictions without unduly imposing them on others who do not necessarily share the same reasons for acting remains a precious ethical wisdom this final distinction keeps teaching.,"Lord, help me live my own convictions firmly, without ever unduly imposing them on those around me."
1,15,1,fr,"« Dans une vision » introduit un mode de révélation distinct de l'apparition directe déjà rapportée en 12,7 : ce chapitre inaugure une nouvelle forme de communication divine, plus proche de l'expérience prophétique que développeront plus tard les grands prophètes d'Israël.","« Ne crains point » — première parole rapportée de cette vision — suggère qu'Abram, après sa victoire militaire du chapitre précédent, ressent une peur bien compréhensible face aux représailles possibles des rois vaincus : Dieu s'adresse d'abord à cette peur concrète avant toute autre révélation.","Que Dieu commence toujours par rassurer avant de révéler, s'adressant d'abord à la peur réelle de la personne avant tout enseignement plus large, reste un modèle pastoral précieux pour toute forme d'accompagnement spirituel aujourd'hui.","Seigneur, quand la peur m'assaille après un combat gagné ou une épreuve traversée, rappelle-moi que tu es mon bouclier."
1,15,1,en,"""In a vision"" introduces a mode of revelation distinct from the direct appearance already reported in 12:7: this chapter inaugurates a new form of divine communication, closer to the prophetic experience the great prophets of Israel will later develop.","""Don't be afraid"" — the first word recorded in this vision — suggests that Abram, after his military victory in the previous chapter, feels an understandable fear of possible retaliation from the defeated kings: God addresses this concrete fear first, before any further revelation.","That God always begins by reassuring before revealing, first addressing the person's real fear before any wider teaching, remains a valuable pastoral model for any form of spiritual accompaniment today.","Lord, when fear assails me after a battle won or a trial endured, remind me that you are my shield."
1,15,2,fr,"C'est ici la toute première fois qu'Abram ose adresser une question, presque une plainte, directement à Dieu : après tant de chapitres d'obéissance silencieuse, le patriarche exprime enfin, avec une franchise remarquable, le doute profond qui l'habite face à sa descendance toujours attendue.","Que la Bible rapporte, sans aucune censure, ce moment de doute et presque de reproche envers Dieu montre que la foi authentique n'exclut jamais la question honnête, même la plus directe : le dialogue véritable avec Dieu inclut la possibilité du désaccord exprimé.","Oser exprimer honnêtement à Dieu ses doutes et ses questions les plus profondes, plutôt que de maintenir une façade de confiance apparente, reste une liberté spirituelle précieuse que cette prière d'Abram continue de légitimer.","Seigneur, donne-moi la liberté d'Abram pour t'exprimer honnêtement mes propres doutes et mes questions les plus profondes."
1,15,2,en,"This is the very first time Abram dares to address a question, almost a complaint, directly to God: after so many chapters of silent obedience, the patriarch finally expresses, with remarkable frankness, the deep doubt he carries about his still-awaited descendants.","That the Bible reports, with no censorship, this moment of doubt and near-reproach toward God shows that authentic faith never excludes honest questioning, even the most direct: real dialogue with God includes the possibility of voiced disagreement.","Daring to honestly voice one's deepest doubts and questions to God, rather than keeping up a facade of apparent confidence, remains a precious spiritual freedom this prayer of Abram's keeps legitimizing.","Lord, give me Abram's freedom to honestly express to you my own doubts and deepest questions."
1,15,3,fr,"Abram répète et précise sa plainte du verset précédent, insistant cette fois sur le fait explicite que Dieu « ne lui a pas donné de postérité » : cette double formulation souligne l'intensité de sa préoccupation, loin d'être une simple remarque passagère.","Que le patriarche insiste et répète sa question, sans se contenter d'une première expression rapide de son doute, illustre une prière persévérante qui ne craint pas d'insister devant Dieu jusqu'à obtenir une réponse claire et satisfaisante.","Persévérer dans une prière ou une question adressée à Dieu, sans se contenter d'une première formulation rapide, reste une pratique de prière authentique que cette insistance d'Abram continue d'encourager.","Seigneur, donne-moi la persévérance d'Abram pour insister dans la prière jusqu'à recevoir de Toi une réponse claire."
1,15,3,en,"Abram repeats and sharpens his complaint from the previous verse, now explicitly stressing that God ""has given him no seed"": this doubled statement underlines the intensity of his concern, far from a mere passing remark.","That the patriarch presses and repeats his question, rather than settling for a first quick expression of his doubt, illustrates a persevering prayer that is not afraid to press God until a clear, satisfying answer is given.","Persevering in a prayer or question addressed to God, rather than settling for a first quick statement, remains an authentic prayer practice this insistence of Abram's keeps encouraging.","Lord, give me Abram's perseverance to press on in prayer until I receive a clear answer from you."
1,15,4,fr,"La réponse divine, introduite par la même formule solennelle « la parole de l'Eternel lui fut adressée », corrige directement et sans ambiguïté l'hypothèse d'Abram concernant Éliézer : Dieu répond précisément à la question posée, sans l'éluder ni la contourner.","Que Dieu réponde de façon aussi directe et précise à la préoccupation concrète d'Abram, plutôt que de rester dans une réponse vague ou générale, montre une attention divine réellement personnelle aux questions les plus intimes et les plus pressantes de ceux qui se tournent vers Lui.","Faire confiance à un Dieu qui répond avec précision aux questions les plus concrètes et les plus personnelles, plutôt qu'à un principe abstrait et distant, reste une confiance précieuse que cette réponse directe continue d'inspirer.","Seigneur, merci de répondre avec précision à mes préoccupations les plus concrètes et les plus personnelles, et non par des généralités distantes."
1,15,4,en,"The divine answer, introduced by the same solemn formula ""the word of Yahweh came to him,"" directly and unambiguously corrects Abram's assumption about Eliezer: God answers exactly the question asked, neither evading it nor sidestepping it.","That God answers Abram's concrete concern so directly and precisely, rather than staying within a vague, general response, shows a divine attention that is truly personal to the most intimate, most pressing questions of those who turn to him.","Trusting a God who answers with precision the most concrete, most personal questions, rather than a distant, abstract principle, remains a precious trust this direct answer keeps inspiring.","Lord, thank you for answering my most concrete, most personal concerns with precision, rather than with distant generalities."
1,15,5,fr,"« Après l'avoir conduit dehors » précise un geste concret et physique accompagnant la parole divine : Dieu ne se contente pas d'une promesse verbale abstraite, mais offre à Abram une expérience sensorielle immédiate — contempler le ciel étoilé — pour ancrer cette promesse dans le concret.","Cette image des étoiles, la deuxième grande métaphore d'abondance après celle de la poussière (13,16), sera reprise plus tard par saint Paul (Romains 4,18) comme exemple suprême de la foi d'Abram : croire en une promesse contre toute évidence apparente et raisonnable.","Utiliser une expérience sensorielle concrète et immédiate — regarder le ciel, contempler la nature — pour ancrer une promesse ou une vérité spirituelle abstraite reste une pédagogie précieuse que ce geste divin continue d'inspirer aujourd'hui encore.","Seigneur, comme tu l'as fait pour Abram, aide-moi à ancrer mes promesses spirituelles dans des expériences concrètes et sensibles de ta présence."
1,15,5,en,"""Brought him outside"" specifies a concrete, physical gesture accompanying the divine word: God does not settle for an abstract verbal promise, but offers Abram an immediate sensory experience — gazing at the starry sky — to anchor this promise in the concrete.","This image of the stars, the second great metaphor of abundance after that of dust (13:16), will later be taken up by Saint Paul (Romans 4:18) as the supreme example of Abram's faith: believing a promise against all apparent, reasonable evidence.","Using a concrete, immediate sensory experience — looking at the sky, contemplating nature — to anchor an abstract promise or spiritual truth remains a valuable pedagogy this divine gesture still inspires today.","Lord, as you did for Abram, help me anchor your spiritual promises in concrete, tangible experiences of your presence."
1,15,6,fr,"« Abram eut confiance en l'Eternel, qui le lui imputa à justice » est l'un des versets théologiquement les plus cités de toute la Bible : saint Paul (Romains 4) et saint Jacques (Jacques 2,23) s'appuieront tous deux sur ce verset, chacun pour développer une théologie différente de la foi et des œuvres.","Que la justice soit ici « imputée » à Abram — c'est-à-dire créditée à son compte sans qu'il ait accompli aucune œuvre méritoire précise — plutôt qu'acquise par un effort personnel, fonde toute la théologie biblique ultérieure de la justification par la foi seule.","Que la confiance elle-même, avant tout accomplissement concret, puisse être reconnue comme juste et suffisante reste un fondement précieux pour toute relation de foi authentique, religieuse comme humaine, fondée sur la confiance plutôt que sur la seule performance.","Seigneur, que ma simple confiance en Toi, comme celle d'Abram, te suffise, sans que j'aie besoin de prouver ma valeur par mes propres œuvres."
1,15,6,en,"""He believed in Yahweh; and he reckoned it to him for righteousness"" is one of the most theologically cited verses in the whole Bible: Saint Paul (Romans 4) and Saint James (James 2:23) will both build on this verse, each developing a different theology of faith and works.","That righteousness is here ""reckoned"" to Abram — that is, credited to his account with no specific meritorious work accomplished — rather than earned through personal effort, grounds all later biblical theology of justification by faith alone.","That trust itself, before any concrete accomplishment, can be recognized as right and sufficient remains a precious foundation for any authentic relationship of faith, religious or human, grounded in trust rather than performance alone.","Lord, may my simple trust in you, like Abram's, be enough for you, with no need to prove my worth through my own works."
1,15,7,fr,"Dieu se présente à nouveau par sa formule d'auto-identification — « Je suis l'Eternel, qui t'ai fait sortir d'Ur en Chaldée » — rappelant explicitement l'appel initial du chapitre 12 : cette référence au passé fonde la nouvelle promesse sur la fidélité déjà manifestée jusqu'ici.","Que Dieu rappelle son action passée avant d'énoncer une nouvelle promesse illustre une pédagogie constante de l'Écriture : la confiance envers l'avenir se construit toujours sur la mémoire fidèle de ce que Dieu a déjà accompli, non sur une espérance abstraite et sans fondement.",S'appuyer sur les fidélités déjà vécues dans le passé pour fonder sa confiance envers de nouvelles promesses ou de nouveaux défis reste une sagesse spirituelle précieuse que ce rappel continue d'illustrer.,"Seigneur, aide-moi à me souvenir de tes fidélités passées pour fonder ma confiance envers ce que tu me promets aujourd'hui."
1,15,7,en,"God once more introduces himself with his self-identifying formula — ""I am Yahweh who brought you out of Ur of the Chaldees"" — explicitly recalling the initial call of chapter 12: this reference to the past grounds the new promise in the faithfulness already shown so far.","That God recalls his past action before stating a new promise illustrates a constant pedagogy of Scripture: trust in the future is always built on the faithful memory of what God has already accomplished, not on an abstract, groundless hope.",Relying on faithfulness already experienced in the past to ground one's trust toward new promises or new challenges remains a precious spiritual wisdom this reminder keeps illustrating.,"Lord, help me remember your past faithfulness as the foundation for my trust in what you promise me today."
1,15,8,fr,"Cette seconde question d'Abram — « à quoi connaîtrai-je que je le posséderai ? » — porte cette fois non plus sur la descendance mais sur la terre elle-même : le patriarche demande explicitement un signe tangible de confirmation, une requête que Dieu accueille sans reproche au verset suivant.","Que Dieu ne reproche jamais à Abram de demander un signe confirmatif, contrairement à d'autres passages bibliques où une telle demande sera critiquée (comme celle d'Achaz en Ésaïe 7,12), illustre la liberté et la diversité des chemins par lesquels la foi peut légitimement chercher à se fortifier.","Oser demander un signe concret de confirmation face à une promesse importante, sans que cela ne trahisse un manque de foi, reste une liberté spirituelle précieuse que cet échange entre Abram et Dieu continue de légitimer.","Seigneur, donne-moi, comme à Abram, des signes concrets qui fortifient ma confiance en tes promesses."
1,15,8,en,"This second question from Abram — ""how will I know that I will inherit it?"" — now concerns not descendants but the land itself: the patriarch explicitly asks for a tangible confirming sign, a request God welcomes with no reproach in the next verse.","That God never reproaches Abram for asking for a confirming sign, unlike other biblical passages where such a request will be criticized (as with Ahaz in Isaiah 7:12), illustrates the freedom and diversity of the paths by which faith can legitimately seek to be strengthened.","Daring to ask for a concrete confirming sign in the face of an important promise, without this betraying a lack of faith, remains a precious spiritual freedom this exchange between Abram and God keeps legitimizing.","Lord, give me, as you gave Abram, concrete signs that strengthen my trust in your promises."
1,15,9,fr,"Les cinq animaux demandés — génisse, chèvre, bélier, tourterelle, jeune colombe — correspondent précisément aux catégories d'animaux qui seront plus tard prescrites pour les sacrifices dans la Loi mosaïque (Lévitique 1,1-17) : ce rituel anticipe, des siècles à l'avance, le culte sacrificiel d'Israël.","Que Dieu prescrive un rituel de sacrifice si précis pour sceller sa promesse révèle l'importance et la solennité extrêmes de cet engagement : ce n'est pas une simple parole verbale, mais un véritable rite d'alliance, engageant la vie même des animaux offerts.","Comprendre qu'un engagement véritablement solennel demande souvent des gestes concrets et significatifs, au-delà de la seule parole prononcée, reste une sagesse relationnelle que ce rituel ancien continue d'illustrer.","Seigneur, que mes propres engagements envers Toi se traduisent toujours par des actes concrets, et non par de simples paroles."
1,15,9,en,"The five animals requested — heifer, goat, ram, turtledove, young pigeon — correspond precisely to the categories of animals that will later be prescribed for sacrifices in the Mosaic Law (Leviticus 1:1-17): this ritual anticipates, centuries in advance, Israel's sacrificial worship.","That God prescribes such a precise ritual of sacrifice to seal his promise reveals the extreme importance and solemnity of this commitment: not a mere spoken word, but a true covenant rite, engaging the very lives of the animals offered.","Understanding that a truly solemn commitment often calls for concrete, meaningful gestures, beyond the spoken word alone, remains a relational wisdom this ancient ritual keeps illustrating.","Lord, may my own commitments to you always be expressed through concrete acts, not mere words."
1,15,10,fr,"Ce rituel de coupure des animaux en deux, avec les morceaux disposés face à face, correspond à une pratique bien attestée de conclusion d'alliance dans le Proche-Orient ancien (cf. Jérémie 34,18) : les parties contractantes marchaient traditionnellement entre les morceaux, s'engageant symboliquement à subir le même sort en cas de rupture du pacte.","Que les oiseaux, contrairement aux autres animaux, ne soient pas partagés en deux pourrait signifier, selon certaines interprétations, une exception rituelle liée à leur petite taille ou à leur statut particulier — un détail technique qui témoigne du soin méticuleux porté à l'exactitude de ce rite ancien.","Suivre avec précision et rigueur les formes établies d'un engagement solennel, même dans leurs détails les plus techniques, reste une discipline de fidélité que ce rituel précis continue d'illustrer, bien au-delà du seul contexte religieux.","Seigneur, aide-moi à honorer avec précision et fidélité les engagements que je prends envers Toi et envers les autres."
1,15,10,en,"This ritual of cutting the animals in two, with the pieces laid facing each other, corresponds to a well-attested ancient Near Eastern covenant-making practice (cf. Jeremiah 34:18): the contracting parties would traditionally walk between the pieces, symbolically committing to suffer the same fate should the pact be broken.","That the birds, unlike the other animals, are not divided in two may indicate, by some interpretations, a ritual exception tied to their small size or particular status — a technical detail testifying to the meticulous care given to this ancient rite's exactness.","Precisely and rigorously following the established forms of a solemn commitment, even in their most technical details, remains a discipline of faithfulness this precise ritual keeps illustrating, well beyond religious context alone.","Lord, help me honor with precision and faithfulness the commitments I make to you and to others."
1,15,11,fr,« Les oiseaux de proie s'abattirent sur les cadavres ; et Abram les chassa » introduit un détail narratif inattendu dans ce rituel par ailleurs très formel : Abram doit activement défendre et protéger la préparation de l'alliance contre une menace extérieure imprévue.,"Ce geste de défense active, au cœur même de la préparation d'un rite sacré, préfigure symboliquement le combat spirituel constant qui accompagne toute promesse divine en cours d'accomplissement : les forces contraires cherchent toujours à perturber ce que Dieu est en train de sceller.","Rester activement vigilant et prêt à défendre ce qui est en train de se construire ou de se sceller, même au cœur d'un moment par ailleurs sacré et solennel, reste une leçon de vigilance spirituelle que ce geste continue d'enseigner.","Seigneur, aide-moi à rester vigilant et actif pour protéger ce que tu es en train d'accomplir dans ma propre vie, contre toute menace qui chercherait à le perturber."
1,15,11,en,"""The birds of prey came down on the carcasses, and Abram drove them away"" introduces an unexpected narrative detail within this otherwise very formal ritual: Abram must actively defend and protect the covenant's preparation against an unforeseen outside threat.","This gesture of active defense, at the very heart of preparing a sacred rite, symbolically foreshadows the constant spiritual struggle accompanying every divine promise in the process of fulfillment: opposing forces always seek to disturb what God is sealing.","Staying actively vigilant and ready to defend what is being built or sealed, even at the heart of an otherwise sacred, solemn moment, remains a lesson in spiritual vigilance this gesture keeps teaching.","Lord, help me stay watchful and active to protect what you are accomplishing in my own life, against any threat that would seek to disturb it."
1,15,12,fr,"« Un profond sommeil » (tardemah) est le même mot hébreu employé pour le sommeil d'Adam lors de la création de la femme (2,21) : cette répétition lexicale relie discrètement deux moments de passivité totale d'un homme face à une œuvre décisive que Dieu accomplit sans sa participation active.","Que « frayeur et grande obscurité » accompagnent ce sommeil prophétique annonce, dans sa tonalité même, le contenu sombre de la révélation qui va suivre — l'esclavage futur en Égypte — préparant le patriarche à recevoir une vérité difficile avant même qu'elle ne soit énoncée.","Reconnaître que certaines vérités importantes, y compris les plus difficiles, se révèlent parfois dans des moments de vulnérabilité et de passivité totale, plutôt que dans la pleine maîtrise de soi, reste une expérience spirituelle que ce verset continue d'illustrer.","Seigneur, même dans mes moments de plus grande vulnérabilité et d'obscurité, viens me révéler ce que j'ai besoin de savoir."
1,15,12,en,"""A deep sleep"" (tardemah) is the same Hebrew word used for Adam's sleep at the woman's creation (2:21): this lexical echo quietly links two moments of a man's total passivity before a decisive work God accomplishes without his active participation.","That ""terror and great darkness"" accompany this prophetic sleep announces, in its very tone, the dark content of the revelation to follow — the future slavery in Egypt — preparing the patriarch to receive a difficult truth even before it is spoken.","Recognizing that some important truths, even the hardest ones, sometimes reveal themselves in moments of vulnerability and total passivity, rather than in full self-mastery, remains a spiritual experience this verse keeps illustrating.","Lord, even in my moments of greatest vulnerability and darkness, come reveal to me what I need to know."
1,15,13,fr,"Cette prophétie précise de « quatre cents ans » d'esclavage en terre étrangère, adressée directement à Abram des siècles avant l'Exode, constitue l'une des prédictions les plus détaillées et les plus vérifiées de toute la Genèse, confirmée plus tard par le récit même de l'Exode (Exode 12,40).","Que Dieu révèle à l'avance, et avec une telle précision, une période aussi longue et douloureuse de souffrance pour la descendance d'Abram illustre une vérité théologique difficile mais essentielle : la promesse de bénédiction n'exclut jamais, dans son déroulement concret, le passage par une épreuve prolongée.","Accepter qu'une promesse authentique de bénédiction puisse inclure, dans son parcours réel, une période prolongée de difficulté ou d'épreuve avant son plein accomplissement reste une maturité spirituelle précieuse que cette prophétie continue d'enseigner.","Seigneur, aide-moi à accepter que le chemin vers l'accomplissement de tes promesses puisse parfois passer par une longue période d'épreuve."
1,15,13,en,"This precise prophecy of ""four hundred years"" of slavery in a foreign land, addressed directly to Abram centuries before the Exodus, is one of the most detailed and most verified predictions in all of Genesis, later confirmed by the Exodus account itself (Exodus 12:40).","That God reveals in advance, and with such precision, so long and painful a period of suffering for Abram's descendants illustrates a difficult but essential theological truth: the promise of blessing never excludes, in its concrete unfolding, passing through a prolonged trial.","Accepting that an authentic promise of blessing can include, along its real path, a prolonged period of difficulty or trial before its full accomplishment remains a precious spiritual maturity this prophecy keeps teaching.","Lord, help me accept that the path toward the fulfillment of your promises may sometimes pass through a long season of trial."
1,15,14,fr,"« Je jugerai la nation à laquelle ils seront asservis » annonce, des siècles à l'avance, le jugement de l'Égypte par les dix plaies (Exode 7-12) : cette promesse de jugement futur, insérée au cœur même de l'annonce de l'esclavage, en tempère immédiatement la dureté.","Que la promesse de délivrance et de jugement accompagne, dès son énoncé, l'annonce même de la souffrance à venir révèle une constante biblique : Dieu ne révèle jamais une épreuve future sans y joindre, au même moment, la promesse de son dénouement final et de sa résolution.","Recevoir l'annonce d'une difficulté à venir toujours accompagnée, dans la même révélation, de la promesse de sa résolution finale reste une manière d'espérance mature face à toute annonce difficile concernant l'avenir.","Seigneur, que toute annonce difficile que je reçois pour l'avenir soit toujours accompagnée, dans ma foi, de la certitude de ta délivrance finale."
1,15,14,en,"""I will also judge that nation, whom they will serve"" announces, centuries in advance, Egypt's judgment through the ten plagues (Exodus 7-12): this promise of future judgment, inserted at the very heart of the announcement of slavery, immediately softens its harshness.","That the promise of deliverance and judgment accompanies, from its very statement, the announcement of coming suffering reveals a biblical constant: God never reveals a future trial without joining to it, in the same moment, the promise of its final resolution.","Receiving the announcement of a coming difficulty always accompanied, in the same revelation, by the promise of its final resolution remains a mature form of hope in the face of any hard news about the future.","Lord, may every hard announcement I receive about the future always be accompanied, in my faith, by the certainty of your final deliverance."
1,15,15,fr,"« Toi, tu iras en paix vers tes pères » assure explicitement à Abram lui-même qu'il ne connaîtra pas personnellement cette période d'esclavage annoncée pour sa descendance : une consolation personnelle précise au cœur même d'une prophétie par ailleurs difficile pour ses futurs descendants.","Que Dieu prenne soin de distinguer et de préciser le sort personnel d'Abram de celui, bien plus rude, de ses descendants futurs révèle une attention pastorale individuelle, même au sein d'une révélation à portée historique bien plus large concernant tout un peuple.","Recevoir une consolation ou une assurance personnelle précise, même au sein d'une révélation plus large concernant des réalités collectives difficiles, reste un réconfort spirituel précieux que cette précision continue d'offrir.","Seigneur, merci pour l'attention personnelle que tu portes à mon propre chemin, même au sein des réalités plus larges et parfois difficiles qui touchent ceux qui m'entourent."
1,15,15,en,"""You will go to your fathers in peace"" explicitly assures Abram himself that he personally will not experience this slavery announced for his descendants: a precise personal comfort at the very heart of an otherwise difficult prophecy for his future descendants.","That God takes care to distinguish and specify Abram's own personal fate from the far harsher one awaiting his future descendants reveals an individual pastoral attentiveness, even within a revelation of much wider historical scope concerning an entire people.","Receiving a precise personal comfort or assurance, even within a wider revelation concerning difficult collective realities, remains a precious spiritual comfort this detail keeps offering.","Lord, thank you for the personal attention you give to my own path, even amid the wider, sometimes difficult realities affecting those around me."
1,15,16,fr,"« L'iniquité des Amoréens n'est pas encore à son comble » introduit un principe théologique majeur sur la patience divine : le jugement futur des peuples cananéens, lors de la conquête israélite, n'est jamais présenté comme arbitraire, mais comme la conséquence d'une iniquité qui doit d'abord atteindre son plein développement.","Ce principe d'une mesure d'iniquité qui doit « se combler » avant que le jugement ne survienne révèle une patience divine extraordinaire : Dieu attend délibérément, sur plusieurs générations, avant de laisser le jugement s'accomplir, laissant toujours le temps nécessaire à un possible repentir.","Comprendre le jugement divin, non comme un acte arbitraire ou précipité, mais comme la conséquence ultime d'une patience prolongée qui a laissé toutes les chances possibles avant d'intervenir, reste une théologie précieuse contre toute caricature d'un Dieu impatient ou vindicatif.","Seigneur, merci pour ta patience extraordinaire, qui laisse toujours le temps nécessaire au repentir avant tout jugement."
1,15,16,en,"""The iniquity of the Amorite is not yet full"" introduces a major theological principle about divine patience: the future judgment of the Canaanite peoples, at Israel's conquest, is never presented as arbitrary, but as the consequence of an iniquity that must first reach its full measure.","This principle of a measure of iniquity that must ""become full"" before judgment falls reveals an extraordinary divine patience: God deliberately waits, across several generations, before letting judgment take place, always allowing the time needed for possible repentance.","Understanding divine judgment, not as an arbitrary or hasty act, but as the ultimate consequence of a prolonged patience that gave every possible chance before intervening, remains a precious theology against any caricature of an impatient or vindictive God.","Lord, thank you for your extraordinary patience, which always allows the time needed for repentance before any judgment."
1,15,17,fr,"« Une fournaise fumante, et des flammes » constituent une théophanie particulièrement rare dans la Genèse, une manifestation visible et symbolique de la présence divine passant elle-même entre les morceaux d'animaux — un rituel normalement réservé aux deux parties contractantes d'une alliance.","Que Dieu seul, sous cette forme symbolique de feu, passe entre les morceaux — sans qu'Abram, endormi, n'y participe physiquement à ce moment précis — souligne le caractère unilatéral de cette alliance : c'est Dieu seul qui s'engage solennellement, sans condition symétrique exigée d'Abram en retour.","Recevoir un engagement solennel qui repose entièrement sur la fidélité de celui qui s'engage, sans exiger de contrepartie symétrique immédiate, reste un modèle rare et précieux de grâce inconditionnelle que cette théophanie continue d'illustrer.","Seigneur, merci pour ton alliance unilatérale envers moi, fondée sur ta seule fidélité et non sur une contrepartie que je devrais d'abord t'offrir."
1,15,17,en,"""A smoking furnace, and a flaming torch"" form a particularly rare theophany in Genesis, a visible, symbolic manifestation of the divine presence itself passing between the pieces of animals — a ritual normally reserved for both contracting parties of a covenant.","That God alone, in this symbolic form of fire, passes between the pieces — with Abram, asleep, not physically taking part at this exact moment — underlines this covenant's one-sided character: it is God alone who solemnly commits himself, with no symmetrical condition demanded of Abram in return.","Receiving a solemn commitment that rests entirely on the faithfulness of the one making it, with no immediate symmetrical counterpart demanded, remains a rare, precious model of unconditional grace this theophany keeps illustrating.","Lord, thank you for your one-sided covenant toward me, grounded in your faithfulness alone and not in some counterpart I would first have to offer you."
1,15,18,fr,"« En ce jour-là, l'Eternel fit alliance avec Abram » emploie l'expression hébraïque littérale karat berit, « couper une alliance », qui tire directement son origine de ce rituel même de coupure des animaux : le langage biblique de l'alliance porte encore aujourd'hui la trace concrète de ce geste ancien.","Les limites géographiques précisées ici — « depuis le fleuve d'Egypte jusqu'au grand fleuve, au fleuve d'Euphrate » — dessinent l'étendue maximale théorique de la promesse territoriale, atteinte historiquement, selon la tradition, uniquement sous les règnes de David et de Salomon, des siècles plus tard.","Recevoir une promesse dont l'accomplissement complet ne surviendra que bien plus tard, à travers des générations successives, reste une manière mature d'habiter une espérance de long terme, sans attendre un accomplissement immédiat et total.","Seigneur, aide-moi à habiter patiemment tes promesses, même celles dont l'accomplissement complet dépasse largement ma propre vie."
1,15,18,en,"""In that day Yahweh made a covenant with Abram"" uses the literal Hebrew phrase karat berit, ""to cut a covenant,"" which draws its origin directly from this very ritual of cutting the animals: biblical covenant language still carries, to this day, the concrete trace of this ancient gesture.","The geographic boundaries specified here — ""from the river of Egypt to the great river, the river Euphrates"" — trace the maximum theoretical extent of the territorial promise, historically reached, by tradition, only under the reigns of David and Solomon, centuries later.","Receiving a promise whose full accomplishment will only come much later, across successive generations, remains a mature way to inhabit a long-term hope, without expecting an immediate, total fulfillment.","Lord, help me patiently inhabit your promises, even those whose full accomplishment far outlasts my own lifetime."
1,15,19,fr,"Les Kéniens, Keniziens et Kadmoniens, peuples les moins souvent mentionnés ailleurs dans la Bible parmi cette liste de dix nations cananéennes, illustrent l'exhaustivité recherchée par ce texte : même les groupes les moins connus historiquement méritent d'être nommés avec la même précision que les plus célèbres.","Cette liste de dix peuples, chiffre symbolique de plénitude dans la tradition biblique, souligne l'ampleur totale et complète de la promesse territoriale faite à Abram : rien du pays promis n'est laissé de côté ou oublié dans cette énumération méticuleuse.","Prendre soin de nommer et de reconnaître avec précision chaque composante d'une promesse ou d'un engagement, même ses aspects les moins visibles ou les moins connus, reste une rigueur précieuse que cette liste continue d'illustrer.","Seigneur, merci pour la précision et la plénitude de tes promesses, qui n'oublient jamais aucun détail de ce que tu m'as destiné."
1,15,19,en,"The Kenites, Kenizzites, and Kadmonites, peoples least often mentioned elsewhere in the Bible among this list of ten Canaanite nations, illustrate the thoroughness this text aims for: even the least historically known groups deserve to be named with the same precision as the most famous.","This list of ten peoples, a symbolic number of fullness in biblical tradition, underlines the total, complete scope of the territorial promise made to Abram: nothing of the promised land is left aside or forgotten in this meticulous listing.","Taking care to precisely name and acknowledge every component of a promise or commitment, even its least visible or least known aspects, remains a precious rigor this list keeps illustrating.","Lord, thank you for the precision and fullness of your promises, which never forget any detail of what you have destined for me."
1,15,20,fr,"Les Héthiens (Hittites), puissance historique bien attestée par l'archéologie du Proche-Orient ancien, figurent parmi les peuples les plus significatifs de cette liste : leur mention confirme, une fois de plus, l'ancrage historique réel et vérifiable de ce récit dans la géopolitique concrète de l'époque.","Que cette liste inclue des peuples de puissance et d'importance historique très inégales — des grandes nations bien connues aux groupes les plus obscurs — illustre que la promesse divine ne fait acception d'aucune distinction de puissance : tout le territoire, peuplé par tous ces peuples divers, est également promis.","Reconnaître qu'une promesse ou un dessein divin englobe toutes les réalités concernées, sans distinction de puissance ou de visibilité entre elles, reste une vision d'ensemble précieuse contre toute tentation de hiérarchiser ce qui mérite ou non l'attention divine.","Seigneur, merci de ne faire acception d'aucune distinction de puissance ou d'importance apparente dans l'accomplissement de tes desseins."
1,15,20,en,"The Hittites, a historical power well attested by ancient Near Eastern archaeology, are among the most significant peoples on this list: their mention once more confirms this account's real, verifiable historical grounding in the concrete geopolitics of the time.","That this list includes peoples of very unequal power and historical importance — from great, well-known nations to the most obscure groups — illustrates that the divine promise makes no distinction of power: the whole territory, populated by all these various peoples, is equally promised.","Recognizing that a promise or a divine purpose embraces every reality concerned, with no distinction of power or visibility among them, remains a valuable wide view against any temptation to rank what does or does not deserve divine attention.","Lord, thank you for making no distinction of power or apparent importance in accomplishing your purposes."
1,15,21,fr,"Cette liste finale de dix peuples cananéens referme le chapitre 15 sur une note résolument concrète et géopolitique : après la vision, le dialogue et le rituel solennel de l'alliance, le texte s'achève sur l'énumération précise et matérielle du territoire réellement promis à la descendance d'Abram.","Que ce chapitre, ouvert sur une vision spirituelle profonde et un acte de foi salué comme justice (v. 6), se referme sur une liste aussi concrète et matérielle de peuples et de territoires illustre l'unité constante, dans la théologie biblique, entre promesse spirituelle et accomplissement historique tangible.","Tenir ensemble, sans les opposer, la dimension la plus intérieure et spirituelle d'une promesse et son accomplissement concret et matériel dans l'histoire réelle reste un équilibre théologique précieux que ce chapitre, dans son ensemble, continue d'illustrer.","Seigneur, que je croie que tes promesses les plus spirituelles s'accomplissent aussi, en leur temps, dans les réalités les plus concrètes de ma vie."
1,15,21,en,"This final list of ten Canaanite peoples closes chapter 15 on a resolutely concrete, geopolitical note: after the vision, the dialogue, and the solemn covenant ritual, the text ends with the precise, material listing of the territory truly promised to Abram's descendants.","That this chapter, opened on a profound spiritual vision and an act of faith hailed as righteousness (v. 6), closes on so concrete and material a list of peoples and territories illustrates the constant unity, in biblical theology, between spiritual promise and tangible historical fulfillment.","Holding together, without setting them against each other, a promise's most inward, spiritual dimension and its concrete, material fulfillment in real history remains a precious theological balance this whole chapter keeps illustrating.","Lord, may I believe that your most spiritual promises also come true, in their time, in the most concrete realities of my life."
2,20,8,fr,"Quatrième des dix commandements (Ex 20,1-17). Le verbe « souviens-toi » (zakhor) suppose que le repos du septième jour, institué dès la création (Gn 2,3), risque d'être oublié : la Loi ne crée pas le sabbat, elle rappelle un don déjà donné.",,,"Retiens-toi un instant aujourd'hui : le repos n'est pas un luxe, c'est un commandement."
2,20,8,en,"The fourth of the Ten Commandments (Exod 20:1-17). The verb ""remember"" (zakhor) implies that the rest of the seventh day, instituted at creation itself (Gen 2:3), risked being forgotten: the Law does not invent the Sabbath, it recalls a gift already given.",,,"Hold back a moment today: rest is not a luxury, it is a commandment."
2,20,8,es,"Cuarto de los diez mandamientos (Ex 20,1-17). El verbo «acuérdate» (zakhor) supone que el descanso del séptimo día, instituido ya en la creación (Gn 2,3), corre el riesgo de ser olvidado: la Ley no crea el sábado, recuerda un don ya dado.",,,"Detente un instante hoy: el descanso no es un lujo, es un mandamiento."
2,20,8,pt,"Quarto dos dez mandamentos (Ex 20,1-17). O verbo «lembra-te» (zakhor) pressupõe que o descanso do sétimo dia, instituído já na criação (Gn 2,3), corre o risco de ser esquecido: a Lei não cria o sábado, recorda um dom já dado.",,,"Reserva hoje um instante: o descanso não é um luxo, é um mandamento."
4,6,26,fr,"Dernière ligne de la bénédiction sacerdotale confiée par Dieu à Aaron (Nb 6,24-26), toujours utilisée dans la liturgie juive et chrétienne. « Tourner sa face vers » exprime en hébreu une attention personnelle, presque un regard échangé, plus qu'une simple bienveillance abstraite.",,,Reçois cette bénédiction comme adressée à toi aujourd'hui : Dieu tourne son visage vers toi.
4,6,26,en,"The final line of the priestly blessing entrusted by God to Aaron (Num 6:24-26), still used in Jewish and Christian liturgy today. ""To turn his face toward"" expresses, in Hebrew, personal attention — almost an exchanged glance — rather than mere abstract goodwill.",,,Receive this blessing as spoken to you today: God turns his face toward you.
4,6,26,es,"Última línea de la bendición sacerdotal confiada por Dios a Aarón (Nm 6,24-26), aún usada en la liturgia judía y cristiana. «Volver su rostro hacia» expresa en hebreo una atención personal, casi una mirada intercambiada, más que una simple benevolencia abstracta.",,,Recibe esta bendición como dirigida a ti hoy: Dios vuelve su rostro hacia ti.
4,6,26,pt,"Última linha da bênção sacerdotal confiada por Deus a Aarão (Nm 6,24-26), ainda usada na liturgia judaica e cristã. «Voltar o seu rosto para» exprime em hebraico uma atenção pessoal, quase um olhar trocado, mais do que uma simples benevolência abstrata.",,,Recebe esta bênção como dirigida a ti hoje: Deus volta o seu rosto para ti.
5,31,6,fr,"Ce sont les dernières paroles publiques de Moïse à Israël avant sa mort, juste avant l'entrée en Terre promise. La formule sera reprise presque mot pour mot par Dieu s'adressant à Josué au verset suivant du livre qui porte son nom (Jos 1,9).",,,Avance aujourd'hui sans crainte : Celui qui marche avec toi ne t'abandonnera pas.
5,31,6,en,"These are Moses' final public words to Israel before his death, just before entering the Promised Land. The formula will be repeated almost word for word by God speaking to Joshua in the very next verse of the book bearing his name (Josh 1:9).",,,Move forward today without fear: the One who walks with you will not abandon you.
5,31,6,es,"Son las últimas palabras públicas de Moisés a Israel antes de su muerte, justo antes de entrar en la Tierra prometida. La fórmula será retomada casi palabra por palabra por Dios al dirigirse a Josué en el versículo siguiente del libro que lleva su nombre (Jos 1,9).",,,Avanza hoy sin miedo: Aquel que camina contigo no te abandonará.
5,31,6,pt,"São as últimas palavras públicas de Moisés a Israel antes da sua morte, mesmo antes da entrada na Terra prometida. A fórmula será retomada quase palavra por palavra por Deus ao dirigir-se a Josué no versículo seguinte do livro que tem o seu nome (Js 1,9).",,,Avança hoje sem medo: Aquele que caminha contigo não te abandonará.
6,1,9,fr,"Dieu reprend presque mot pour mot la parole adressée par Moïse à Josué (Dt 31,7-8), au moment où celui-ci lui succède à la tête du peuple. Le courage demandé n'est pas une vertu naturelle, mais la conséquence d'une promesse : « l'Eternel... est avec toi ».",,,Ose ce que Dieu te demande aujourd'hui ; il ne te laissera pas seul.
6,1,9,en,"God repeats almost word for word the words Moses spoke to Joshua (Deut 31:7-8), at the moment Joshua succeeds him as leader of the people. The courage required is not a natural virtue, but the consequence of a promise: ""the Lord... is with you.""",,,Dare what God asks of you today; he will not leave you alone.
6,1,9,es,"Dios repite casi palabra por palabra lo que Moisés dijo a Josué (Dt 31,7-8), en el momento en que este le sucede al frente del pueblo. El valor que se pide no es una virtud natural, sino la consecuencia de una promesa: «el Señor... está contigo».",,,Atrévete hoy a lo que Dios te pide; él no te dejará solo.
6,1,9,pt,"Deus repete quase palavra por palavra o que Moisés disse a Josué (Dt 31,7-8), no momento em que este lhe sucede à frente do povo. A coragem pedida não é uma virtude natural, mas a consequência de uma promessa: «o Senhor... está contigo».",,,Ousa hoje aquilo que Deus te pede; ele não te deixará sozinho.
16,8,10,fr,"Ce verset s'inscrit dans la grande lecture publique de la Loi par Esdras, au retour d'exil : le peuple pleure d'abord en l'entendant, avant que les lévites ne les invitent à la joie et au partage. « La joie de l'Eternel » n'est donc pas un sentiment léger, mais une force qui suit la conversion et la réconciliation avec Dieu.",,,Partage aujourd'hui ce que tu as avec quelqu'un qui n'a rien préparé.
16,8,10,en,"This verse belongs to the great public reading of the Law by Ezra after the return from exile: the people first weep on hearing it, before the Levites invite them to joy and to sharing. ""The joy of the Lord"" is thus no light feeling, but a strength that follows conversion and reconciliation with God.",,,Share what you have today with someone who has nothing prepared.
16,8,10,es,"Este versículo pertenece a la gran lectura pública de la Ley por Esdras, tras el regreso del exilio: el pueblo llora primero al oírla, antes de que los levitas los inviten a la alegría y a compartir. «El gozo del Señor» no es, pues, un sentimiento ligero, sino una fuerza que sigue a la conversión y a la reconciliación con Dios.",,,Comparte hoy lo que tienes con alguien que no tiene nada preparado.
16,8,10,pt,"Este versículo pertence à grande leitura pública da Lei por Esdras, após o regresso do exílio: o povo chora primeiro ao ouvi-la, antes de os levitas os convidarem à alegria e à partilha. «A alegria do Senhor» não é, pois, um sentimento leve, mas uma força que se segue à conversão e à reconciliação com Deus.",,,Partilha hoje o que tens com alguém que não tem nada preparado.
16,9,6,fr,"Ce verset ouvre la grande prière de confession d'Israël (Ne 9), qui reparcourt toute l'histoire du salut depuis la création jusqu'à l'exil. Affirmer que Dieu seul a tout fait est le socle sur lequel repose ensuite la reconnaissance des fautes du peuple.",,,"Avant de demander quoi que ce soit à Dieu aujourd'hui, commence par le reconnaître comme Créateur de tout."
16,9,6,en,"This verse opens the great prayer of confession of Israel (Neh 9), which retraces the whole history of salvation from creation to the exile. Affirming that God alone made everything is the foundation on which the people's acknowledgment of their faults then rests.",,,"Before asking God for anything today, begin by acknowledging him as Creator of all things."
16,9,6,es,"Este versículo abre la gran oración de confesión de Israel (Ne 9), que recorre toda la historia de la salvación desde la creación hasta el exilio. Afirmar que solo Dios hizo todo es el fundamento sobre el que descansa después el reconocimiento de las faltas del pueblo.",,,"Antes de pedirle nada a Dios hoy, comienza por reconocerlo como Creador de todo."
16,9,6,pt,"Este versículo abre a grande oração de confissão de Israel (Ne 9), que percorre toda a história da salvação desde a criação até ao exílio. Afirmar que só Deus fez tudo é o alicerce sobre o qual assenta depois o reconhecimento das faltas do povo.",,,"Antes de pedir seja o que for a Deus hoje, começa por reconhecê-lo como Criador de tudo."
19,4,8,fr,"Ce psaume est attribué à David et se conclut sur une image nocturne : le calme du sommeil devient le signe visible d'une confiance intérieure. Le verset répond en écho au v.7, où le poète refusait l'angoisse malgré l'absence d'abondance de blé et de vin.",,,"Ce soir, confie ton coucher à Dieu seul, et laisse-toi endormir en paix."
19,4,8,en,"This psalm is attributed to David and closes on a night-time image: the calm of sleep becomes the visible sign of an inner trust. The verse echoes v.7, where the poet refused anguish despite having no abundance of grain or wine.",,,"Tonight, entrust your rest to God alone, and let yourself fall asleep in peace."
19,4,8,es,"Este salmo se atribuye a David y concluye con una imagen nocturna: la calma del sueño se convierte en el signo visible de una confianza interior. El versículo hace eco del v.7, donde el poeta rechazaba la angustia pese a no tener abundancia de trigo ni de vino.",,,"Esta noche, confía tu descanso solo a Dios, y déjate dormir en paz."
19,4,8,pt,"Este salmo é atribuído a David e termina com uma imagem noturna: a calma do sono torna-se o sinal visível de uma confiança interior. O versículo ecoa o v.7, onde o poeta recusava a angústia apesar de não ter abundância de trigo nem de vinho.",,,"Esta noite, confia o teu repouso só a Deus, e deixa-te adormecer em paz."
19,8,3,fr,"Le Psaume 8 est une louange nocturne : c'est en contemplant le ciel étoilé, sans instrument ni télescope, que le poète mesure la grandeur de Dieu. Le mot traduit par « contempler » (ra'ah) désigne un regard qui s'arrête, pas un simple coup d'oeil.",,,"Lève les yeux vers le ciel aujourd'hui, ne serait-ce qu'un instant, et laisse-toi surprendre."
19,8,3,en,"Psalm 8 is a night-time praise: it is by gazing at the starry sky, without instrument or telescope, that the poet measures God's greatness. The word translated ""consider"" (ra'ah) denotes a lingering gaze, not a passing glance.",,,"Lift your eyes to the sky today, even for a moment, and let yourself be surprised."
19,8,3,es,"El Salmo 8 es una alabanza nocturna: es contemplando el cielo estrellado, sin instrumento ni telescopio, como el poeta mide la grandeza de Dios. La palabra traducida como «contemplar» (ra'ah) designa una mirada que se detiene, no un simple vistazo.",,,"Alza hoy la mirada al cielo, aunque sea un instante, y déjate sorprender."
19,8,3,pt,"O Salmo 8 é um louvor noturno: é contemplando o céu estrelado, sem instrumento nem telescópio, que o poeta mede a grandeza de Deus. A palavra traduzida por «contemplar» (ra'ah) designa um olhar que se detém, não um simples relance.",,,"Ergue hoje os olhos para o céu, nem que seja por um instante, e deixa-te surpreender."
19,8,4,fr,"Face à l'immensité du cosmos qu'il vient de décrire, le psalmiste ne se sent pas écrasé mais s'étonne d'être malgré tout regardé par Dieu. Ce verset sera cité en Hébreux 2,6-8 pour parler du Christ, image parfaite de l'humanité honorée par Dieu.",,,"Devant l'immensité du monde, crois que Dieu se souvient quand même de toi, précisément."
19,8,4,en,"Faced with the immensity of the cosmos he has just described, the psalmist does not feel crushed but is astonished to be noticed by God at all. This verse is quoted in Hebrews 2:6-8 in reference to Christ, the perfect image of humanity honored by God.",,,"Before the vastness of the world, believe that God still remembers you, specifically, personally."
19,8,4,es,"Ante la inmensidad del cosmos que acaba de describir, el salmista no se siente aplastado, sino que se sorprende de que Dios se fije en él. Este versículo se cita en Hebreos 2,6-8 refiriéndose a Cristo, imagen perfecta de la humanidad honrada por Dios.",,,"Ante la inmensidad del mundo, cree que Dios se acuerda de ti, precisamente de ti."
19,8,4,pt,"Perante a imensidão do cosmos que acabou de descrever, o salmista não se sente esmagado, mas surpreende-se por Deus reparar nele. Este versículo é citado em Hebreus 2,6-8 referindo-se a Cristo, imagem perfeita da humanidade honrada por Deus.",,,"Diante da imensidão do mundo, crê que Deus se lembra de ti, precisamente de ti."
19,16,11,fr,"Ce psaume est cité par Pierre le jour de la Pentecôte (Ac 2,25-28) comme une prophétie de la résurrection du Christ, dont le corps n'a pas connu la corruption. « À ta droite » désigne la place d'honneur auprès de Dieu, la même que reçoit le Christ ressuscité.",,,"Cherche aujourd'hui le sentier, même étroit, qui mène vers la vie plutôt que vers ce qui te disperse."
19,16,11,en,"This psalm is quoted by Peter on the day of Pentecost (Acts 2:25-28) as a prophecy of Christ's resurrection, whose body did not see corruption. ""At your right hand"" designates the place of honor beside God — the very place the risen Christ receives.",,,"Look today for the path, however narrow, that leads toward life rather than toward what scatters you."
19,16,11,es,"Este salmo es citado por Pedro el día de Pentecostés (Hch 2,25-28) como una profecía de la resurrección de Cristo, cuyo cuerpo no vio la corrupción. «A tu derecha» designa el lugar de honor junto a Dios, el mismo que recibe Cristo resucitado.",,,"Busca hoy el sendero, aunque sea estrecho, que lleva hacia la vida y no hacia lo que te dispersa."
19,16,11,pt,"Este salmo é citado por Pedro no dia de Pentecostes (At 2,25-28) como uma profecia da ressurreição de Cristo, cujo corpo não viu a corrupção. «À tua direita» designa o lugar de honra junto de Deus, o mesmo que recebe o Cristo ressuscitado.",,,"Procura hoje o caminho, ainda que estreito, que leva à vida e não ao que te dispersa."
19,18,2,fr,"Ce psaume, aussi transcrit en 2 Samuel 22, accumule six images de protection en un seul verset — rocher, forteresse, libérateur, bouclier, force, retraite —, comme si aucune métaphore seule ne suffisait à dire la sécurité que Dieu procure à David après ses épreuves.",,,"Nomme aujourd'hui, comme David, les images qui te disent le mieux la protection de Dieu sur ta vie."
19,18,2,en,"This psalm, also recorded in 2 Samuel 22, piles up six images of protection in a single verse — rock, fortress, deliverer, shield, strength, stronghold — as if no single metaphor could say enough about the safety God gives David after his trials.",,,"Name today, like David, the images that best express God's protection over your life."
19,18,2,es,"Este salmo, transcrito también en 2 Samuel 22, acumula seis imágenes de protección en un solo versículo —roca, fortaleza, libertador, escudo, fuerza, baluarte—, como si ninguna metáfora bastara sola para decir la seguridad que Dios da a David tras sus pruebas.",,,"Nombra hoy, como David, las imágenes que mejor expresan para ti la protección de Dios sobre tu vida."
19,18,2,pt,"Este salmo, também transcrito em 2 Samuel 22, acumula seis imagens de proteção num só versículo — rocha, fortaleza, libertador, escudo, força, refúgio —, como se nenhuma metáfora sozinha bastasse para dizer a segurança que Deus dá a David depois das suas provações.",,,"Nomeia hoje, como David, as imagens que melhor dizem para ti a proteção de Deus sobre a tua vida."
19,19,1,fr,"Le verbe « racontent » place la création dans le rôle d'un témoin qui parle sans mots ni langage (v.4) : la nature loue Dieu simplement par son existence et son ordre, avant même toute parole humaine ou toute révélation écrite.",,,"Laisse la beauté du ciel te prêcher aujourd'hui, sans qu'un mot ne soit nécessaire."
19,19,1,en,"The verb ""declare"" casts creation in the role of a witness who speaks without words or language (v.3-4): nature praises God simply by existing and by its order, even before any human word or written revelation.",,,"Let the beauty of the sky preach to you today, without a single word being necessary."
19,19,1,es,"El verbo «cuentan» sitúa a la creación en el papel de un testigo que habla sin palabras ni lenguaje (vv.3-4): la naturaleza alaba a Dios simplemente por existir y por su orden, incluso antes de cualquier palabra humana o revelación escrita.",,,"Deja que la belleza del cielo te predique hoy, sin que haga falta una sola palabra."
19,19,1,pt,"O verbo «contam» coloca a criação no papel de uma testemunha que fala sem palavras nem linguagem (vv.3-4): a natureza louva a Deus simplesmente por existir e pela sua ordem, mesmo antes de qualquer palavra humana ou revelação escrita.",,,"Deixa que a beleza do céu te pregue hoje, sem que seja precisa uma única palavra."
19,23,0,fr,"Psaume attribué à David. Il tient en deux images : le berger qui conduit son troupeau (v. 1-4), puis l’hôte qui dresse la table (v. 5-6). Le passage du « il » au « tu » au verset 4 marque le moment où le psalmiste cesse de parler de Dieu pour lui parler.",,,"Relis-le lentement, une image après l’autre. Ce psaume ne nie pas la vallée ; il dit seulement qui la traverse avec toi."
19,23,0,en,"A psalm attributed to David, built on two images: the shepherd leading his flock (vv. 1-4), then the host laying the table (vv. 5-6). The shift from “he” to “you” at verse 4 is the moment the psalmist stops speaking about God and starts speaking to him.",,,"Read it slowly, one image at a time. This psalm does not deny the valley; it only says who walks it with you."
19,23,0,es,"Salmo atribuido a David, construido sobre dos imágenes: el pastor que guía su rebaño (vv. 1-4) y luego el anfitrión que prepara la mesa (vv. 5-6). El paso del «él» al «tú» en el versículo 4 es el momento en que el salmista deja de hablar de Dios para hablarle.",,,"Léelo despacio, una imagen tras otra. Este salmo no niega el valle; solo dice quién lo atraviesa contigo."
19,23,0,pt,"Salmo atribuído a David, construído sobre duas imagens: o pastor que conduz o seu rebanho (vv. 1-4) e depois o anfitrião que põe a mesa (vv. 5-6). A passagem do «ele» ao «tu» no versículo 4 é o momento em que o salmista deixa de falar de Deus para lhe falar.",,,"Lê-o devagar, uma imagem de cada vez. Este salmo não nega o vale; apenas diz quem o atravessa contigo."
19,23,1,fr,"Premier verset du psaume le plus connu de la Bible. En se présentant comme berger, l'image évoque le roi David lui-même, ancien berger, mais aussi Dieu guidant Israël au désert (Ps 78,52) ; Jésus reprendra ce titre pour lui-même en Jean 10.",,,"Redis-toi ce matin, comme une certitude : le Seigneur est mon berger, je ne manquerai de rien."
19,23,1,en,"The opening verse of the best-known psalm in the Bible. Presenting God as shepherd evokes David himself, once a shepherd, but also God guiding Israel through the desert (Ps 78:52); Jesus will take up this title for himself in John 10.",,,"Say to yourself this morning, as a certainty: the Lord is my shepherd, I shall not want."
19,23,1,es,"Primer versículo del salmo más conocido de la Biblia. Presentar a Dios como pastor evoca al propio David, antiguo pastor, pero también a Dios guiando a Israel en el desierto (Sal 78,52); Jesús retomará este título para sí mismo en Juan 10.",,,"Repítete esta mañana, como una certeza: el Señor es mi pastor, nada me faltará."
19,23,1,pt,"Primeiro versículo do salmo mais conhecido da Bíblia. Apresentar Deus como pastor evoca o próprio David, antigo pastor, mas também Deus a guiar Israel no deserto (Sl 78,52); Jesus retomará este título para si mesmo em João 10.",,,"Diz a ti mesmo esta manhã, como uma certeza: o Senhor é o meu pastor, nada me faltará."
19,23,2,fr,"Le verbe hébreu traduit par « fait reposer » suggère une action volontaire et bienveillante du berger, qui contraint presque doucement la brebis à s'arrêter — car laissée à elle-même, elle continuerait à errer sans repos.",,,Laisse-toi conduire aujourd'hui vers un moment de calme que tu n'aurais pas choisi seul.
19,23,2,en,"The Hebrew verb translated ""makes me lie down"" suggests a deliberate, gentle action by the shepherd, who almost has to compel the sheep to stop — for left to itself, it would keep wandering restlessly.",,,Let yourself be led today toward a moment of stillness you would not have chosen on your own.
19,23,2,es,"El verbo hebreo traducido como «me hace descansar» sugiere una acción deliberada y bondadosa del pastor, que casi tiene que obligar suavemente a la oveja a detenerse, pues dejada a sí misma seguiría vagando sin descanso.",,,Déjate llevar hoy hacia un momento de calma que tú solo no habrías elegido.
19,23,2,pt,"O verbo hebraico traduzido por «me faz repousar» sugere uma ação deliberada e bondosa do pastor, que quase tem de obrigar suavemente a ovelha a parar — pois, deixada a si mesma, continuaria a vaguear sem descanso.",,,Deixa-te conduzir hoje para um momento de calma que tu sozinho não terias escolhido.
19,23,3,fr,"« À cause de son nom » : le berger agit ici moins par sentiment que par fidélité à qui il est. La justice n'est donc pas d'abord une exigence morale pesant sur la brebis, mais la manière dont le berger reste fidèle à lui-même en la guidant.",,,"Si ton âme est fatiguée aujourd'hui, crois qu'elle peut être restaurée, non par tes forces, mais par la fidélité de Dieu."
19,23,3,en,"""For his name's sake"": the shepherd acts here less out of feeling than out of faithfulness to who he is. Righteousness is therefore not first a moral demand weighing on the sheep, but the way the shepherd stays true to himself in guiding it.",,,"If your soul is weary today, believe it can be restored — not by your own strength, but by God's faithfulness."
19,23,3,es,"«Por amor de su nombre»: el pastor actúa aquí menos por sentimiento que por fidelidad a quien es. La justicia no es, pues, ante todo una exigencia moral que pesa sobre la oveja, sino el modo en que el pastor se mantiene fiel a sí mismo al guiarla.",,,"Si tu alma está cansada hoy, cree que puede ser restaurada, no por tus fuerzas, sino por la fidelidad de Dios."
19,23,3,pt,"«Por amor do seu nome»: o pastor age aqui menos por sentimento do que por fidelidade a quem é. A justiça não é, pois, antes de mais, uma exigência moral que pesa sobre a ovelha, mas o modo como o pastor se mantém fiel a si mesmo ao guiá-la.",,,"Se a tua alma está cansada hoje, crê que pode ser restaurada, não pelas tuas forças, mas pela fidelidade de Deus."
19,23,4,fr,"Le texte hébreu (tsalmavet) peut aussi se traduire simplement par « obscurité profonde » : ce n'est pas nécessairement la mort elle-même qui est visée, mais toute vallée sombre de l'existence. Le passage du « il » (v.1-3) au « tu » marque ici le moment où le psalmiste cesse de parler de Dieu pour lui parler directement.",,,"Dans ta propre vallée d'ombre aujourd'hui, ose parler à Dieu directement, comme à quelqu'un qui marche avec toi."
19,23,4,en,"The Hebrew word tsalmavet can also simply be translated ""deep darkness"": it is not necessarily death itself that is meant, but any dark valley of existence. The shift from ""he"" (vv.1-3) to ""you"" marks the moment the psalmist stops speaking about God and starts speaking to him directly.",,,"In your own valley of shadow today, dare to speak to God directly, as to someone walking with you."
19,23,4,es,"La palabra hebrea tsalmavet también puede traducirse simplemente como «oscuridad profunda»: no se trata necesariamente de la muerte misma, sino de cualquier valle sombrío de la existencia. El paso del «él» (vv.1-3) al «tú» marca aquí el momento en que el salmista deja de hablar de Dios para hablarle directamente.",,,"En tu propio valle de sombra hoy, atrévete a hablar a Dios directamente, como a alguien que camina contigo."
19,23,4,pt,"A palavra hebraica tsalmavet também pode traduzir-se simplesmente por «escuridão profunda»: não se trata necessariamente da própria morte, mas de qualquer vale sombrio da existência. A passagem do «ele» (vv.1-3) ao «tu» marca aqui o momento em que o salmista deixa de falar de Deus para lhe falar diretamente.",,,"No teu próprio vale de sombra hoje, ousa falar a Deus diretamente, como a alguém que caminha contigo."
19,28,7,fr,"Le psaume s'ouvre par une plainte pressante (v.1-2) et se termine, deux versets après celui-ci, par une action de grâce : le mouvement du psaume tout entier va du cri d'angoisse à la joie chantée, sans qu'aucune circonstance extérieure n'ait changé entre-temps.",,,"Même avant d'être exaucé, ose déjà remercier Dieu comme David : la confiance précède parfois la délivrance."
19,28,7,en,"The psalm opens with an urgent plea (vv.1-2) and closes, two verses after this one, in thanksgiving: the whole psalm moves from a cry of anguish to sung joy, though no outward circumstance has changed in between.",,,"Even before being answered, dare to thank God already, like David: trust sometimes precedes deliverance."
19,28,7,es,"El salmo se abre con una súplica urgente (vv.1-2) y termina, dos versículos después de este, en acción de gracias: todo el salmo va del grito de angustia a la alegría cantada, sin que ninguna circunstancia externa haya cambiado entre tanto.",,,"Incluso antes de ser escuchado, atrévete ya a dar gracias a Dios, como David: la confianza a veces precede a la liberación."
19,28,7,pt,"O salmo abre com um pedido urgente (vv.1-2) e termina, dois versículos depois deste, em ação de graças: todo o salmo vai do grito de angústia à alegria cantada, sem que nenhuma circunstância exterior tenha mudado entretanto.",,,"Mesmo antes de ser ouvido, ousa já agradecer a Deus, como David: a confiança por vezes precede a libertação."
19,29,11,fr,"Ce psaume décrit d'abord un orage violent, symbole de la voix de Dieu qui domine toutes les puissances de la nature (v.3-9) ; il se conclut, par contraste, sur une bénédiction de paix pour son peuple — Dieu qui ébranle les cèdres du Liban est le même qui donne la paix à qui l'invoque.",,,"Demande aujourd'hui à Dieu, non pas d'éviter l'orage, mais la force de le traverser en paix."
19,29,11,en,"This psalm first describes a violent storm, a symbol of the voice of God dominating every power of nature (vv.3-9); it closes, by contrast, with a blessing of peace for his people — the God who shakes the cedars of Lebanon is the same God who gives peace to whoever calls on him.",,,"Ask God today not to spare you the storm, but for the strength to cross it in peace."
19,29,11,es,"Este salmo describe primero una tormenta violenta, símbolo de la voz de Dios que domina todas las fuerzas de la naturaleza (vv.3-9); concluye, por contraste, con una bendición de paz para su pueblo: el Dios que sacude los cedros del Líbano es el mismo que da la paz a quien lo invoca.",,,"Pide hoy a Dios, no que te evite la tormenta, sino la fuerza para atravesarla en paz."
19,29,11,pt,"Este salmo descreve primeiro uma tempestade violenta, símbolo da voz de Deus que domina todas as forças da natureza (vv.3-9); conclui, por contraste, com uma bênção de paz para o seu povo: o Deus que abala os cedros do Líbano é o mesmo que dá a paz a quem o invoca.",,,"Pede hoje a Deus, não que evite a tempestade, mas a força para a atravessar em paz."
19,30,5,fr,"Ce psaume est un chant de guérison, composé, selon son titre, pour la dédicace du Temple. Le contraste entre un soir de larmes et un matin de joie deviendra une image classique de la Pâque et de la résurrection dans la tradition chrétienne.",,,"Si ce soir est un soir de larmes, crois qu'un matin de joie peut encore venir."
19,30,5,en,"This psalm is a song of healing, composed, according to its title, for the dedication of the Temple. The contrast between an evening of tears and a morning of joy will become a classic image of Passover and of the resurrection in Christian tradition.",,,"If tonight is an evening of tears, believe that a morning of joy can still come."
19,30,5,es,"Este salmo es un canto de sanación, compuesto, según su título, para la dedicación del Templo. El contraste entre una tarde de llanto y una mañana de alegría se convertirá en una imagen clásica de la Pascua y de la resurrección en la tradición cristiana.",,,"Si esta noche es una noche de llanto, cree que aún puede llegar una mañana de alegría."
19,30,5,pt,"Este salmo é um cântico de cura, composto, segundo o seu título, para a dedicação do Templo. O contraste entre uma noite de choro e uma manhã de alegria tornar-se-á uma imagem clássica da Páscoa e da ressurreição na tradição cristã.",,,"Se esta noite é uma noite de choro, crê que ainda pode vir uma manhã de alegria."
19,32,5,fr,"Ce psaume est classé parmi les sept psaumes pénitentiels de la tradition chrétienne. Le mot « Pause » (Sélah) qui suit invite le lecteur ou le chantre à s'arrêter, à laisser reposer en silence ce moment de pardon reçu.",,,Ose aujourd'hui nommer devant Dieu ce que tu caches encore ; il est déjà prêt à l'effacer.
19,32,5,en,"This psalm is counted among the seven penitential psalms of Christian tradition. The word ""Selah"" that follows invites the reader or singer to pause, to let this moment of received forgiveness rest in silence.",,,Dare today to name before God what you are still hiding; he is already ready to erase it.
19,32,5,es,"Este salmo se cuenta entre los siete salmos penitenciales de la tradición cristiana. La palabra «Selah» que le sigue invita al lector o al cantor a detenerse, a dejar reposar en silencio este momento de perdón recibido.",,,Atrévete hoy a nombrar ante Dios lo que aún ocultas; él ya está dispuesto a borrarlo.
19,32,5,pt,"Este salmo conta-se entre os sete salmos penitenciais da tradição cristã. A palavra «Selah» que se segue convida o leitor ou o cantor a parar, a deixar repousar em silêncio este momento de perdão recebido.",,,Ousa hoje nomear diante de Deus aquilo que ainda escondes; ele já está pronto para o apagar.
19,37,5,fr,"Ce psaume sapientiel s'adresse à qui s'inquiète de voir prospérer les méchants (v.1) : la réponse proposée n'est pas une explication mais un geste concret, « recommander » (littéralement « rouler ») son fardeau sur Dieu.",,,"Aujourd'hui, dépose sur Dieu ce fardeau que tu portes seul depuis trop longtemps."
19,37,5,en,"This wisdom psalm speaks to anyone troubled by seeing the wicked prosper (v.1): the answer it offers is not an explanation but a concrete gesture — to ""commit"" (literally, ""roll"") one's burden onto God.",,,"Today, set down on God this burden you have been carrying alone for too long."
19,37,5,es,"Este salmo sapiencial se dirige a quien se inquieta al ver prosperar a los malvados (v.1): la respuesta que propone no es una explicación, sino un gesto concreto: «encomendar» (literalmente «hacer rodar») su carga sobre Dios.",,,"Hoy, deposita en Dios esa carga que llevas solo desde hace demasiado tiempo."
19,37,5,pt,"Este salmo sapiencial dirige-se a quem se inquieta ao ver prosperar os ímpios (v.1): a resposta que propõe não é uma explicação, mas um gesto concreto: «entregar» (literalmente «rolar») o seu fardo sobre Deus.",,,"Hoje, deposita em Deus esse fardo que carregas sozinho há demasiado tempo."
19,39,7,fr,"Le psalmiste vient de méditer sur la brièveté de la vie humaine, « comme un souffle » (v.6-7) ; c'est précisément après ce constat de fragilité qu'il choisit de placer son espérance, non dans la durée de sa vie, mais en Dieu seul.",,,"Face à la fragilité de ta vie, choisis aujourd'hui d'espérer en Dieu plutôt qu'en tes propres forces."
19,39,7,en,"The psalmist has just meditated on the brevity of human life, ""like a breath"" (vv.5-6): it is precisely after this admission of fragility that he chooses to place his hope not in the length of his life, but in God alone.",,,"Faced with the fragility of your life, choose today to hope in God rather than in your own strength."
19,39,7,es,"El salmista acaba de meditar sobre la brevedad de la vida humana, «como un soplo» (vv.5-6); es precisamente tras esta constatación de fragilidad cuando elige poner su esperanza, no en la duración de su vida, sino solo en Dios.",,,"Ante la fragilidad de tu vida, elige hoy esperar en Dios más que en tus propias fuerzas."
19,39,7,pt,"O salmista acaba de meditar sobre a brevidade da vida humana, «como um sopro» (vv.5-6); é precisamente depois desta constatação de fragilidade que escolhe pôr a sua esperança, não na duração da sua vida, mas só em Deus.",,,"Perante a fragilidade da tua vida, escolhe hoje esperar em Deus mais do que nas tuas próprias forças."
19,46,1,fr,"Ce psaume a inspiré à Martin Luther son célèbre cantique « C'est un rempart que notre Dieu ». Le mot traduit par « secours » (ezrah) suggère une aide immédiatement disponible, sans délai, précisément « dans la détresse ».",,,"Dans ta détresse d'aujourd'hui, crois que le secours de Dieu ne manque jamais, même s'il tarde."
19,46,1,en,"This psalm inspired Martin Luther's famous hymn ""A Mighty Fortress Is Our God."" The word translated ""help"" (ezrah) suggests aid that is immediately available, without delay, precisely ""in trouble.""",,,"In whatever trouble you face today, believe that God's help never fails, even if it seems slow to come."
19,46,1,es,"Este salmo inspiró a Martín Lutero su célebre himno «Castillo fuerte es nuestro Dios». La palabra traducida como «socorro» (ezrah) sugiere una ayuda inmediatamente disponible, sin demora, precisamente «en la angustia».",,,"En tu angustia de hoy, cree que el socorro de Dios nunca falta, aunque tarde en llegar."
19,46,1,pt,"Este salmo inspirou Martinho Lutero no seu célebre hino «Castelo Forte É o Nosso Deus». A palavra traduzida por «socorro» (ezrah) sugere uma ajuda imediatamente disponível, sem demora, precisamente «na angústia».",,,"Na tua angústia de hoje, crê que o socorro de Deus nunca falta, mesmo que demore a chegar."
19,56,3,fr,"Selon le titre du psaume, David l'aurait composé alors qu'il était prisonnier des Philistins à Gath — un contexte de peur réelle et immédiate, pas seulement littéraire. La confiance qu'il exprime n'efface donc pas la peur, elle la traverse.",,,Tu peux avoir peur aujourd'hui et te confier en Dieu en même temps : l'un n'empêche pas l'autre.
19,56,3,en,"According to the psalm's title, David composed it while a prisoner of the Philistines at Gath — a context of real, immediate fear, not merely a literary one. The trust he expresses does not erase fear; it moves through it.",,,You can be afraid today and trust God at the same time: one does not cancel out the other.
19,56,3,es,"Según el título del salmo, David lo compuso mientras era prisionero de los filisteos en Gat, un contexto de miedo real e inmediato, no solo literario. La confianza que expresa no borra el miedo: lo atraviesa.",,,Puedes tener miedo hoy y confiar en Dios al mismo tiempo: lo uno no impide lo otro.
19,56,3,pt,"Segundo o título do salmo, David compô-lo enquanto era prisioneiro dos filisteus em Gate — um contexto de medo real e imediato, não apenas literário. A confiança que exprime não apaga o medo: atravessa-o.",,,Podes ter medo hoje e confiar em Deus ao mesmo tempo: uma coisa não impede a outra.
19,62,1,fr,"Le mot hébreu traduit par « oui » (akh) exprime en réalité une restriction : « seulement » ou « uniquement » en Dieu. Le psaume répète ce même mot six fois, comme un refrain qui écarte peu à peu toute autre source de sécurité.",,,"Cherche aujourd'hui à qui, ou à quoi, tu confies vraiment ton salut — et reviens à Dieu seul."
19,62,1,en,"The Hebrew word translated ""truly"" (akh) actually expresses a restriction: ""only"" or ""alone"" in God. The psalm repeats this same word six times, like a refrain that gradually rules out every other source of security.",,,"Look today at who, or what, you truly entrust your salvation to — and return to God alone."
19,62,1,es,"La palabra hebrea traducida como «solo» (akh) expresa en realidad una restricción: «únicamente» o «solo» en Dios. El salmo repite esta misma palabra seis veces, como un estribillo que va descartando poco a poco cualquier otra fuente de seguridad.",,,"Busca hoy en quién, o en qué, confías realmente tu salvación, y vuelve solo a Dios."
19,62,1,pt,"A palavra hebraica traduzida por «só» (akh) exprime na realidade uma restrição: «unicamente» ou «só» em Deus. O salmo repete esta mesma palavra seis vezes, como um refrão que vai afastando pouco a pouco qualquer outra fonte de segurança.",,,"Procura hoje em quem, ou em quê, confias verdadeiramente a tua salvação — e volta só a Deus."
19,62,8,fr,"« Répandre son coeur » est une image de prière sans filtre ni retenue, empruntée au geste de verser un liquide jusqu'à la dernière goutte. Le verset s'adresse à « tout le peuple », signe que cette confiance n'est pas réservée à une élite spirituelle.",,,"Aujourd'hui, prie sans retenue : dis à Dieu ce que tu n'oses dire à personne d'autre."
19,62,8,en,"""Pour out your heart"" is an image of prayer without filter or restraint, borrowed from the gesture of emptying a liquid to the very last drop. The verse is addressed to ""the people"" as a whole — a sign that this trust is not reserved for a spiritual elite.",,,"Today, pray without holding back: tell God what you dare tell no one else."
19,62,8,es,"«Derramar el corazón» es una imagen de oración sin filtro ni contención, tomada del gesto de verter un líquido hasta la última gota. El versículo se dirige a «todo el pueblo», señal de que esta confianza no está reservada a una élite espiritual.",,,"Hoy, ora sin contenerte: dile a Dios lo que no te atreves a decir a nadie más."
19,62,8,pt,"«Derramar o coração» é uma imagem de oração sem filtro nem contenção, tomada do gesto de verter um líquido até à última gota. O versículo dirige-se a «todo o povo», sinal de que esta confiança não está reservada a uma elite espiritual.",,,"Hoje, ora sem te conteres: diz a Deus aquilo que não ousas dizer a mais ninguém."
19,100,4,fr,"Le Psaume 100 est un psaume de procession liturgique, destiné à être chanté en entrant dans le Temple. Le mouvement du verset — d'abord franchir les portes, puis les parvis — invite à approcher Dieu progressivement, non dans la précipitation.",,,"Entre dans ta journée en commençant par la louange, avant même la demande."
19,100,4,en,"Psalm 100 is a liturgical processional psalm, meant to be sung while entering the Temple. The verse's movement — first crossing the gates, then the courts — invites approaching God gradually, not in haste.",,,"Enter your day by beginning with praise, even before making requests."
19,100,4,es,"El Salmo 100 es un salmo de procesión litúrgica, destinado a cantarse al entrar en el Templo. El movimiento del versículo —primero cruzar las puertas, luego los atrios— invita a acercarse a Dios progresivamente, sin precipitación.",,,"Entra en tu día comenzando por la alabanza, incluso antes de pedir."
19,100,4,pt,"O Salmo 100 é um salmo de procissão litúrgica, destinado a ser cantado ao entrar no Templo. O movimento do versículo — primeiro atravessar os portões, depois os átrios — convida a aproximar-se de Deus progressivamente, sem pressa.",,,"Entra no teu dia começando pelo louvor, mesmo antes de pedir."
19,103,12,fr,"L'image choisie n'est pas le nord et le sud, qui se rejoignent quelque part aux pôles, mais l'est et l'ouest, qui ne se rencontrent jamais : le pardon de Dieu est ainsi présenté comme une distance infinie et sans retour possible.",,,"Crois aujourd'hui que ta faute pardonnée est réellement, définitivement, mise à distance."
19,103,12,en,"The image chosen is not north and south, which meet somewhere at the poles, but east and west, which never meet: God's forgiveness is thus presented as an infinite distance with no possible return.",,,"Believe today that your forgiven fault has truly, definitively, been put at a distance."
19,103,12,es,"La imagen elegida no es el norte y el sur, que se juntan en algún punto de los polos, sino el oriente y el occidente, que nunca se encuentran: el perdón de Dios se presenta así como una distancia infinita y sin retorno posible.",,,"Cree hoy que tu falta perdonada ha sido realmente, definitivamente, alejada."
19,103,12,pt,"A imagem escolhida não é o norte e o sul, que se encontram algures nos polos, mas o oriente e o ocidente, que nunca se encontram: o perdão de Deus é assim apresentado como uma distância infinita e sem retorno possível.",,,"Crê hoje que a tua falta perdoada foi verdadeiramente, definitivamente, posta à distância."
19,104,24,fr,"Ce long psaume de louange à la création reprend, dans un ordre poétique et non chronologique, presque tous les éléments du récit de Genèse 1 — lumière, eaux, animaux, végétation — comme une manière de méditer la création autrement qu'en un simple récit chronologique.",,,"Cherche aujourd'hui, dans le plus petit détail du monde qui t'entoure, une oeuvre de Dieu."
19,104,24,en,"This long psalm of praise for creation revisits, in poetic rather than chronological order, almost every element of the Genesis 1 account — light, waters, animals, vegetation — as a way of meditating on creation differently from a simple sequential narrative.",,,Look today for God's work in even the smallest detail of the world around you.
19,104,24,es,"Este largo salmo de alabanza a la creación retoma, en un orden poético y no cronológico, casi todos los elementos del relato de Génesis 1 —luz, aguas, animales, vegetación— como una manera de meditar la creación de otro modo que en un simple relato cronológico.",,,"Busca hoy, en el más pequeño detalle del mundo que te rodea, una obra de Dios."
19,104,24,pt,"Este longo salmo de louvor à criação retoma, numa ordem poética e não cronológica, quase todos os elementos do relato de Génesis 1 — luz, águas, animais, vegetação — como uma forma de meditar a criação de outro modo que não um simples relato cronológico.",,,"Procura hoje, no mais pequeno pormenor do mundo à tua volta, uma obra de Deus."
19,107,1,fr,"Ce refrain ouvre le psaume et sera repris à quatre reprises (v.8, 15, 21, 31), après quatre récits différents de détresse suivie de délivrance — le désert, la prison, la maladie, la tempête —, comme pour dire que la fidélité de Dieu couvre toutes les situations humaines.",,,"Quelle que soit ta situation aujourd'hui, commence par reconnaître que la bonté de Dieu ne varie pas."
19,107,1,en,"This refrain opens the psalm and is repeated four times (vv.8, 15, 21, 31), after four different accounts of distress followed by deliverance — the desert, prison, sickness, the storm — as if to say that God's faithfulness covers every human situation.",,,"Whatever your situation today, begin by acknowledging that God's goodness never changes."
19,107,1,es,"Este estribillo abre el salmo y se repite cuatro veces (vv.8, 15, 21, 31), tras cuatro relatos distintos de angustia seguida de liberación —el desierto, la prisión, la enfermedad, la tormenta—, como para decir que la fidelidad de Dios cubre toda situación humana.",,,"Sea cual sea tu situación hoy, comienza por reconocer que la bondad de Dios no cambia."
19,107,1,pt,"Este refrão abre o salmo e é repetido quatro vezes (vv.8, 15, 21, 31), depois de quatro relatos diferentes de angústia seguida de libertação — o deserto, a prisão, a doença, a tempestade —, como que a dizer que a fidelidade de Deus cobre toda a situação humana.",,,"Seja qual for a tua situação hoje, começa por reconhecer que a bondade de Deus não muda."
19,111,10,fr,"Dans l'Ancien Testament, la « crainte de l'Eternel » ne désigne pas la peur mais un respect révérenciel qui reconnaît sa juste place devant Dieu. Ce verset se retrouve presque identique en Proverbes 9,10 et 1,7, signe d'un adage central de toute la littérature de sagesse.",,,Commence ta recherche de sagesse aujourd'hui par un peu d'humilité devant Dieu.
19,111,10,en,"In the Old Testament, ""the fear of the Lord"" does not mean fright but a reverent respect that recognizes one's rightful place before God. This verse appears almost identically in Proverbs 9:10 and 1:7, a sign of a central saying running through all wisdom literature.",,,Begin your search for wisdom today with a little humility before God.
19,111,10,es,"En el Antiguo Testamento, el «temor del Señor» no designa el miedo, sino un respeto reverencial que reconoce el lugar justo ante Dios. Este versículo se repite casi idéntico en Proverbios 9,10 y 1,7, señal de un dicho central en toda la literatura sapiencial.",,,Comienza hoy tu búsqueda de sabiduría con un poco de humildad ante Dios.
19,111,10,pt,"No Antigo Testamento, o «temor do Senhor» não designa o medo, mas um respeito reverencial que reconhece o justo lugar diante de Deus. Este versículo repete-se quase idêntico em Provérbios 9,10 e 1,7, sinal de um ditado central em toda a literatura sapiencial.",,,Começa hoje a tua busca de sabedoria com um pouco de humildade diante de Deus.
19,118,15,fr,"Ce psaume est traditionnellement chanté lors de la fête juive de la Pâque, et Jésus l'a probablement chanté avec ses disciples lors de la Cène (Mt 26,30). « La droite » désigne symboliquement la force agissante de Dieu.",,,"Laisse un cri de joie, même discret, monter en toi aujourd'hui pour ce que Dieu a fait."
19,118,15,en,"This psalm is traditionally sung at the Jewish feast of Passover, and Jesus most likely sang it with his disciples at the Last Supper (Matt 26:30). ""The right hand"" symbolically designates God's active strength.",,,"Let a cry of joy, however quiet, rise in you today for what God has done."
19,118,15,es,"Este salmo se canta tradicionalmente en la fiesta judía de la Pascua, y Jesús probablemente lo cantó con sus discípulos en la Última Cena (Mt 26,30). «La diestra» designa simbólicamente la fuerza actuante de Dios.",,,"Deja que un grito de alegría, aunque discreto, se eleve hoy en ti por lo que Dios ha hecho."
19,118,15,pt,"Este salmo é tradicionalmente cantado na festa judaica da Páscoa, e Jesus provavelmente cantou-o com os seus discípulos na Última Ceia (Mt 26,30). «A direita» designa simbolicamente a força atuante de Deus.",,,"Deixa que um grito de alegria, mesmo discreto, se eleve hoje em ti pelo que Deus fez."
19,118,24,fr,"Ce verset, lu chaque dimanche par les chrétiens depuis les origines, célébrait à l'origine le jour où la pierre rejetée par les bâtisseurs devient la pierre angulaire (v.22) — une image reprise par Jésus et les apôtres pour parler de sa propre résurrection.",,,"Reçois cette journée, telle qu'elle est, comme un don que Dieu a fait exprès pour toi."
19,118,24,en,"This verse, read every Sunday by Christians since the earliest times, originally celebrated the day the stone rejected by the builders becomes the cornerstone (v.22) — an image Jesus and the apostles later applied to his own resurrection.",,,"Receive this day, just as it is, as a gift God made specifically for you."
19,118,24,es,"Este versículo, leído cada domingo por los cristianos desde los orígenes, celebraba originalmente el día en que la piedra rechazada por los constructores se convierte en piedra angular (v.22), imagen retomada por Jesús y los apóstoles para hablar de su propia resurrección.",,,"Recibe este día, tal como es, como un don que Dios ha hecho especialmente para ti."
19,118,24,pt,"Este versículo, lido todos os domingos pelos cristãos desde as origens, celebrava originalmente o dia em que a pedra rejeitada pelos construtores se torna pedra angular (v.22), imagem retomada por Jesus e pelos apóstolos para falar da sua própria ressurreição.",,,"Recebe este dia, tal como é, como um dom que Deus fez especialmente para ti."
19,118,25,fr,"En hébreu, « accorde le salut » se dit hoshi'ah na, d'où vient le mot « Hosanna » que la foule criera à Jésus lors de son entrée à Jérusalem (Mt 21,9), reprenant sans le savoir ce même psaume.",,,"Ose crier vers Dieu aujourd'hui, comme la foule à Jérusalem : viens à mon secours."
19,118,25,en,"In Hebrew, ""grant salvation"" is hoshi'ah na, the origin of the word ""Hosanna"" the crowd will cry out to Jesus at his entry into Jerusalem (Matt 21:9) — unknowingly quoting this very psalm.",,,"Dare to cry out to God today, like the crowd in Jerusalem: come to my help."
19,118,25,es,"En hebreo, «concede la salvación» se dice hoshi'ah na, de donde viene la palabra «Hosanna» que la multitud gritará a Jesús en su entrada en Jerusalén (Mt 21,9), citando sin saberlo este mismo salmo.",,,"Atrévete hoy a clamar a Dios, como la multitud en Jerusalén: ven en mi ayuda."
19,118,25,pt,"Em hebraico, «concede a salvação» diz-se hoshi'ah na, de onde vem a palavra «Hosana» que a multidão gritará a Jesus na sua entrada em Jerusalém (Mt 21,9), citando sem o saber este mesmo salmo.",,,"Ousa hoje clamar a Deus, como a multidão em Jerusalém: vem em meu socorro."
19,118,26,fr,"Cette acclamation liturgique, adressée à l'origine à un pèlerin entrant au Temple, sera reprise mot pour mot par la foule pour accueillir Jésus à Jérusalem (Mt 21,9) — sans que la foule mesure encore pleinement à qui elle s'adresse.",,,"Accueille aujourd'hui la présence de Dieu dans ta journée, comme on accueille un hôte béni."
19,118,26,en,"This liturgical acclamation, originally addressed to a pilgrim entering the Temple, will be repeated word for word by the crowd welcoming Jesus into Jerusalem (Matt 21:9) — without the crowd yet fully grasping to whom it was speaking.",,,"Welcome God's presence into your day today, as one welcomes a blessed guest."
19,118,26,es,"Esta aclamación litúrgica, dirigida originalmente a un peregrino que entraba en el Templo, será repetida palabra por palabra por la multitud que acoge a Jesús en Jerusalén (Mt 21,9), sin que la multitud mida todavía a quién se dirige.",,,"Acoge hoy la presencia de Dios en tu día, como se acoge a un huésped bendito."
19,118,26,pt,"Esta aclamação litúrgica, dirigida originalmente a um peregrino que entrava no Templo, será repetida palavra por palavra pela multidão que acolhe Jesus em Jerusalém (Mt 21,9), sem que a multidão meça ainda a quem se dirige.",,,"Acolhe hoje a presença de Deus no teu dia, como se acolhe um hóspede bendito."
19,126,3,fr,"Ce psaume, chanté au retour d'exil à Babylone, commence par évoquer un souvenir qui semblait presque un rêve (v.1) : la joie présente s'enracine ici dans la mémoire d'une délivrance déjà vécue, non dans une promesse encore incertaine.",,,"Rappelle-toi aujourd'hui une chose que Dieu a déjà faite pour toi, et laisse-la nourrir ta joie présente."
19,126,3,en,"This psalm, sung upon the return from exile in Babylon, opens by recalling a memory that seemed almost like a dream (v.1): the present joy is rooted here in the memory of a deliverance already experienced, not in a still-uncertain promise.",,,"Remember today one thing God has already done for you, and let it feed your present joy."
19,126,3,es,"Este salmo, cantado al regreso del exilio en Babilonia, comienza evocando un recuerdo que parecía casi un sueño (v.1): la alegría presente se enraíza aquí en la memoria de una liberación ya vivida, no en una promesa todavía incierta.",,,"Recuerda hoy algo que Dios ya hizo por ti, y deja que alimente tu alegría presente."
19,126,3,pt,"Este salmo, cantado no regresso do exílio na Babilónia, começa evocando uma lembrança que parecia quase um sonho (v.1): a alegria presente enraíza-se aqui na memória de uma libertação já vivida, não numa promessa ainda incerta.",,,"Lembra-te hoje de algo que Deus já fez por ti, e deixa que isso alimente a tua alegria presente."
19,130,5,fr,"Ce psaume, l'un des sept psaumes pénitentiels, s'ouvre par un cri « des profondeurs » (v.1) : l'espérance de ce verset n'est donc pas une confiance facile, mais un choix fait depuis l'abîme même du péché ou de la détresse.",,,"Même du fond de ta détresse aujourd'hui, choisis d'attendre encore la promesse de Dieu."
19,130,5,en,"This psalm, one of the seven penitential psalms, opens with a cry ""from the depths"" (v.1): the hope of this verse is therefore not an easy confidence, but a choice made from the very depths of sin or distress.",,,"Even from the depths of your distress today, choose to keep waiting for God's promise."
19,130,5,es,"Este salmo, uno de los siete salmos penitenciales, se abre con un grito «desde lo profundo» (v.1): la esperanza de este versículo no es, pues, una confianza fácil, sino una elección hecha desde el mismo abismo del pecado o de la angustia.",,,"Incluso desde el fondo de tu angustia hoy, elige seguir esperando la promesa de Dios."
19,130,5,pt,"Este salmo, um dos sete salmos penitenciais, abre com um grito «desde as profundezas» (v.1): a esperança deste versículo não é, pois, uma confiança fácil, mas uma escolha feita a partir do próprio abismo do pecado ou da angústia.",,,"Mesmo do fundo da tua angústia hoje, escolhe continuar a esperar a promessa de Deus."
19,136,1,fr,"Ce psaume répète, vingt-six fois, à la fin de chaque verset, le même refrain « car sa miséricorde dure à toujours » — une litanie liturgique conçue pour être chantée en alternance entre un chantre et l'assemblée, chacun se souvenant à voix haute d'un même amour fidèle.",,,"Répète-toi aujourd'hui, comme une litanie : sa miséricorde dure toujours, même dans ce que tu vis maintenant."
19,136,1,en,"This psalm repeats, twenty-six times, at the end of each verse, the same refrain ""for his mercy endures forever"" — a liturgical litany designed to be sung in alternation between a cantor and the assembly, each voice recalling the same steadfast love.",,,"Repeat to yourself today, like a litany: his mercy endures forever, even in what you are living through right now."
19,136,1,es,"Este salmo repite, veintiséis veces, al final de cada versículo, el mismo estribillo «porque para siempre es su misericordia», una letanía litúrgica pensada para cantarse alternando entre un cantor y la asamblea, cada voz recordando el mismo amor fiel.",,,"Repítete hoy, como una letanía: su misericordia es para siempre, incluso en lo que vives ahora."
19,136,1,pt,"Este salmo repete, vinte e seis vezes, no final de cada versículo, o mesmo refrão «porque a sua misericórdia dura para sempre», uma litania litúrgica pensada para ser cantada em alternância entre um cantor e a assembleia, cada voz recordando o mesmo amor fiel.",,,"Repete hoje a ti mesmo, como uma litania: a sua misericórdia dura para sempre, mesmo naquilo que vives agora."
20,1,7,fr,"Ce verset ouvre le corps du livre des Proverbes après son prologue (1,1-6) et en donne la clé de lecture : toute la sagesse pratique qui suivra doit être reçue à partir d'un rapport juste avec Dieu, non comme une simple technique de vie.",,,"Avant de chercher des réponses aujourd'hui, commence par te tourner vers Dieu."
20,1,7,en,"This verse opens the body of the book of Proverbs after its prologue (1:1-6) and gives the key to reading it: all the practical wisdom that follows must be received from a right relationship with God, not as a mere life technique.",,,"Before looking for answers today, begin by turning to God."
20,1,7,es,"Este versículo abre el cuerpo del libro de Proverbios tras su prólogo (1,1-6) y da la clave de lectura: toda la sabiduría práctica que sigue debe recibirse a partir de una relación justa con Dios, no como una simple técnica de vida.",,,"Antes de buscar respuestas hoy, comienza volviéndote hacia Dios."
20,1,7,pt,"Este versículo abre o corpo do livro dos Provérbios após o seu prólogo (1,1-6) e dá a chave de leitura: toda a sabedoria prática que se segue deve ser recebida a partir de uma relação justa com Deus, não como uma simples técnica de vida.",,,"Antes de procurar respostas hoje, começa por te voltares para Deus."
20,2,6,fr,"Le chapitre insiste sur la recherche active de la sagesse (« si tu la cherches comme l'argent », v.4) tout en rappelant ici qu'elle reste, en définitive, un don reçu de Dieu et non une simple conquête intellectuelle.",,,Demande la sagesse avant de demander la solution.
20,2,6,en,"The chapter insists on actively seeking wisdom (""if you seek it like silver,"" v.4) while also recalling here that it ultimately remains a gift received from God, not a mere intellectual conquest.",,,Ask for wisdom before you ask for the solution.
20,2,6,es,"El capítulo insiste en la búsqueda activa de la sabiduría («si la buscas como a la plata», v.4) recordando aquí que sigue siendo, en definitiva, un don recibido de Dios y no una simple conquista intelectual.",,,Pide sabiduría antes de pedir la solución.
20,2,6,pt,"O capítulo insiste na busca ativa da sabedoria («se a procurares como a prata», v.4) recordando aqui que ela continua a ser, em definitivo, um dom recebido de Deus e não uma simples conquista intelectual.",,,Pede sabedoria antes de pedir a solução.
20,3,5,fr,"Le parallélisme oppose deux appuis : le coeur tourné vers Dieu, et sa propre intelligence. Ce n'est pas un mépris de la raison, mais un avertissement contre l'illusion de tout comprendre et tout maîtriser par soi-même.",,,"Là où tu comptes sur ta seule logique aujourd'hui, essaie de laisser une place à la confiance."
20,3,5,en,"The parallelism contrasts two supports: a heart turned toward God, and one's own understanding. This is not a scorn for reason, but a warning against the illusion of grasping and mastering everything by oneself.",,,"Wherever you are relying on logic alone today, try to leave room for trust."
20,3,5,es,"El paralelismo contrapone dos apoyos: el corazón vuelto hacia Dios y la propia inteligencia. No es un desprecio de la razón, sino una advertencia contra la ilusión de comprenderlo y dominarlo todo por uno mismo.",,,"Allí donde hoy cuentas solo con tu lógica, intenta dejar un lugar a la confianza."
20,3,5,pt,"O paralelismo contrapõe dois apoios: o coração voltado para Deus e a própria inteligência. Não é um desprezo pela razão, mas um aviso contra a ilusão de compreender e dominar tudo sozinho.",,,"Onde hoje contas apenas com a tua lógica, tenta deixar um lugar para a confiança."
20,3,6,fr,"« Toutes tes voies » inclut l'ensemble concret de la vie quotidienne, pas seulement les grandes décisions ou les moments religieux. La promesse n'est pas l'absence d'obstacles, mais un chemin rendu praticable.",,,"Associe Dieu à une décision très concrète de ta journée, même la plus ordinaire."
20,3,6,en,"""All your ways"" includes the whole concrete fabric of daily life, not only major decisions or religious moments. The promise is not the absence of obstacles, but a path made passable.",,,"Bring God into one very concrete decision of your day, even the most ordinary one."
20,3,6,es,"«Todos tus caminos» incluye el conjunto concreto de la vida cotidiana, no solo las grandes decisiones o los momentos religiosos. La promesa no es la ausencia de obstáculos, sino un camino hecho transitable.",,,"Asocia a Dios con una decisión muy concreta de tu día, incluso la más ordinaria."
20,3,6,pt,"«Todos os teus caminhos» inclui todo o conjunto concreto da vida quotidiana, não apenas as grandes decisões ou os momentos religiosos. A promessa não é a ausência de obstáculos, mas um caminho tornado praticável.",,,"Associa Deus a uma decisão muito concreta do teu dia, mesmo a mais comum."
20,3,13,fr,Ce verset ouvre un éloge poétique de la sagesse (v.13-18) qui la compare à un arbre de vie et affirme qu'elle vaut plus que l'argent ou les pierres précieuses — un bonheur qui ne dépend donc pas des circonstances extérieures.,,,Cherche aujourd'hui un bonheur qui ne dépende pas de ce que tu possèdes.
20,3,13,en,"This verse opens a poetic praise of wisdom (vv.13-18) that compares it to a tree of life and claims it is worth more than silver or precious stones — a happiness, then, that does not depend on outward circumstances.",,,Seek today a happiness that does not depend on what you own.
20,3,13,es,"Este versículo abre un elogio poético de la sabiduría (vv.13-18) que la compara con un árbol de vida y afirma que vale más que la plata o las piedras preciosas: una felicidad, pues, que no depende de las circunstancias externas.",,,Busca hoy una felicidad que no dependa de lo que posees.
20,3,13,pt,"Este versículo abre um elogio poético da sabedoria (vv.13-18) que a compara a uma árvore de vida e afirma que vale mais do que a prata ou as pedras preciosas: uma felicidade, portanto, que não depende das circunstâncias externas.",,,Procura hoje uma felicidade que não dependa daquilo que possuis.
20,4,7,fr,"Le père transmet ici à son fils un enseignement reçu lui-même de son propre père (v.3-4) : la sagesse biblique se transmet ainsi de génération en génération, comme un héritage plus précieux que n'importe quel bien matériel.",,,"Repère aujourd'hui ce que tu as reçu de ceux qui t'ont précédé, et remercie pour cela."
20,4,7,en,"Here the father passes on to his son a teaching he himself received from his own father (vv.3-4): biblical wisdom is thus handed down from generation to generation, like an inheritance more precious than any material good.",,,"Notice today what you have received from those who came before you, and give thanks for it."
20,4,7,es,"Aquí el padre transmite a su hijo una enseñanza que él mismo recibió de su propio padre (vv.3-4): la sabiduría bíblica se transmite así de generación en generación, como una herencia más preciosa que cualquier bien material.",,,"Reconoce hoy lo que has recibido de quienes te precedieron, y da gracias por ello."
20,4,7,pt,"Aqui o pai transmite ao filho um ensinamento que ele próprio recebeu do seu próprio pai (vv.3-4): a sabedoria bíblica transmite-se assim de geração em geração, como uma herança mais preciosa do que qualquer bem material.",,,"Repara hoje no que recebeste de quem te precedeu, e agradece por isso."
20,9,10,fr,"Ce verset conclut le poème de la Sagesse personnifiée qui a dressé sa table et invité les simples à un festin (Pr 9,1-6) : recevoir la sagesse commence donc par accepter une invitation, plus que par un effort solitaire.",,,Accepte aujourd'hui une invitation à grandir que tu repoussais peut-être.
20,9,10,en,"This verse closes the poem of personified Wisdom who has set her table and invited the simple to a feast (Prov 9:1-6): receiving wisdom thus begins with accepting an invitation, more than with a solitary effort.",,,Accept today an invitation to grow that you may have been putting off.
20,9,10,es,"Este versículo concluye el poema de la Sabiduría personificada, que ha preparado su mesa e invitado a los sencillos a un banquete (Pr 9,1-6): recibir la sabiduría comienza así aceptando una invitación, más que con un esfuerzo solitario.",,,Acepta hoy una invitación a crecer que quizá venías postergando.
20,9,10,pt,"Este versículo conclui o poema da Sabedoria personificada, que preparou a sua mesa e convidou os simples para um banquete (Pr 9,1-6): receber a sabedoria começa assim por aceitar um convite, mais do que por um esforço solitário.",,,Aceita hoje um convite para crescer que talvez estivesses a adiar.
21,7,12,fr,"L'Ecclésiaste, généralement plus sombre sur la valeur des choses humaines, reconnaît ici un avantage net de la sagesse sur la richesse : toutes deux protègent, mais seule la sagesse « fait vivre », c'est-à-dire donne un sens et pas seulement un abri.",,,Cherche aujourd'hui un abri qui dure plus longtemps que l'argent.
21,7,12,en,"Ecclesiastes, generally more somber about the value of human things, here grants wisdom a clear advantage over wealth: both offer shelter, but only wisdom ""gives life"" — that is, gives meaning, not merely shelter.",,,Look today for a shelter that lasts longer than money.
21,7,12,es,"El Eclesiastés, generalmente más sombrío sobre el valor de las cosas humanas, reconoce aquí una clara ventaja de la sabiduría sobre la riqueza: ambas protegen, pero solo la sabiduría «da vida», es decir, da sentido y no solo abrigo.",,,Busca hoy un abrigo que dure más que el dinero.
21,7,12,pt,"O Eclesiastes, geralmente mais sombrio quanto ao valor das coisas humanas, reconhece aqui uma clara vantagem da sabedoria sobre a riqueza: ambas protegem, mas só a sabedoria «dá vida», ou seja, dá sentido e não apenas abrigo.",,,Procura hoje um abrigo que dure mais do que o dinheiro.
23,9,6,fr,"Ce verset messianique, chanté chaque année à Noël, énumère quatre titres royaux pour un enfant à naître, dont l'étonnant « Dieu puissant » (El Gibbor) — la même expression sera reprise en Isaïe 10,21 pour désigner Dieu lui-même.",,,"Accueille aujourd'hui la paix promise, non comme une utopie lointaine, mais comme une personne déjà donnée."
23,9,6,en,"This messianic verse, sung every year at Christmas, lists four royal titles for a child to be born, including the striking ""Mighty God"" (El Gibbor) — the very same expression used again in Isaiah 10:21 to designate God himself.",,,"Welcome the promised peace today, not as a distant utopia, but as a person already given."
23,9,6,es,"Este versículo mesiánico, cantado cada año en Navidad, enumera cuatro títulos reales para un niño por nacer, entre ellos el sorprendente «Dios fuerte» (El Gibbor), la misma expresión que se retoma en Isaías 10,21 para designar a Dios mismo.",,,"Acoge hoy la paz prometida, no como una utopía lejana, sino como una persona ya dada."
23,9,6,pt,"Este versículo messiânico, cantado todos os anos no Natal, enumera quatro títulos reais para uma criança que há de nascer, entre eles o surpreendente «Deus forte» (El Gibbor), a mesma expressão retomada em Isaías 10,21 para designar o próprio Deus.",,,"Acolhe hoje a paz prometida, não como uma utopia distante, mas como uma pessoa já dada."
23,40,26,fr,"Ce chapitre s'adresse à un peuple en exil, tenté de croire que Dieu l'a oublié (v.27) ; l'argument choisi n'est pas une explication abstraite mais une invitation concrète à regarder le ciel étoilé, dont Dieu connaît chaque étoile par son nom.",,,Lève les yeux aujourd'hui : Celui qui nomme chaque étoile connaît aussi ton nom.
23,40,26,en,"This chapter addresses a people in exile, tempted to believe God has forgotten them (v.27); the argument offered is not an abstract explanation but a concrete invitation to look up at the starry sky, whose every star God calls by name.",,,Lift your eyes today: the One who names every star also knows your name.
23,40,26,es,"Este capítulo se dirige a un pueblo en el exilio, tentado a creer que Dios lo ha olvidado (v.27); el argumento elegido no es una explicación abstracta, sino una invitación concreta a mirar el cielo estrellado, del que Dios conoce cada estrella por su nombre.",,,Alza hoy la mirada: Aquel que nombra cada estrella conoce también tu nombre.
23,40,26,pt,"Este capítulo dirige-se a um povo no exílio, tentado a crer que Deus se esqueceu dele (v.27); o argumento escolhido não é uma explicação abstrata, mas um convite concreto a olhar o céu estrelado, do qual Deus conhece cada estrela pelo nome.",,,Ergue hoje os olhos: Aquele que nomeia cada estrela conhece também o teu nome.
23,40,31,fr,"Trois verbes d'action croissante — voler, courir, marcher — inversent l'ordre attendu : contre toute logique, c'est la marche quotidienne, la plus longue et la plus discrète, qui exige finalement le plus d'endurance renouvelée.",,,"Pour la tâche la plus longue et la plus discrète d'aujourd'hui, demande à Dieu de renouveler ta force."
23,40,31,en,"Three verbs of increasing action — flying, running, walking — reverse the expected order: against all logic, it is daily walking, the longest and least noticed, that finally demands the most renewed endurance.",,,"For the longest, least noticed task of today, ask God to renew your strength."
23,40,31,es,"Tres verbos de acción creciente —volar, correr, caminar— invierten el orden esperado: contra toda lógica, es la marcha cotidiana, la más larga y discreta, la que finalmente exige más resistencia renovada.",,,"Para la tarea más larga y discreta de hoy, pide a Dios que renueve tus fuerzas."
23,40,31,pt,"Três verbos de ação crescente — voar, correr, caminhar — invertem a ordem esperada: contra toda a lógica, é a caminhada quotidiana, a mais longa e discreta, que finalmente exige mais resistência renovada.",,,"Para a tarefa mais longa e discreta de hoje, pede a Deus que renove as tuas forças."
23,41,10,fr,"Ce verset condense, en une seule phrase, les trois piliers de la consolation biblique : une présence (« je suis avec toi »), une identité (« je suis ton Dieu »), une action (« je te fortifie, je te soutiens »). Ce n'est pas d'abord un conseil, mais une parole de Dieu prononcée à la première personne.",,,"Reçois aujourd'hui cette parole comme adressée directement à toi : ne crains rien, je suis avec toi."
23,41,10,en,"This verse condenses, in a single sentence, the three pillars of biblical consolation: a presence (""I am with you""), an identity (""I am your God""), an action (""I strengthen you, I uphold you""). It is not first of all advice, but a word of God spoken in the first person.",,,"Receive this word today as spoken directly to you: fear not, I am with you."
23,41,10,es,"Este versículo condensa, en una sola frase, los tres pilares del consuelo bíblico: una presencia («estoy contigo»), una identidad («soy tu Dios»), una acción («te fortalezco, te sostengo»). No es ante todo un consejo, sino una palabra de Dios pronunciada en primera persona.",,,"Recibe hoy esta palabra como dirigida directamente a ti: no temas, estoy contigo."
23,41,10,pt,"Este versículo condensa, numa só frase, os três pilares da consolação bíblica: uma presença («estou contigo»), uma identidade («sou o teu Deus»), uma ação («fortaleço-te, sustento-te»). Não é, antes de mais, um conselho, mas uma palavra de Deus pronunciada na primeira pessoa.",,,"Recebe hoje esta palavra como dirigida diretamente a ti: não temas, estou contigo."
24,17,7,fr,"Ce verset ouvre une comparaison entre deux arbres (v.5-8) : celui qui se confie en l'homme est comme un arbrisseau dans le désert, celui qui se confie en Dieu comme un arbre planté près de l'eau, dont les feuilles restent vertes même en année de sécheresse.",,,"Cherche aujourd'hui d'où tu tires vraiment ta sève, plutôt que de qui tu attends d'abord un secours."
24,17,7,en,"This verse opens a comparison between two trees (vv.5-8): whoever trusts in man is like a shrub in the desert, while whoever trusts in God is like a tree planted by water, whose leaves stay green even in a year of drought.",,,"Look today at where you truly draw your sap from, rather than at who you first expect help from."
24,17,7,es,"Este versículo abre una comparación entre dos árboles (vv.5-8): quien confía en el hombre es como un arbusto en el desierto, y quien confía en Dios, como un árbol plantado junto al agua, cuyas hojas permanecen verdes incluso en año de sequía.",,,"Busca hoy de dónde sacas realmente tu savia, más que en quién esperas primero un socorro."
24,17,7,pt,"Este versículo abre uma comparação entre duas árvores (vv.5-8): quem confia no homem é como um arbusto no deserto, e quem confia em Deus, como uma árvore plantada junto à água, cujas folhas permanecem verdes mesmo em ano de seca.",,,"Procura hoje de onde tiras realmente a tua seiva, mais do que em quem esperas primeiro um socorro."
24,29,11,fr,"Cette promesse est adressée aux exilés de Babylone, à qui Jérémie vient pourtant de conseiller de bâtir des maisons et planter des jardins sur place (v.5-7) : l'espérance annoncée ici n'est donc pas un sauvetage immédiat, mais une fidélité à long terme au coeur même de l'exil.",,,"Même dans une situation que tu n'as pas choisie, crois que Dieu y prépare encore un avenir pour toi."
24,29,11,en,"This promise is addressed to the exiles in Babylon, to whom Jeremiah has just advised building houses and planting gardens right where they are (vv.5-7): the hope announced here is therefore not an immediate rescue, but a long-term faithfulness at the very heart of exile.",,,"Even in a situation you did not choose, believe that God is still preparing a future for you there."
24,29,11,es,"Esta promesa se dirige a los exiliados en Babilonia, a quienes Jeremías acaba de aconsejar construir casas y plantar huertos allí mismo (vv.5-7): la esperanza anunciada aquí no es, pues, un rescate inmediato, sino una fidelidad a largo plazo en el mismo corazón del exilio.",,,"Incluso en una situación que no elegiste, cree que Dios sigue preparando allí un futuro para ti."
24,29,11,pt,"Esta promessa dirige-se aos exilados na Babilónia, a quem Jeremias acaba de aconselhar construir casas e plantar jardins ali mesmo (vv.5-7): a esperança aqui anunciada não é, pois, um resgate imediato, mas uma fidelidade a longo prazo no próprio coração do exílio.",,,"Mesmo numa situação que não escolheste, crê que Deus continua a preparar aí um futuro para ti."
25,3,22,fr,"Ce verset se trouve au centre exact du livre des Lamentations, entièrement composé de plaintes sur la destruction de Jérusalem : c'est au coeur même du deuil le plus noir que surgit, sans transition douce, cette affirmation de confiance.",,,"Même au coeur de ton deuil ou de ta peine aujourd'hui, ose croire que la bonté de Dieu n'est pas épuisée."
25,3,22,en,"This verse stands at the exact center of the book of Lamentations, composed entirely of laments over the destruction of Jerusalem: it is at the very heart of the darkest grief that this affirmation of trust suddenly appears, with no gentle transition.",,,"Even in the middle of your grief or sorrow today, dare to believe that God's compassions are not exhausted."
25,3,22,es,"Este versículo se encuentra en el centro exacto del libro de las Lamentaciones, compuesto enteramente de lamentos por la destrucción de Jerusalén: es en el mismo corazón del duelo más oscuro donde surge, sin transición suave, esta afirmación de confianza.",,,"Incluso en medio de tu duelo o tu pena hoy, atrévete a creer que la bondad de Dios no se agota."
25,3,22,pt,"Este versículo encontra-se no centro exato do livro das Lamentações, composto inteiramente por lamentos pela destruição de Jerusalém: é no próprio coração do luto mais escuro que surge, sem transição suave, esta afirmação de confiança.",,,"Mesmo no meio do teu luto ou da tua dor hoje, ousa crer que a bondade de Deus não se esgota."
25,3,23,fr,"Ce verset a inspiré le cantique chrétien « Grande est ta fidélité ». Le mot hébreu pour « fidélité » (émouna) est de la même racine que « amen » : dire amen, c'est déjà affirmer sa confiance en cette fidélité renouvelée chaque matin.",,,Chaque matin est neuf : reçois celui d'aujourd'hui comme une preuve de la fidélité de Dieu.
25,3,23,en,"This verse inspired the Christian hymn ""Great Is Thy Faithfulness."" The Hebrew word for ""faithfulness"" (emunah) shares its root with ""amen"": to say amen is already to affirm trust in this faithfulness renewed every morning.",,,Each morning is new: receive today's as proof of God's faithfulness.
25,3,23,es,Este versículo inspiró el himno cristiano «Grande es tu fidelidad». La palabra hebrea para «fidelidad» (emuná) comparte raíz con «amén»: decir amén es ya afirmar la confianza en esa fidelidad renovada cada mañana.,,,Cada mañana es nueva: recibe la de hoy como una prueba de la fidelidad de Dios.
25,3,23,pt,Este versículo inspirou o hino cristão «Grande é a Tua Fidelidade». A palavra hebraica para «fidelidade» (emuná) partilha a raiz de «ámen»: dizer ámen é já afirmar a confiança nessa fidelidade renovada todas as manhãs.,,,Cada manhã é nova: recebe a de hoje como uma prova da fidelidade de Deus.
33,7,18,fr,"Le nom même du prophète, Mika-Yah, signifie « Qui est semblable à Yahvé ? » — une question que ce verset final du livre reprend presque comme une signature, en réponse à laquelle il ne propose qu'un seul argument : le pardon.",,,Demande-toi aujourd'hui : ma manière de pardonner ressemble-t-elle à celle de Dieu ?
33,7,18,en,"The prophet's very name, Mikha-Yahu, means ""Who is like the LORD?"" — a question this closing verse of the book almost restates as a signature, answering it with a single argument: forgiveness.",,,Ask yourself today: does the way I forgive resemble the way God forgives?
33,7,18,es,"El propio nombre del profeta, Mika-Yahu, significa «¿Quién como Yahvé?», una pregunta que este versículo final del libro retoma casi como una firma, respondiendo con un único argumento: el perdón.",,,Pregúntate hoy: ¿se parece mi manera de perdonar a la de Dios?
33,7,18,pt,"O próprio nome do profeta, Mika-Yahu, significa «Quem é como o Senhor?», uma pergunta que este versículo final do livro retoma quase como uma assinatura, respondendo-lhe com um único argumento: o perdão.",,,Pergunta-te hoje: o meu modo de perdoar assemelha-se ao de Deus?
33,7,19,fr,"L'image du péché jeté « au fond de la mer » sera reprise dans une tradition juive tardive, le tashlikh, où l'on jette symboliquement du pain dans l'eau le jour du Nouvel An pour signifier l'abandon des fautes de l'année écoulée.",,,Imagine aujourd'hui ta faute jetée au fond de la mer : ne va pas la repêcher.
33,7,19,en,"The image of sin cast ""into the depths of the sea"" is later echoed in the Jewish custom of tashlikh, in which bread is symbolically thrown into water on New Year's Day to signify letting go of the past year's faults.",,,Picture your fault thrown today into the depths of the sea — don't go fishing it back out.
33,7,19,es,"La imagen del pecado arrojado «a lo profundo del mar» se retomará en una tradición judía tardía, el tashlikh, en la que se arroja simbólicamente pan al agua el día de Año Nuevo para significar el abandono de las faltas del año pasado.",,,Imagina hoy tu falta arrojada al fondo del mar: no vayas a pescarla de nuevo.
33,7,19,pt,"A imagem do pecado lançado «ao fundo do mar» será retomada numa tradição judaica tardia, o tashlikh, em que se lança simbolicamente pão à água no dia de Ano Novo para significar o abandono das faltas do ano passado.",,,Imagina hoje a tua falta lançada ao fundo do mar: não vás pescá-la de novo.
34,1,7,fr,"Ce verset de tendresse tranche avec le reste du livre de Nahum, largement consacré à annoncer la chute de Ninive : au milieu même du jugement annoncé pour les oppresseurs, une place demeure pour ceux qui cherchent refuge en Dieu.",,,"Même au milieu d'un monde en tension aujourd'hui, cherche le refuge que Dieu reste pour toi."
34,1,7,en,"This tender verse stands out from the rest of the book of Nahum, largely devoted to announcing the fall of Nineveh: even in the very midst of the judgment proclaimed against oppressors, a place remains for those who seek refuge in God.",,,"Even in the middle of a tense world today, look for the refuge that God still is for you."
34,1,7,es,"Este versículo de ternura contrasta con el resto del libro de Nahúm, dedicado en gran parte a anunciar la caída de Nínive: en medio mismo del juicio anunciado contra los opresores, queda un lugar para quienes buscan refugio en Dios.",,,"Incluso en medio de un mundo tenso hoy, busca el refugio que Dios sigue siendo para ti."
34,1,7,pt,"Este versículo de ternura destaca-se do resto do livro de Naum, em grande parte dedicado a anunciar a queda de Nínive: no próprio meio do julgamento anunciado contra os opressores, permanece um lugar para quem busca refúgio em Deus.",,,"Mesmo no meio de um mundo tenso hoje, procura o refúgio que Deus continua a ser para ti."
38,4,6,fr,"Cette parole est adressée à Zorobabel, chargé de rebâtir le Temple malgré des moyens humains dérisoires face à l'opposition politique locale. Le verset deviendra une devise classique pour toute oeuvre qui semble disproportionnée par rapport aux forces disponibles.",,,"Pour le projet qui te semble aujourd'hui disproportionné, compte sur l'Esprit plus que sur tes propres moyens."
38,4,6,en,"These words are addressed to Zerubbabel, tasked with rebuilding the Temple despite meager human resources against local political opposition. The verse became a classic motto for any work that seems disproportionate to the means available.",,,"For the project that feels disproportionate today, rely on the Spirit more than on your own resources."
38,4,6,es,"Estas palabras se dirigen a Zorobabel, encargado de reconstruir el Templo pese a medios humanos irrisorios frente a la oposición política local. El versículo se convertirá en un lema clásico para cualquier obra que parezca desproporcionada respecto a los medios disponibles.",,,"Para el proyecto que hoy te parece desproporcionado, cuenta con el Espíritu más que con tus propios medios."
38,4,6,pt,"Estas palavras dirigem-se a Zorobabel, encarregado de reconstruir o Templo apesar de meios humanos irrisórios face à oposição política local. O versículo tornar-se-á um lema clássico para qualquer obra que pareça desproporcionada face aos meios disponíveis.",,,"Para o projeto que hoje te parece desproporcionado, conta com o Espírito mais do que com os teus próprios meios."
40,6,14,fr,"Ce verset suit immédiatement le Notre Père, dont il commente la demande « pardonne-nous... comme nous pardonnons » : Matthieu est le seul évangéliste à ajouter ce commentaire explicite juste après la prière, en soulignant le lien étroit entre les deux pardons.",,,"Pardonne comme il t'a été pardonné, sans compter."
40,6,14,en,"This verse follows immediately after the Lord's Prayer, commenting on its petition ""forgive us... as we forgive"": Matthew is the only evangelist to add this explicit comment right after the prayer, underlining the close link between the two forgivenesses.",,,Forgive as you were forgiven — without counting.
40,6,14,es,"Este versículo sigue inmediatamente al Padrenuestro, comentando su petición «perdónanos... como nosotros perdonamos»: Mateo es el único evangelista que añade este comentario explícito justo después de la oración, subrayando el estrecho vínculo entre ambos perdones.",,,"Perdona como fuiste perdonado, sin llevar la cuenta."
40,6,14,pt,"Este versículo segue-se imediatamente ao Pai-Nosso, comentando o seu pedido «perdoa-nos... como perdoamos»: Mateus é o único evangelista a acrescentar este comentário explícito logo após a oração, sublinhando o laço estreito entre os dois perdões.",,,"Perdoa como te foi perdoado, sem levar a conta."
40,11,28,fr,"Cette invitation intervient juste après que Jésus a rendu grâce parce que le Père a caché ses mystères aux sages et les a révélés aux « petits enfants » (v.25) : le repos promis n'est donc pas réservé à une élite spirituelle, mais offert d'abord aux plus fatigués.",,,Accorde-toi aussi un vrai temps de repos aujourd'hui.
40,11,28,en,"This invitation comes right after Jesus gives thanks because the Father hid his mysteries from the wise and revealed them to ""little children"" (v.25): the rest promised here is therefore not reserved for a spiritual elite, but offered first to the most weary.",,,"Give yourself real rest today, too."
40,11,28,es,"Esta invitación llega justo después de que Jesús diera gracias porque el Padre ocultó sus misterios a los sabios y los reveló a los «pequeñitos» (v.25): el descanso aquí prometido no está, pues, reservado a una élite espiritual, sino ofrecido primero a los más cansados.",,,Concédete también hoy un verdadero descanso.
40,11,28,pt,"Este convite surge logo depois de Jesus dar graças porque o Pai escondeu os seus mistérios dos sábios e os revelou aos «pequeninos» (v.25): o descanso aqui prometido não está, pois, reservado a uma elite espiritual, mas oferecido primeiro aos mais cansados.",,,Concede-te também hoje um verdadeiro descanso.
40,11,29,fr,"Le « joug », image empruntée à l'agriculture, reliait deux boeufs pour partager le poids d'un même travail. Jésus ne supprime donc pas le travail ou l'effort, mais promet de le porter avec celui qui vient à lui.",,,"Aujourd'hui, ne porte pas seul ce qui pèse : partage le joug avec le Christ."
40,11,29,en,"The ""yoke,"" an image borrowed from farming, joined two oxen to share the weight of the same work. Jesus therefore does not remove work or effort, but promises to carry it together with whoever comes to him.",,,"Today, do not carry alone what weighs on you: share the yoke with Christ."
40,11,29,es,"El «yugo», imagen tomada de la agricultura, unía a dos bueyes para compartir el peso de un mismo trabajo. Jesús no suprime, pues, el trabajo ni el esfuerzo, sino que promete llevarlo junto con quien viene a él.",,,"Hoy, no cargues solo lo que pesa: comparte el yugo con Cristo."
40,11,29,pt,"O «jugo», imagem tomada da agricultura, unia dois bois para partilharem o peso de um mesmo trabalho. Jesus não suprime, pois, o trabalho nem o esforço, mas promete carregá-lo juntamente com quem vem a ele.",,,"Hoje, não carregues sozinho o que pesa: partilha o jugo com Cristo."
40,17,20,fr,"Le grain de sénevé (moutarde) était proverbialement la plus petite graine connue en Palestine ancienne : Jésus ne demande donc pas une foi immense, mais une foi authentique, même infime, capable de grandir.",,,"Ose un petit acte de foi aujourd'hui, même minuscule : il suffit pour que Dieu agisse."
40,17,20,en,"The mustard seed was proverbially the smallest seed known in ancient Palestine: Jesus is therefore not asking for immense faith, but for genuine faith, however tiny, capable of growing.",,,"Dare one small act of faith today, however tiny — it is enough for God to act."
40,17,20,es,"El grano de mostaza era proverbialmente la semilla más pequeña conocida en la antigua Palestina: Jesús no pide, pues, una fe inmensa, sino una fe auténtica, aunque mínima, capaz de crecer.",,,"Atrévete hoy a un pequeño acto de fe, aunque sea diminuto: basta para que Dios actúe."
40,17,20,pt,"O grão de mostarda era proverbialmente a menor semente conhecida na Palestina antiga: Jesus não pede, pois, uma fé imensa, mas uma fé autêntica, ainda que mínima, capaz de crescer.",,,"Ousa hoje um pequeno ato de fé, mesmo minúsculo: basta para que Deus aja."
40,18,21,fr,"Pierre propose sept fois, déjà généreux selon les rabbins de l'époque qui limitaient le pardon à trois fois ; Jésus répondra au verset suivant « septante fois sept fois », c'est-à-dire un nombre qui dépasse tout calcul possible.",,,"Pardonne comme il t'a été pardonné, sans compter."
40,18,21,en,"Peter proposes seven times, already generous by the standard of the rabbis of his day, who limited forgiveness to three times; Jesus will answer, in the next verse, ""seventy times seven"" — a number meant to exceed any possible count.",,,Forgive as you were forgiven — without counting.
40,18,21,es,"Pedro propone siete veces, ya generoso según los rabinos de la época, que limitaban el perdón a tres veces; Jesús responderá en el versículo siguiente «setenta veces siete», es decir, un número que supera cualquier cálculo posible.",,,"Perdona como fuiste perdonado, sin llevar la cuenta."
40,18,21,pt,"Pedro propõe sete vezes, já generoso segundo os rabinos da época, que limitavam o perdão a três vezes; Jesus responderá no versículo seguinte «setenta vezes sete», ou seja, um número que ultrapassa qualquer cálculo possível.",,,"Perdoa como te foi perdoado, sem levar a conta."
41,6,31,fr,"Cette invitation suit immédiatement le retour de mission des douze apôtres et l'annonce de la mort de Jean-Baptiste (v.14-30) : Jésus propose le repos non par principe abstrait, mais concrètement, après un temps d'engagement intense et de deuil.",,,Accorde-toi aussi un vrai temps de repos aujourd'hui.
41,6,31,en,"This invitation comes right after the twelve apostles return from their mission and after the news of John the Baptist's death (vv.14-30): Jesus offers rest not as an abstract principle, but concretely, after a time of intense engagement and grief.",,,"Give yourself real rest today, too."
41,6,31,es,"Esta invitación llega justo después de que los doce apóstoles regresan de su misión y del anuncio de la muerte de Juan el Bautista (vv.14-30): Jesús propone el descanso no como principio abstracto, sino concretamente, tras un tiempo de compromiso intenso y de duelo.",,,Concédete también hoy un verdadero descanso.
41,6,31,pt,"Este convite surge logo depois de os doze apóstolos regressarem da sua missão e do anúncio da morte de João Batista (vv.14-30): Jesus propõe o descanso não como princípio abstrato, mas concretamente, depois de um tempo de empenho intenso e de luto.",,,Concede-te também hoje um verdadeiro descanso.
41,9,23,fr,"Ce dialogue a lieu avec le père d'un enfant possédé, qui vient de dire à Jésus « si tu peux quelque chose » ; Jésus renvoie la question vers lui, avant que le père ne réponde par cette prière restée célèbre : « Je crois, viens au secours de mon incrédulité ! » (v.24).",,,"Comme ce père, ose dire à Dieu aujourd'hui : je crois, mais viens en aide à mon manque de foi."
41,9,23,en,"This dialogue takes place with the father of a possessed child, who has just said to Jesus ""if you can do anything""; Jesus turns the question back to him, just before the father offers this now-famous prayer: ""I believe; help my unbelief!"" (v.24).",,,"Like this father, dare to tell God today: I believe, but come help my lack of faith."
41,9,23,es,"Este diálogo tiene lugar con el padre de un niño poseído, que acaba de decir a Jesús «si puedes hacer algo»; Jesús le devuelve la pregunta, justo antes de que el padre responda con esta oración que ha quedado célebre: «¡Creo, ayuda mi incredulidad!» (v.24).",,,"Como este padre, atrévete hoy a decir a Dios: creo, pero ven en ayuda de mi poca fe."
41,9,23,pt,"Este diálogo dá-se com o pai de uma criança possuída, que acaba de dizer a Jesus «se podes fazer alguma coisa»; Jesus devolve-lhe a pergunta, mesmo antes de o pai responder com esta oração que ficou célebre: «Creio, ajuda a minha incredulidade!» (v.24).",,,"Como este pai, ousa dizer hoje a Deus: creio, mas vem em auxílio da minha pouca fé."
42,23,34,fr,"Cette parole, la première des sept dernières paroles du Christ en croix selon la tradition, est prononcée alors même que les soldats sont en train de le crucifier : le pardon n'est donc pas une réaction après coup, mais un acte prononcé au coeur même de la souffrance infligée.",,,"Pardonne comme il t'a été pardonné, sans compter."
42,23,34,en,"This saying, the first of the traditional seven last words of Christ on the cross, is spoken even as the soldiers are in the act of crucifying him: forgiveness is thus not an afterthought, but an act spoken at the very heart of the suffering inflicted.",,,Forgive as you were forgiven — without counting.
42,23,34,es,"Esta palabra, la primera de las siete últimas palabras de Cristo en la cruz según la tradición, se pronuncia mientras los soldados lo están crucificando: el perdón no es, pues, una reacción posterior, sino un acto pronunciado en el corazón mismo del sufrimiento infligido.",,,"Perdona como fuiste perdonado, sin llevar la cuenta."
42,23,34,pt,"Esta palavra, a primeira das sete últimas palavras de Cristo na cruz segundo a tradição, é pronunciada precisamente enquanto os soldados o estão a crucificar: o perdão não é, pois, uma reação posterior, mas um ato pronunciado no próprio coração do sofrimento infligido.",,,"Perdoa como te foi perdoado, sem levar a conta."
43,1,1,fr,"Ce verset fait écho volontairement au premier mot de la Genèse (« Au commencement »), pour présenter le Christ comme présent dès l'origine. Le mot grec logos, traduit par « Parole », désignait aussi dans la philosophie grecque le principe rationnel qui ordonne l'univers.",,,La Parole est vivante ; laisse-la habiter ta journée.
43,1,1,en,"This verse deliberately echoes the first word of Genesis (""In the beginning"") to present Christ as present from the very origin. The Greek word logos, translated ""Word,"" also designated, in Greek philosophy, the rational principle that orders the universe.",,,The Word is alive; let it dwell in your day.
43,1,1,es,"Este versículo hace eco deliberadamente a la primera palabra del Génesis («En el principio»), para presentar a Cristo como presente desde el origen. La palabra griega logos, traducida como «Palabra», designaba también en la filosofía griega el principio racional que ordena el universo.",,,La Palabra está viva; deja que habite tu día.
43,1,1,pt,"Este versículo ecoa deliberadamente a primeira palavra do Génesis («No princípio»), para apresentar Cristo como presente desde a origem. A palavra grega logos, traduzida por «Palavra», designava também na filosofia grega o princípio racional que ordena o universo.",,,A Palavra está viva; deixa-a habitar o teu dia.
43,1,2,fr,"Ce verset répète presque mot pour mot la fin du verset précédent, un procédé stylistique rare qui souligne, par insistance, l'éternité de la Parole : elle n'a jamais eu de commencement propre, elle était déjà là « au commencement ».",,,"Avant même que ta journée ne commence, la Parole de Dieu était déjà là, t'attendant."
43,1,2,en,"This verse repeats almost word for word the end of the previous one, a rare stylistic device that emphasizes, by insistence, the eternity of the Word: it never had a beginning of its own — it was already there ""in the beginning.""",,,"Even before your day begins, the Word of God was already there, waiting for you."
43,1,2,es,"Este versículo repite casi palabra por palabra el final del versículo anterior, un recurso estilístico poco frecuente que subraya, por insistencia, la eternidad de la Palabra: nunca tuvo un comienzo propio, ya estaba allí «en el principio».",,,"Incluso antes de que comience tu día, la Palabra de Dios ya estaba allí, esperándote."
43,1,2,pt,"Este versículo repete quase palavra por palavra o final do versículo anterior, um recurso estilístico raro que sublinha, por insistência, a eternidade da Palavra: nunca teve um começo próprio, já estava ali «no princípio».",,,"Mesmo antes de o teu dia começar, a Palavra de Deus já ali estava, à tua espera."
43,1,3,fr,"En affirmant à la fois positivement (« toutes choses ») et négativement (« rien... sans elle ») le rôle du Verbe dans la création, ce verset ferme toute exception possible : rien n'existe en dehors de son action créatrice, pas même le mal ou le chaos.",,,Reconnais aujourd'hui que rien de ce qui existe n'échappe à l'action créatrice de Dieu.
43,1,3,en,"By affirming the Word's role in creation both positively (""all things"") and negatively (""nothing... without it""), this verse closes off every possible exception: nothing exists outside its creative action, not even evil or chaos.",,,Recognize today that nothing that exists escapes God's creative action.
43,1,3,es,"Al afirmar tanto positiva («todas las cosas») como negativamente («nada... sin ella») el papel del Verbo en la creación, este versículo cierra toda excepción posible: nada existe fuera de su acción creadora, ni siquiera el mal o el caos.",,,Reconoce hoy que nada de lo que existe escapa a la acción creadora de Dios.
43,1,3,pt,"Ao afirmar tanto positiva («todas as coisas») como negativamente («nada... sem ela») o papel do Verbo na criação, este versículo fecha toda a exceção possível: nada existe fora da sua ação criadora, nem sequer o mal ou o caos.",,,Reconhece hoje que nada do que existe escapa à ação criadora de Deus.
43,3,16,fr,"Ce verset, souvent résumé comme « l'évangile en une phrase », s'adresse à Nicodème, un pharisien venu voir Jésus de nuit, par crainte du regard des autres. Le mot « monde » (kosmos) désigne ici l'humanité tout entière, non un cercle restreint de croyants.",,,"L'amour de Dieu ne se mérite pas, il se reçoit."
43,3,16,en,"This verse, often summed up as ""the gospel in one sentence,"" is spoken to Nicodemus, a Pharisee who came to see Jesus by night for fear of others' opinion. The word ""world"" (kosmos) here designates the whole of humanity, not a narrow circle of believers.",,,"God's love is not earned, it is received."
43,3,16,es,"Este versículo, a menudo resumido como «el evangelio en una frase», se dirige a Nicodemo, un fariseo que fue a ver a Jesús de noche, por temor a la mirada de los demás. La palabra «mundo» (kosmos) designa aquí a la humanidad entera, no a un círculo reducido de creyentes.",,,"El amor de Dios no se merece, se recibe."
43,3,16,pt,"Este versículo, frequentemente resumido como «o evangelho numa frase», dirige-se a Nicodemos, um fariseu que foi ver Jesus de noite, por medo do olhar dos outros. A palavra «mundo» (kosmos) designa aqui toda a humanidade, não um círculo restrito de crentes.",,,"O amor de Deus não se merece, recebe-se."
43,3,17,fr,"Ce verset corrige une attente répandue à l'époque, celle d'un Messie venant d'abord pour juger et punir : Jean précise que la première intention de l'envoi du Fils est le salut, non la condamnation.",,,"Aujourd'hui, laisse tomber le jugement que tu portes peut-être sur toi-même ; Dieu, lui, cherche d'abord à te sauver."
43,3,17,en,"This verse corrects a widespread expectation of the time — that of a Messiah coming first to judge and punish: John makes clear that the primary intent of sending the Son is salvation, not condemnation.",,,"Today, set down the judgment you may be holding against yourself; God, for his part, seeks first to save you."
43,3,17,es,"Este versículo corrige una expectativa extendida en la época, la de un Mesías que vendría primero a juzgar y castigar: Juan precisa que la primera intención del envío del Hijo es la salvación, no la condena.",,,"Hoy, suelta el juicio que quizás llevas sobre ti mismo; Dios, por su parte, busca ante todo salvarte."
43,3,17,pt,"Este versículo corrige uma expectativa generalizada na época, a de um Messias que viria primeiro para julgar e castigar: João precisa que a primeira intenção do envio do Filho é a salvação, não a condenação.",,,"Hoje, larga o julgamento que talvez faças de ti mesmo; Deus, por seu lado, procura antes de mais salvar-te."
43,3,18,fr,"Le jugement, dans ce verset, n'est pas présenté comme un verdict futur mais comme une réalité déjà à l'oeuvre selon la réponse donnée au Fils : croire ou ne pas croire change dès maintenant, non seulement plus tard, la relation avec Dieu.",,,"Choisis aujourd'hui de faire confiance, plutôt que de rester dans le doute qui juge d'avance."
43,3,18,en,"The judgment in this verse is presented not as a future verdict but as a reality already at work depending on the response given to the Son: believing or not believing changes the relationship with God starting now, not only later.",,,"Choose today to place your trust, rather than staying in the doubt that judges in advance."
43,3,18,es,"El juicio, en este versículo, no se presenta como un veredicto futuro, sino como una realidad ya en marcha según la respuesta dada al Hijo: creer o no creer cambia desde ahora, y no solo más tarde, la relación con Dios.",,,"Elige hoy confiar, en lugar de quedarte en la duda que ya juzga por adelantado."
43,3,18,pt,"O julgamento, neste versículo, não é apresentado como um veredicto futuro, mas como uma realidade já em ação segundo a resposta dada ao Filho: crer ou não crer muda, desde já e não só mais tarde, a relação com Deus.",,,"Escolhe hoje confiar, em vez de ficares na dúvida que já julga antecipadamente."
43,14,27,fr,"Cette parole est prononcée par Jésus lors de son dernier repas avec ses disciples, juste avant son arrestation : la paix promise n'est donc pas l'absence de danger ou d'épreuve imminente, mais une paix offerte au coeur même de la menace.",,,Dépose ton inquiétude ; la paix de Dieu garde ton cœur.
43,14,27,en,"These words are spoken by Jesus during his last meal with his disciples, just before his arrest: the peace promised here is therefore not the absence of danger or of an imminent trial, but a peace offered at the very heart of the threat.",,,Set your worry down; the peace of God guards your heart.
43,14,27,es,"Estas palabras las pronuncia Jesús durante su última cena con sus discípulos, justo antes de su arresto: la paz aquí prometida no es, pues, la ausencia de peligro o de una prueba inminente, sino una paz ofrecida en el corazón mismo de la amenaza.",,,Deja tu inquietud; la paz de Dios guarda tu corazón.
43,14,27,pt,"Estas palavras são pronunciadas por Jesus durante a sua última refeição com os discípulos, mesmo antes da sua prisão: a paz aqui prometida não é, pois, a ausência de perigo ou de uma provação iminente, mas uma paz oferecida no próprio coração da ameaça.",,,Larga a tua inquietação; a paz de Deus guarda o teu coração.
43,15,11,fr,"Ce verset conclut l'enseignement sur la vigne et les sarments (v.1-10) : la joie promise n'est donc pas un sentiment indépendant, mais le fruit direct d'une vie demeurant unie au Christ, comme le sarment à la vigne.",,,"La joie ne dépend pas du jour, mais de Celui qui le donne."
43,15,11,en,"This verse concludes the teaching on the vine and the branches (vv.1-10): the joy promised is therefore not an independent feeling, but the direct fruit of a life remaining united to Christ, as the branch to the vine.",,,"Joy does not depend on the day, but on the One who gives it."
43,15,11,es,"Este versículo concluye la enseñanza sobre la vid y los sarmientos (vv.1-10): la alegría prometida no es, pues, un sentimiento independiente, sino el fruto directo de una vida que permanece unida a Cristo, como el sarmiento a la vid.",,,"La alegría no depende del día, sino de Aquel que lo da."
43,15,11,pt,"Este versículo conclui o ensinamento sobre a videira e os ramos (vv.1-10): a alegria prometida não é, pois, um sentimento independente, mas o fruto direto de uma vida que permanece unida a Cristo, como o ramo à videira.",,,"A alegria não depende do dia, mas Daquele que o dá."
43,15,13,fr,"Ce verset précède de peu l'annonce par Jésus que ses disciples ne sont plus des serviteurs mais des amis (v.15) : l'amour dont il parle ici, il s'apprête lui-même à le vivre concrètement, quelques heures plus tard, sur la croix.",,,"L'amour de Dieu ne se mérite pas, il se reçoit."
43,15,13,en,"This verse comes shortly before Jesus announces that his disciples are no longer servants but friends (v.15): the love he speaks of here, he is himself about to live out concretely, a few hours later, on the cross.",,,"God's love is not earned, it is received."
43,15,13,es,"Este versículo precede poco al anuncio de Jesús de que sus discípulos ya no son siervos sino amigos (v.15): el amor del que habla aquí, él mismo se dispone a vivirlo concretamente, unas horas después, en la cruz.",,,"El amor de Dios no se merece, se recibe."
43,15,13,pt,"Este versículo precede pouco o anúncio de Jesus de que os seus discípulos já não são servos mas amigos (v.15): o amor de que aqui fala, ele próprio se prepara para o viver concretamente, poucas horas depois, na cruz.",,,"O amor de Deus não se merece, recebe-se."
43,16,33,fr,"Ce verset conclut tout le long discours d'adieu de Jésus (ch.13-16) : il ne promet pas d'épargner à ses disciples les tribulations, mais affirme une victoire déjà acquise, avant même la passion qui va suivre immédiatement.",,,Dépose ton inquiétude ; la paix de Dieu garde ton cœur.
43,16,33,en,"This verse concludes the whole of Jesus' farewell discourse (chs.13-16): he does not promise to spare his disciples tribulation, but affirms a victory already won, even before the passion about to follow immediately.",,,Set your worry down; the peace of God guards your heart.
43,16,33,es,"Este versículo concluye todo el largo discurso de despedida de Jesús (caps.13-16): no promete ahorrar a sus discípulos las tribulaciones, sino que afirma una victoria ya obtenida, incluso antes de la pasión que va a seguir de inmediato.",,,Deja tu inquietud; la paz de Dios guarda tu corazón.
43,16,33,pt,"Este versículo conclui todo o longo discurso de despedida de Jesus (caps.13-16): não promete poupar os discípulos das tribulações, mas afirma uma vitória já alcançada, mesmo antes da paixão que se segue imediatamente.",,,Larga a tua inquietação; a paz de Deus guarda o teu coração.
45,1,20,fr,"Paul développe ici ce que la tradition théologique appellera plus tard la « théologie naturelle » : la possibilité de connaître, au moins partiellement, l'existence et certains attributs de Dieu à partir de la seule observation de la création, sans révélation particulière.",,,Contemple aujourd'hui la beauté de ce que Dieu a fait.
45,1,20,en,"Paul develops here what theological tradition will later call ""natural theology"": the possibility of knowing, at least in part, God's existence and certain of his attributes simply from observing creation, without any particular revelation.",,,Take a moment today to contemplate the beauty of what God has made.
45,1,20,es,"Pablo desarrolla aquí lo que la tradición teológica llamará más tarde «teología natural»: la posibilidad de conocer, al menos parcialmente, la existencia y ciertos atributos de Dios a partir de la sola observación de la creación, sin ninguna revelación particular.",,,Contempla hoy la belleza de lo que Dios ha hecho.
45,1,20,pt,"Paulo desenvolve aqui o que a tradição teológica chamará mais tarde «teologia natural»: a possibilidade de conhecer, pelo menos parcialmente, a existência e certos atributos de Deus a partir da simples observação da criação, sem qualquer revelação particular.",,,Contempla hoje a beleza daquilo que Deus fez.
45,5,1,fr,"Ce verset ouvre une nouvelle section de la lettre après le long exposé sur la justification (ch.1-4) : la paix évoquée ici n'est pas d'abord un sentiment intérieur de calme, mais un état objectif — la fin d'une hostilité entre Dieu et l'humanité pécheresse.",,,Dépose ton inquiétude ; la paix de Dieu garde ton cœur.
45,5,1,en,"This verse opens a new section of the letter after the long discussion on justification (chs.1-4): the peace mentioned here is not first of all an inner feeling of calm, but an objective state — the end of hostility between God and sinful humanity.",,,Set your worry down; the peace of God guards your heart.
45,5,1,es,"Este versículo abre una nueva sección de la carta tras la larga exposición sobre la justificación (caps.1-4): la paz evocada aquí no es ante todo un sentimiento interior de calma, sino un estado objetivo: el fin de una hostilidad entre Dios y la humanidad pecadora.",,,Deja tu inquietud; la paz de Dios guarda tu corazón.
45,5,1,pt,"Este versículo abre uma nova secção da carta após a longa exposição sobre a justificação (caps.1-4): a paz aqui evocada não é, antes de mais, um sentimento interior de calma, mas um estado objetivo: o fim de uma hostilidade entre Deus e a humanidade pecadora.",,,Larga a tua inquietação; a paz de Deus guarda o teu coração.
45,5,8,fr,"Le verset souligne la chronologie : l'amour de Dieu précède toute conversion ou tout mérite du pécheur. Contrairement à l'amour humain qui répond souvent à une qualité chez l'autre, cet amour se manifeste avant tout changement.",,,"L'amour de Dieu ne se mérite pas, il se reçoit."
45,5,8,en,"The verse underlines the timing: God's love precedes any conversion or merit on the sinner's part. Unlike human love, which often responds to some quality in the other, this love is shown before any change at all.",,,"God's love is not earned, it is received."
45,5,8,es,"El versículo subraya la cronología: el amor de Dios precede a toda conversión o mérito del pecador. A diferencia del amor humano, que a menudo responde a una cualidad del otro, este amor se manifiesta antes de cualquier cambio.",,,"El amor de Dios no se merece, se recibe."
45,5,8,pt,"O versículo sublinha a cronologia: o amor de Deus precede qualquer conversão ou mérito do pecador. Ao contrário do amor humano, que muitas vezes responde a uma qualidade no outro, este amor manifesta-se antes de qualquer mudança.",,,"O amor de Deus não se merece, recebe-se."
45,8,24,fr,"Ce verset s'inscrit dans un chapitre qui décrit la création tout entière « gémissant dans les douleurs de l'enfantement » (v.22) : le salut chrétien n'efface donc pas l'attente et la souffrance présentes, il leur donne un horizon.",,,Ce que tu traverses n'est pas la fin de l'histoire.
45,8,24,en,"This verse belongs to a chapter describing all creation ""groaning in the pains of childbirth"" (v.22): Christian salvation does not erase present waiting and suffering — it gives them a horizon.",,,What you are walking through is not the end of the story.
45,8,24,es,"Este versículo pertenece a un capítulo que describe a toda la creación «gimiendo con dolores de parto» (v.22): la salvación cristiana no borra, pues, la espera ni el sufrimiento presentes, sino que les da un horizonte.",,,Lo que estás atravesando no es el final de la historia.
45,8,24,pt,"Este versículo pertence a um capítulo que descreve toda a criação «a gemer com dores de parto» (v.22): a salvação cristã não apaga, pois, a espera nem o sofrimento presentes, mas dá-lhes um horizonte.",,,Aquilo que atravessas não é o fim da história.
45,8,25,fr,"Le mot grec traduit par « persévérance » (hupomonè) désigne littéralement le fait de « rester dessous », de tenir sous un poids sans céder : l'espérance chrétienne selon Paul n'est donc pas passive, mais une endurance active.",,,"Aujourd'hui, tiens bon dans ce que tu attends encore, même sans le voir."
45,8,25,en,"The Greek word translated ""patience"" (hypomonē) literally means ""remaining under"" — holding firm beneath a weight without giving way: Christian hope, for Paul, is thus not passive but an active endurance.",,,"Today, hold firm in what you are still waiting for, even without seeing it."
45,8,25,es,"La palabra griega traducida como «paciencia» (hypomoné) significa literalmente «permanecer debajo», sostenerse bajo un peso sin ceder: la esperanza cristiana, según Pablo, no es, pues, pasiva, sino una resistencia activa.",,,"Hoy, mantente firme en lo que todavía esperas, aunque no lo veas."
45,8,25,pt,"A palavra grega traduzida por «paciência» (hypomoné) significa literalmente «permanecer debaixo», manter-se sob um peso sem ceder: a esperança cristã, segundo Paulo, não é, pois, passiva, mas uma resistência ativa.",,,"Hoje, mantém-te firme naquilo que ainda esperas, mesmo sem o ver."
45,8,38,fr,"Paul énumère ici, par paires opposées, presque toutes les catégories de puissances connues dans l'imaginaire antique — cosmiques, temporelles, spirituelles — comme pour n'en laisser aucune de côté dans cette affirmation de sécurité totale.",,,"Nomme aujourd'hui ce qui te fait le plus peur, et crois que même cela ne peut te séparer de l'amour de Dieu."
45,8,38,en,"Paul lists here, in opposing pairs, almost every category of power known to the ancient imagination — cosmic, temporal, spiritual — as if to leave none out of this affirmation of total security.",,,"Name today what frightens you most, and believe that even that cannot separate you from God's love."
45,8,38,es,"Pablo enumera aquí, en pares opuestos, casi todas las categorías de poderes conocidas en el imaginario antiguo —cósmicos, temporales, espirituales—, como para no dejar ninguno fuera de esta afirmación de seguridad total.",,,"Nombra hoy aquello que más miedo te da, y cree que ni siquiera eso puede separarte del amor de Dios."
45,8,38,pt,"Paulo enumera aqui, em pares opostos, quase todas as categorias de poderes conhecidas no imaginário antigo — cósmicos, temporais, espirituais —, como que a não deixar nenhuma de fora desta afirmação de segurança total.",,,"Nomeia hoje aquilo que mais te assusta, e crê que nem isso te pode separar do amor de Deus."
45,8,39,fr,"Ce verset conclut la longue liste commencée au verset précédent par une clause générale, « aucune autre créature », qui ferme définitivement toute possibilité d'exception : rien dans toute la création ne peut séparer le croyant de cet amour.",,,"Quoi qu'il arrive aujourd'hui, crois que rien ne peut te séparer de l'amour de Dieu."
45,8,39,en,"This verse closes the long list begun in the previous verse with a general clause, ""nor anything else in all creation,"" which definitively rules out any possible exception: nothing in all creation can separate the believer from this love.",,,"Whatever happens today, believe that nothing can separate you from the love of God."
45,8,39,es,"Este versículo cierra la larga lista iniciada en el versículo anterior con una cláusula general, «ni ninguna otra cosa creada», que descarta definitivamente toda posible excepción: nada en toda la creación puede separar al creyente de este amor.",,,"Pase lo que pase hoy, cree que nada puede separarte del amor de Dios."
45,8,39,pt,"Este versículo fecha a longa lista iniciada no versículo anterior com uma cláusula geral, «nem nenhuma outra criatura», que afasta definitivamente qualquer exceção possível: nada em toda a criação pode separar o crente deste amor.",,,"Aconteça o que acontecer hoje, crê que nada te pode separar do amor de Deus."
45,10,17,fr,"Ce verset s'inscrit dans une réflexion de Paul sur la nécessité de la prédication (v.14-15) : la foi n'est donc pas présentée comme un sentiment spontané, mais comme la conséquence d'une parole reçue, transmise de bouche à oreille depuis les origines.",,,La Parole est vivante ; laisse-la habiter ta journée.
45,10,17,en,"This verse belongs to Paul's reflection on the necessity of preaching (vv.14-15): faith is thus presented not as a spontaneous feeling, but as the consequence of a word received, passed on from mouth to ear since the very beginning.",,,The Word is alive; let it dwell in your day.
45,10,17,es,"Este versículo se enmarca en una reflexión de Pablo sobre la necesidad de la predicación (vv.14-15): la fe no se presenta, pues, como un sentimiento espontáneo, sino como la consecuencia de una palabra recibida, transmitida de boca en boca desde los orígenes.",,,La Palabra está viva; deja que habite tu día.
45,10,17,pt,"Este versículo insere-se numa reflexão de Paulo sobre a necessidade da pregação (vv.14-15): a fé não é, pois, apresentada como um sentimento espontâneo, mas como a consequência de uma palavra recebida, transmitida de boca em boca desde as origens.",,,A Palavra está viva; deixa-a habitar o teu dia.
45,15,13,fr,"Cette bénédiction conclut la partie doctrinale de la lettre aux Romains, juste avant les recommandations pratiques finales : joie, paix et espérance y sont présentées non comme des efforts à produire, mais comme un don à recevoir « par la puissance du Saint-Esprit ».",,,"Demande aujourd'hui à l'Esprit de remplir, sans que tu aies à forcer, ta joie et ta paix."
45,15,13,en,"This blessing concludes the doctrinal part of the letter to the Romans, just before the final practical recommendations: joy, peace, and hope are presented here not as efforts to produce, but as a gift to receive ""by the power of the Holy Spirit.""",,,"Ask the Spirit today to fill your joy and your peace, without you having to force them."
45,15,13,es,"Esta bendición concluye la parte doctrinal de la carta a los Romanos, justo antes de las recomendaciones prácticas finales: la alegría, la paz y la esperanza se presentan aquí no como esfuerzos que producir, sino como un don que recibir «por el poder del Espíritu Santo».",,,"Pide hoy al Espíritu que llene, sin que tengas que forzarlo, tu alegría y tu paz."
45,15,13,pt,"Esta bênção conclui a parte doutrinal da carta aos Romanos, mesmo antes das recomendações práticas finais: a alegria, a paz e a esperança são aqui apresentadas não como esforços a produzir, mas como um dom a receber «pelo poder do Espírito Santo».",,,"Pede hoje ao Espírito que encha, sem teres de forçar, a tua alegria e a tua paz."
46,1,25,fr,"Ce verset conclut un développement sur la « folie de la croix » (v.18-25) : pour les Grecs qui recherchaient la sagesse et pour les Juifs qui demandaient des signes, un Messie crucifié semblait un scandale et une absurdité — que Paul retourne pourtant en signe de la vraie sagesse de Dieu.",,,Demande la sagesse avant de demander la solution.
46,1,25,en,"This verse concludes a passage on ""the foolishness of the cross"" (vv.18-25): to the Greeks who sought wisdom and the Jews who demanded signs, a crucified Messiah seemed a scandal and an absurdity — which Paul nonetheless turns into a sign of God's true wisdom.",,,Ask for wisdom before you ask for the solution.
46,1,25,es,"Este versículo concluye un desarrollo sobre la «locura de la cruz» (vv.18-25): para los griegos que buscaban sabiduría y los judíos que pedían señales, un Mesías crucificado parecía un escándalo y un absurdo, que Pablo, sin embargo, convierte en signo de la verdadera sabiduría de Dios.",,,Pide sabiduría antes de pedir la solución.
46,1,25,pt,"Este versículo conclui um desenvolvimento sobre a «loucura da cruz» (vv.18-25): para os gregos que buscavam sabedoria e os judeus que pediam sinais, um Messias crucificado parecia um escândalo e um absurdo, que Paulo, no entanto, transforma em sinal da verdadeira sabedoria de Deus.",,,Pede sabedoria antes de pedir a solução.
46,13,4,fr,"Ce chapitre, souvent lu lors des mariages, s'adresse en réalité à une communauté divisée par des rivalités de dons spirituels (ch.12 et 14) : l'amour y est présenté moins comme un sentiment romantique que comme une manière concrète de vivre ensemble sans écraser l'autre.",,,"L'amour de Dieu ne se mérite pas, il se reçoit."
46,13,4,en,"This chapter, often read at weddings, actually addresses a community divided by rivalries over spiritual gifts (chs.12 and 14): love here is presented less as a romantic feeling than as a concrete way of living together without crushing others.",,,"God's love is not earned, it is received."
46,13,4,es,"Este capítulo, leído a menudo en las bodas, se dirige en realidad a una comunidad dividida por rivalidades por los dones espirituales (caps.12 y 14): el amor se presenta aquí menos como un sentimiento romántico que como una manera concreta de convivir sin aplastar al otro.",,,"El amor de Dios no se merece, se recibe."
46,13,4,pt,"Este capítulo, frequentemente lido em casamentos, dirige-se na realidade a uma comunidade dividida por rivalidades quanto aos dons espirituais (caps.12 e 14): o amor é aqui apresentado menos como um sentimento romântico do que como um modo concreto de conviver sem esmagar o outro.",,,"O amor de Deus não se merece, recebe-se."
46,13,13,fr,"Le mot grec agapè, traduit ici par « charité », désignait un amour de don gratuit, distinct de l'amour passionnel (eros) ou de l'amitié (philia) dans le vocabulaire grec courant : Paul en fait la plus durable des trois vertus théologales, car elle seule demeurera une fois tout accompli.",,,"L'amour de Dieu ne se mérite pas, il se reçoit."
46,13,13,en,"The Greek word agapē, translated here as ""love,"" designated a freely-given love, distinct from passionate love (eros) or friendship (philia) in ordinary Greek vocabulary: Paul makes it the most lasting of the three theological virtues, since it alone will remain once everything is fulfilled.",,,"God's love is not earned, it is received."
46,13,13,es,"La palabra griega agapé, traducida aquí como «amor», designaba un amor de don gratuito, distinto del amor pasional (eros) o de la amistad (filía) en el vocabulario griego corriente: Pablo la convierte en la más duradera de las tres virtudes teologales, pues solo ella permanecerá una vez cumplido todo.",,,"El amor de Dios no se merece, se recibe."
46,13,13,pt,"A palavra grega agapé, traduzida aqui por «amor», designava um amor de dádiva gratuita, distinto do amor passional (eros) ou da amizade (filia) no vocabulário grego corrente: Paulo faz dela a mais duradoura das três virtudes teologais, pois só ela permanecerá depois de tudo cumprido.",,,"O amor de Deus não se merece, recebe-se."
47,5,7,fr,"Ce verset s'inscrit dans une réflexion de Paul sur l'espérance au-delà de la mort (v.1-10) : marcher « par la foi » ne signifie pas ignorer la réalité, mais accepter d'avancer sans que tout soit encore visible ou prouvé.",,,"Aujourd'hui, avance d'un pas, même sans tout voir du chemin."
47,5,7,en,"This verse belongs to Paul's reflection on hope beyond death (vv.1-10): to walk ""by faith"" does not mean ignoring reality, but agreeing to move forward without everything yet being visible or proven.",,,"Take one step forward today, even without seeing the whole path."
47,5,7,es,"Este versículo se enmarca en una reflexión de Pablo sobre la esperanza más allá de la muerte (vv.1-10): caminar «por fe» no significa ignorar la realidad, sino aceptar avanzar sin que todo sea aún visible o demostrado.",,,"Hoy, da un paso adelante, aunque no veas todo el camino."
47,5,7,pt,"Este versículo insere-se numa reflexão de Paulo sobre a esperança para além da morte (vv.1-10): caminhar «pela fé» não significa ignorar a realidade, mas aceitar avançar sem que tudo seja ainda visível ou provado.",,,"Hoje, dá um passo em frente, mesmo sem ver todo o caminho."
47,12,9,fr,"Cette parole répond à la demande répétée de Paul d'être délivré d'une « écharde dans la chair » (v.7-8), jamais identifiée précisément dans le texte : Dieu ne retire pas l'épreuve, mais promet une grâce suffisante au coeur même de la faiblesse persistante.",,,"La force ne vient pas de toi, mais de Celui qui t'habite."
47,12,9,en,"This word answers Paul's repeated request to be freed from a ""thorn in the flesh"" (vv.7-8), never precisely identified in the text: God does not remove the trial, but promises a grace sufficient at the very heart of the persisting weakness.",,,"Strength does not come from you, but from the One who dwells in you."
47,12,9,es,"Esta palabra responde a la petición repetida de Pablo de ser liberado de un «aguijón en la carne» (vv.7-8), nunca identificado con precisión en el texto: Dios no retira la prueba, pero promete una gracia suficiente en el corazón mismo de la debilidad persistente.",,,"La fuerza no viene de ti, sino de Aquel que habita en ti."
47,12,9,pt,"Esta palavra responde ao pedido repetido de Paulo para ser libertado de um «espinho na carne» (vv.7-8), nunca identificado com precisão no texto: Deus não retira a provação, mas promete uma graça suficiente no próprio coração da fraqueza persistente.",,,"A força não vem de ti, mas Daquele que habita em ti."
48,5,22,fr,"Le mot « fruit » est au singulier en grec, bien que neuf qualités soient énumérées : ce ne sont pas des dons séparés à choisir, mais les aspects d'une seule et même vie nouvelle, produite par l'Esprit et non fabriquée par l'effort personnel.",,,"La joie ne dépend pas du jour, mais de Celui qui le donne."
48,5,22,en,"The word ""fruit"" is singular in Greek, even though nine qualities are listed: these are not separate gifts to pick and choose from, but facets of one and the same new life, produced by the Spirit rather than manufactured by personal effort.",,,"Joy does not depend on the day, but on the One who gives it."
48,5,22,es,"La palabra «fruto» está en singular en griego, aunque se enumeren nueve cualidades: no son dones separados para elegir, sino los aspectos de una sola y misma vida nueva, producida por el Espíritu y no fabricada por el esfuerzo personal.",,,"La alegría no depende del día, sino de Aquel que lo da."
48,5,22,pt,"A palavra «fruto» está no singular em grego, embora sejam enumeradas nove qualidades: não são dons separados para escolher, mas os aspetos de uma só e mesma vida nova, produzida pelo Espírito e não fabricada pelo esforço pessoal.",,,"A alegria não depende do dia, mas Daquele que o dá."
49,2,8,fr,"Ce verset a joué un rôle central dans la Réforme protestante, notamment chez Luther, comme preuve que le salut ne repose pas sur les oeuvres humaines. Le texte grec précise même que « cela » (le salut par la grâce et la foi, pris ensemble) ne vient pas de l'homme.",,,"L'amour de Dieu ne se mérite pas, il se reçoit."
49,2,8,en,"This verse played a central role in the Protestant Reformation, notably for Luther, as proof that salvation does not rest on human works. The Greek text even specifies that ""this"" (salvation by grace and through faith, taken together) does not come from man.",,,"God's love is not earned, it is received."
49,2,8,es,"Este versículo desempeñó un papel central en la Reforma protestante, sobre todo para Lutero, como prueba de que la salvación no descansa en las obras humanas. El texto griego precisa incluso que «esto» (la salvación por gracia y mediante la fe, tomadas juntas) no viene del hombre.",,,"El amor de Dios no se merece, se recibe."
49,2,8,pt,"Este versículo desempenhou um papel central na Reforma protestante, sobretudo para Lutero, como prova de que a salvação não assenta nas obras humanas. O texto grego precisa mesmo que «isto» (a salvação pela graça e mediante a fé, tomadas juntas) não vem do homem.",,,"O amor de Deus não se merece, recebe-se."
49,4,32,fr,"Ce verset conclut un chapitre qui liste concrètement ce qu'il faut « rejeter » — mensonge, colère, amertume, médisance (v.25-31) — avant de proposer, en positif, une seule mesure pour le pardon entre chrétiens : celle, sans limite, que Dieu a déjà accordée.",,,"Pardonne comme il t'a été pardonné, sans compter."
49,4,32,en,"This verse closes a chapter that concretely lists what must be ""put away"" — lying, anger, bitterness, slander (vv.25-31) — before offering, positively, a single measure for forgiveness among Christians: the limitless one God has already granted.",,,Forgive as you were forgiven — without counting.
49,4,32,es,"Este versículo concluye un capítulo que enumera concretamente lo que hay que «desechar» —mentira, ira, amargura, maledicencia (vv.25-31)— antes de proponer, en positivo, una única medida para el perdón entre cristianos: la que Dios ya ha concedido, sin límite.",,,"Perdona como fuiste perdonado, sin llevar la cuenta."
49,4,32,pt,"Este versículo conclui um capítulo que enumera concretamente o que é preciso «rejeitar» — mentira, ira, amargura, maledicência (vv.25-31) — antes de propor, pela positiva, uma única medida para o perdão entre cristãos: aquela que Deus já concedeu, sem limite.",,,"Perdoa como te foi perdoado, sem levar a conta."
49,5,20,fr,"« Pour toutes choses » est la formule la plus radicale de tout le Nouveau Testament sur la reconnaissance : elle n'exclut aucune circonstance, y compris les plus difficiles, du mouvement de gratitude envers Dieu.",,,"Avant de courir vers demain, remercie pour aujourd'hui."
49,5,20,en,"""For everything"" is the most radical formula in the whole New Testament on gratitude: it excludes no circumstance, not even the hardest, from this movement of thanksgiving toward God.",,,"Before rushing towards tomorrow, give thanks for today."
49,5,20,es,"«Por todo» es la fórmula más radical de todo el Nuevo Testamento sobre la gratitud: no excluye ninguna circunstancia, ni siquiera las más difíciles, de este movimiento de acción de gracias hacia Dios.",,,"Antes de correr hacia mañana, da gracias por hoy."
49,5,20,pt,"«Por tudo» é a fórmula mais radical de todo o Novo Testamento sobre a gratidão: não exclui nenhuma circunstância, nem mesmo as mais difíceis, deste movimento de ação de graças a Deus.",,,"Antes de correr para amanhã, agradece por hoje."
49,6,10,fr,"Ce verset ouvre le passage sur l'armure de Dieu (v.11-17), une image empruntée à l'équipement du soldat romain que tout lecteur de l'époque croisait quotidiennement dans les rues des villes de l'Empire.",,,"La force ne vient pas de toi, mais de Celui qui t'habite."
49,6,10,en,"This verse opens the passage on the armor of God (vv.11-17), an image borrowed from the equipment of the Roman soldier that any reader of the time would encounter daily in the streets of the Empire's cities.",,,"Strength does not come from you, but from the One who dwells in you."
49,6,10,es,"Este versículo abre el pasaje sobre la armadura de Dios (vv.11-17), una imagen tomada del equipo del soldado romano que cualquier lector de la época se cruzaba a diario en las calles de las ciudades del Imperio.",,,"La fuerza no viene de ti, sino de Aquel que habita en ti."
49,6,10,pt,"Este versículo abre a passagem sobre a armadura de Deus (vv.11-17), uma imagem tomada do equipamento do soldado romano que qualquer leitor da época cruzava diariamente nas ruas das cidades do Império.",,,"A força não vem de ti, mas Daquele que habita em ti."
50,4,4,fr,"Paul écrit cette lettre depuis une prison (probablement à Rome), ce qui rend d'autant plus frappant cet appel répété à la joie : elle n'est donc pas présentée comme dépendante des circonstances extérieures, mais comme un choix « dans le Seigneur ».",,,"La joie ne dépend pas du jour, mais de Celui qui le donne."
50,4,4,en,"Paul writes this letter from prison (probably in Rome), which makes this repeated call to joy all the more striking: it is thus presented not as dependent on outward circumstances, but as a choice made ""in the Lord.""",,,"Joy does not depend on the day, but on the One who gives it."
50,4,4,es,"Pablo escribe esta carta desde una prisión (probablemente en Roma), lo que hace aún más llamativo este llamado repetido a la alegría: no se presenta, pues, como dependiente de las circunstancias externas, sino como una elección hecha «en el Señor».",,,"La alegría no depende del día, sino de Aquel que lo da."
50,4,4,pt,"Paulo escreve esta carta a partir de uma prisão (provavelmente em Roma), o que torna ainda mais impressionante este apelo repetido à alegria: ela não é, pois, apresentada como dependente das circunstâncias externas, mas como uma escolha feita «no Senhor».",,,"A alegria não depende do dia, mas Daquele que o dá."
50,4,6,fr,"Le verbe grec traduit par « ne vous inquiétez » est le même que Jésus emploie en Matthieu 6,25-34 sur les oiseaux du ciel : Paul reprend ici, en pleine captivité, un enseignement qu'il a lui-même reçu de la tradition sur Jésus.",,,Dépose ton inquiétude ; la paix de Dieu garde ton cœur.
50,4,6,en,"The Greek verb translated ""do not be anxious"" is the same one Jesus uses in Matthew 6:25-34 about the birds of the air: Paul here passes on, from the midst of captivity, a teaching he himself received from the tradition about Jesus.",,,Set your worry down; the peace of God guards your heart.
50,4,6,es,"El verbo griego traducido como «no os inquietéis» es el mismo que usa Jesús en Mateo 6,25-34 sobre las aves del cielo: Pablo retoma aquí, en plena cautividad, una enseñanza que él mismo recibió de la tradición sobre Jesús.",,,Deja tu inquietud; la paz de Dios guarda tu corazón.
50,4,6,pt,"O verbo grego traduzido por «não andeis ansiosos» é o mesmo que Jesus usa em Mateus 6,25-34 sobre as aves do céu: Paulo retoma aqui, em plena cativeiro, um ensinamento que ele próprio recebeu da tradição sobre Jesus.",,,Larga a tua inquietação; a paz de Deus guarda o teu coração.
50,4,7,fr,"Le verbe traduit par « gardera » est un terme militaire, qui désigne l'action d'une garnison postée pour surveiller une ville : la paix de Dieu est ainsi comparée à une sentinelle active, non à une simple absence de conflit.",,,Dépose ton inquiétude ; la paix de Dieu garde ton cœur.
50,4,7,en,"The verb translated ""will guard"" is a military term, denoting the action of a garrison posted to watch over a city: the peace of God is thus compared to an active sentry, not merely the absence of conflict.",,,Set your worry down; the peace of God guards your heart.
50,4,7,es,"El verbo traducido como «guardará» es un término militar, que designa la acción de una guarnición apostada para vigilar una ciudad: la paz de Dios se compara así con un centinela activo, no con la simple ausencia de conflicto.",,,Deja tu inquietud; la paz de Dios guarda tu corazón.
50,4,7,pt,"O verbo traduzido por «guardará» é um termo militar, que designa a ação de uma guarnição colocada para vigiar uma cidade: a paz de Deus é assim comparada a uma sentinela ativa, não à simples ausência de conflito.",,,Larga a tua inquietação; a paz de Deus guarda o teu coração.
50,4,13,fr,"Ce verset, souvent cité isolément comme une promesse de réussite universelle, doit se lire avec les versets précédents (v.11-12), où Paul explique avoir appris à être content aussi bien dans l'abondance que dans le dénuement : la force promise ici sert d'abord à traverser toutes les situations, pas à obtenir tout ce qu'on désire.",,,"La force ne vient pas de toi, mais de Celui qui t'habite."
50,4,13,en,"This verse, often quoted in isolation as a promise of universal success, must be read alongside the preceding verses (vv.11-12), where Paul explains he has learned to be content both in abundance and in need: the strength promised here first serves to get through every situation, not to obtain everything one desires.",,,"Strength does not come from you, but from the One who dwells in you."
50,4,13,es,"Este versículo, a menudo citado de forma aislada como una promesa de éxito universal, debe leerse junto a los versículos anteriores (vv.11-12), donde Pablo explica que ha aprendido a estar contento tanto en la abundancia como en la escasez: la fuerza aquí prometida sirve ante todo para atravesar toda situación, no para obtener todo lo que se desea.",,,"La fuerza no viene de ti, sino de Aquel que habita en ti."
50,4,13,pt,"Este versículo, frequentemente citado isoladamente como uma promessa de sucesso universal, deve ler-se junto dos versículos anteriores (vv.11-12), onde Paulo explica ter aprendido a estar contente tanto na abundância como na escassez: a força aqui prometida serve antes de mais para atravessar toda a situação, não para obter tudo o que se deseja.",,,"A força não vem de ti, mas Daquele que habita em ti."
51,3,13,fr,"Ce verset reprend presque mot pour mot Éphésiens 4,32, signe que Paul avait développé une formule fixe sur ce sujet, transmise d'église en église : le modèle du pardon n'est jamais un vague idéal, mais toujours un exemple précis, celui du Christ.",,,"Pardonne comme il t'a été pardonné, sans compter."
51,3,13,en,"This verse repeats almost word for word Ephesians 4:32, a sign that Paul had developed a fixed formula on this subject, passed from church to church: the model for forgiveness is never a vague ideal, but always a precise example — that of Christ.",,,Forgive as you were forgiven — without counting.
51,3,13,es,"Este versículo retoma casi palabra por palabra Efesios 4,32, señal de que Pablo había desarrollado una fórmula fija sobre este tema, transmitida de iglesia en iglesia: el modelo del perdón nunca es un ideal vago, sino siempre un ejemplo preciso, el de Cristo.",,,"Perdona como fuiste perdonado, sin llevar la cuenta."
51,3,13,pt,"Este versículo retoma quase palavra por palavra Efésios 4,32, sinal de que Paulo tinha desenvolvido uma fórmula fixa sobre este tema, transmitida de igreja em igreja: o modelo do perdão nunca é um ideal vago, mas sempre um exemplo preciso, o de Cristo.",,,"Perdoa como te foi perdoado, sem levar a conta."
51,3,15,fr,"Le verbe traduit par « régner » (brabeuo) est emprunté au vocabulaire des jeux sportifs grecs, où il désignait l'arbitre qui tranche et décide du résultat : la paix du Christ est ainsi présentée comme ce qui doit arbitrer les décisions et les tensions du coeur.",,,Dépose ton inquiétude ; la paix de Dieu garde ton cœur.
51,3,15,en,"The verb translated ""rule"" (brabeuō) is borrowed from the vocabulary of Greek athletic games, where it designated the umpire who settles and decides the outcome: the peace of Christ is thus presented as what should arbitrate the decisions and tensions of the heart.",,,Set your worry down; the peace of God guards your heart.
51,3,15,es,"El verbo traducido como «reinar» (brabeuo) se toma del vocabulario de los juegos deportivos griegos, donde designaba al árbitro que decide el resultado: la paz de Cristo se presenta así como aquello que debe arbitrar las decisiones y tensiones del corazón.",,,Deja tu inquietud; la paz de Dios guarda tu corazón.
51,3,15,pt,"O verbo traduzido por «reine» (brabeuo) é tomado do vocabulário dos jogos desportivos gregos, onde designava o árbitro que decide o resultado: a paz de Cristo é assim apresentada como aquilo que deve arbitrar as decisões e tensões do coração.",,,Larga a tua inquietação; a paz de Deus guarda o teu coração.
51,3,17,fr,"« Quoi que vous fassiez » inclut délibérément les tâches les plus ordinaires, puisque les versets qui suivent immédiatement (3,18-4,1) parlent des relations familiales et du travail quotidien des esclaves et des maîtres : rien n'est trop banal pour être fait au nom du Christ.",,,Fais aujourd'hui une tâche ordinaire comme si elle était offerte à Dieu lui-même.
51,3,17,en,"""Whatever you do"" deliberately includes the most ordinary tasks, since the verses immediately following (3:18-4:1) speak of family relationships and the daily work of slaves and masters: nothing is too mundane to be done in the name of Christ.",,,Do one ordinary task today as if it were offered to God himself.
51,3,17,es,"«Todo lo que hagáis» incluye deliberadamente las tareas más ordinarias, ya que los versículos que siguen inmediatamente (3,18-4,1) hablan de las relaciones familiares y del trabajo cotidiano de esclavos y amos: nada es demasiado banal para hacerse en nombre de Cristo.",,,Haz hoy una tarea ordinaria como si se la ofrecieras a Dios mismo.
51,3,17,pt,"«Tudo o que fizerdes» inclui deliberadamente as tarefas mais comuns, já que os versículos imediatamente a seguir (3,18-4,1) falam das relações familiares e do trabalho quotidiano de escravos e senhores: nada é demasiado banal para ser feito em nome de Cristo.",,,Faz hoje uma tarefa comum como se a oferecesses ao próprio Deus.
51,4,5,fr,"« Ceux du dehors » désigne les non-chrétiens de l'entourage immédiat : la sagesse demandée ici est donc essentiellement relationnelle, une manière d'être qui donne à voir quelque chose de la foi sans un mot de prédication explicite.",,,"Aujourd'hui, laisse ta manière d'agir avec les autres parler d'elle-même."
51,4,5,en,"""Those outside"" refers to the non-Christians in one's immediate surroundings: the wisdom asked for here is thus essentially relational, a way of being that shows something of the faith without a single word of explicit preaching.",,,"Today, let the way you act with others speak for itself."
51,4,5,es,"«Los de fuera» designa a los no cristianos del entorno inmediato: la sabiduría que aquí se pide es, pues, esencialmente relacional, una manera de ser que deja ver algo de la fe sin una sola palabra de predicación explícita.",,,"Hoy, deja que tu manera de tratar a los demás hable por sí sola."
51,4,5,pt,"«Os de fora» designa os não-cristãos do meio imediato: a sabedoria aqui pedida é, pois, essencialmente relacional, um modo de ser que deixa ver algo da fé sem uma única palavra de pregação explícita.",,,"Hoje, deixa que o teu modo de agir com os outros fale por si."
52,5,18,fr,Ce verset appartient à une série de trois impératifs très brefs (v.16-18 : « Soyez toujours joyeux. Priez sans cesse. Rendez grâces en toutes choses ») que la tradition chrétienne cite souvent ensemble comme un résumé de toute la vie spirituelle.,,,"Avant de courir vers demain, remercie pour aujourd'hui."
52,5,18,en,"This verse belongs to a series of three very short imperatives (vv.16-18: ""Rejoice always. Pray without ceasing. Give thanks in all circumstances"") which Christian tradition often quotes together as a summary of the whole spiritual life.",,,"Before rushing towards tomorrow, give thanks for today."
52,5,18,es,Este versículo pertenece a una serie de tres imperativos muy breves (vv.16-18: «Estad siempre gozosos. Orad sin cesar. Dad gracias en toda situación») que la tradición cristiana suele citar juntos como un resumen de toda la vida espiritual.,,,"Antes de correr hacia mañana, da gracias por hoy."
52,5,18,pt,Este versículo pertence a uma série de três imperativos muito breves (vv.16-18: «Alegrai-vos sempre. Orai sem cessar. Dai graças em tudo») que a tradição cristã costuma citar juntos como um resumo de toda a vida espiritual.,,,"Antes de correr para amanhã, agradece por hoje."
53,3,16,fr,"Cette bénédiction intervient à la fin d'une lettre où Paul a dû corriger des tensions concrètes dans la communauté (v.6-15), notamment autour de personnes refusant de travailler : la paix demandée ici n'est donc pas abstraite, mais vise une réconciliation bien réelle.",,,Dépose ton inquiétude ; la paix de Dieu garde ton cœur.
53,3,16,en,"This blessing comes at the end of a letter in which Paul had to address real tensions within the community (vv.6-15), notably concerning people refusing to work: the peace asked for here is thus not abstract, but aims at a very real reconciliation.",,,Set your worry down; the peace of God guards your heart.
53,3,16,es,"Esta bendición llega al final de una carta en la que Pablo tuvo que corregir tensiones concretas en la comunidad (vv.6-15), en particular en torno a personas que se negaban a trabajar: la paz aquí pedida no es, pues, abstracta, sino que apunta a una reconciliación bien real.",,,Deja tu inquietud; la paz de Dios guarda tu corazón.
53,3,16,pt,"Esta bênção surge no final de uma carta em que Paulo teve de corrigir tensões concretas na comunidade (vv.6-15), nomeadamente em torno de pessoas que se recusavam a trabalhar: a paz aqui pedida não é, pois, abstrata, mas visa uma reconciliação bem real.",,,Larga a tua inquietação; a paz de Deus guarda o teu coração.
58,4,9,fr,"Ce verset utilise un mot grec rare (sabbatismos), un « repos sabbatique » qui ne se trouve nulle part ailleurs dans le Nouveau Testament : l'auteur relit tout le repos du septième jour de la création et du sabbat mosaïque comme une préfiguration d'un repos définitif encore à venir.",,,Accorde-toi aussi un vrai temps de repos aujourd'hui.
58,4,9,en,"This verse uses a rare Greek word (sabbatismos), a ""sabbath rest"" found nowhere else in the New Testament: the author reinterprets the whole rest of the seventh day of creation and the Mosaic Sabbath as a foreshadowing of a definitive rest still to come.",,,"Give yourself real rest today, too."
58,4,9,es,"Este versículo utiliza una palabra griega rara (sabbatismos), un «reposo sabático» que no aparece en ningún otro lugar del Nuevo Testamento: el autor relee todo el descanso del séptimo día de la creación y del sábado mosaico como una prefiguración de un descanso definitivo aún por venir.",,,Concédete también hoy un verdadero descanso.
58,4,9,pt,"Este versículo usa uma palavra grega rara (sabbatismos), um «repouso sabático» que não se encontra em mais lado nenhum do Novo Testamento: o autor relê todo o descanso do sétimo dia da criação e do sábado mosaico como uma prefiguração de um descanso definitivo ainda por vir.",,,Concede-te também hoje um verdadeiro descanso.
58,6,19,fr,"« Au-delà du voile » désigne le lieu très saint du Temple, où seul le grand prêtre entrait une fois par an : l'image suggère que l'espérance chrétienne donne un accès direct à la présence de Dieu, là où l'ancien culte gardait une distance infranchissable.",,,Ce que tu traverses n'est pas la fin de l'histoire.
58,6,19,en,"""Beyond the veil"" designates the Most Holy Place of the Temple, which only the high priest entered once a year: the image suggests that Christian hope gives direct access to God's presence, where the old worship kept an impassable distance.",,,What you are walking through is not the end of the story.
58,6,19,es,"«Más allá del velo» designa el lugar santísimo del Templo, donde solo el sumo sacerdote entraba una vez al año: la imagen sugiere que la esperanza cristiana da acceso directo a la presencia de Dios, allí donde el antiguo culto mantenía una distancia infranqueable.",,,Lo que estás atravesando no es el final de la historia.
58,6,19,pt,"«Além do véu» designa o lugar santíssimo do Templo, onde só o sumo sacerdote entrava uma vez por ano: a imagem sugere que a esperança cristã dá acesso direto à presença de Deus, onde o antigo culto mantinha uma distância intransponível.",,,Aquilo que atravessas não é o fim da história.
58,11,1,fr,"Ce verset ouvre le grand chapitre sur la foi qui énumère ensuite toute une galerie de figures bibliques — Abel, Noé, Abraham, Moïse — comme autant d'exemples concrets de cette définition, plutôt que de la laisser purement abstraite.",,,"Aujourd'hui, ose croire à ce que tu ne peux pas encore voir de ta vie."
58,11,1,en,"This verse opens the great chapter on faith, which then lists a whole gallery of biblical figures — Abel, Noah, Abraham, Moses — as concrete illustrations of this definition, rather than leaving it purely abstract.",,,Dare today to believe in what you cannot yet see of your life.
58,11,1,es,"Este versículo abre el gran capítulo sobre la fe, que a continuación enumera toda una galería de figuras bíblicas —Abel, Noé, Abraham, Moisés— como ejemplos concretos de esta definición, en lugar de dejarla puramente abstracta.",,,Atrévete hoy a creer en lo que todavía no puedes ver de tu vida.
58,11,1,pt,"Este versículo abre o grande capítulo sobre a fé, que enumera depois toda uma galeria de figuras bíblicas — Abel, Noé, Abraão, Moisés — como exemplos concretos desta definição, em vez de a deixar puramente abstrata.",,,Ousa hoje crer naquilo que ainda não consegues ver da tua vida.
58,11,6,fr,"Le verset ajoute une seconde condition à côté de l'existence de Dieu : croire aussi « qu'il récompense ceux qui le cherchent ». La foi biblique n'est donc pas une simple opinion théorique, mais une confiance qui engage la recherche active de Dieu.",,,"Aujourd'hui, cherche Dieu activement, pas seulement en pensée mais dans un geste concret."
58,11,6,en,"The verse adds a second condition alongside God's existence: believing also ""that he rewards those who seek him."" Biblical faith is thus not a mere theoretical opinion, but a trust that commits to actively seeking God.",,,"Today, seek God actively — not only in thought, but through one concrete gesture."
58,11,6,es,"El versículo añade una segunda condición junto a la existencia de Dios: creer también «que recompensa a quienes lo buscan». La fe bíblica no es, pues, una simple opinión teórica, sino una confianza que compromete a la búsqueda activa de Dios.",,,"Hoy, busca a Dios activamente, no solo en pensamiento sino en un gesto concreto."
58,11,6,pt,"O versículo acrescenta uma segunda condição além da existência de Deus: crer também «que recompensa os que o buscam». A fé bíblica não é, pois, uma simples opinião teórica, mas uma confiança que compromete a busca ativa de Deus.",,,"Hoje, procura Deus ativamente, não apenas em pensamento mas num gesto concreto."
59,1,2,fr,"Le mot grec pour « épreuves » (peirasmos) peut désigner aussi bien une difficulté extérieure qu'une tentation intérieure : Jacques ne demande pas de se réjouir de la souffrance elle-même, mais du travail de maturation qu'elle rend possible (v.3-4).",,,"Cherche aujourd'hui, même dans une difficulté, ce qu'elle est peut-être en train de faire grandir en toi."
59,1,2,en,"The Greek word for ""trials"" (peirasmos) can mean either an outward difficulty or an inner temptation: James is not asking anyone to rejoice in suffering itself, but in the work of maturing it makes possible (vv.3-4).",,,"Even in a difficulty today, look for what it may be helping to grow in you."
59,1,2,es,"La palabra griega para «pruebas» (peirasmos) puede designar tanto una dificultad externa como una tentación interior: Santiago no pide alegrarse del sufrimiento en sí, sino del trabajo de maduración que este hace posible (vv.3-4).",,,"Incluso en una dificultad hoy, busca lo que quizás está haciendo crecer en ti."
59,1,2,pt,"A palavra grega para «provações» (peirasmos) pode designar tanto uma dificuldade exterior como uma tentação interior: Tiago não pede para nos alegrarmos com o sofrimento em si, mas com o trabalho de amadurecimento que ele torna possível (vv.3-4).",,,"Mesmo numa dificuldade hoje, procura aquilo que ela talvez esteja a fazer crescer em ti."
59,1,5,fr,"« Sans reproche » précise que Dieu ne fait jamais sentir à celui qui demande son manque ou son insuffisance : contrairement à un don humain souvent accompagné d'un jugement implicite, le don divin de la sagesse est offert sans aucune condescendance.",,,Demande la sagesse avant de demander la solution.
59,1,5,en,"""Without reproach"" makes clear that God never makes the one who asks feel their lack or inadequacy: unlike a human gift often accompanied by an implicit judgment, God's gift of wisdom is offered without any condescension.",,,Ask for wisdom before you ask for the solution.
59,1,5,es,"«Sin reprochar» precisa que Dios nunca hace sentir a quien pide su carencia o insuficiencia: a diferencia de un don humano a menudo acompañado de un juicio implícito, el don divino de la sabiduría se ofrece sin ninguna condescendencia.",,,Pide sabiduría antes de pedir la solución.
59,1,5,pt,"«Sem censurar» precisa que Deus nunca faz sentir a quem pede a sua carência ou insuficiência: ao contrário de um dom humano muitas vezes acompanhado de um juízo implícito, o dom divino da sabedoria é oferecido sem qualquer condescendência.",,,Pede sabedoria antes de pedir a solução.
59,1,6,fr,"L'image du flot agité par le vent décrit une instabilité permanente, sans direction propre : ce n'est pas le doute intellectuel ponctuel qui est visé ici, mais une indécision chronique qui empêche de recevoir quoi que ce soit durablement.",,,"Aujourd'hui, pose une demande à Dieu avec assurance, sans te laisser ballotter par le doute."
59,1,6,en,"The image of a wave driven and tossed by the wind describes a permanent instability, with no direction of its own: what is meant here is not an occasional intellectual doubt, but a chronic indecision that prevents receiving anything durably.",,,"Bring a request to God today with confidence, without letting doubt toss you back and forth."
59,1,6,es,"La imagen de la ola agitada por el viento describe una inestabilidad permanente, sin dirección propia: no se apunta aquí a la duda intelectual puntual, sino a una indecisión crónica que impide recibir nada de manera duradera.",,,"Hoy, haz una petición a Dios con confianza, sin dejarte zarandear por la duda."
59,1,6,pt,"A imagem da onda agitada pelo vento descreve uma instabilidade permanente, sem direção própria: não é a dúvida intelectual pontual que aqui se visa, mas uma indecisão crónica que impede receber seja o que for de forma duradoura.",,,"Hoje, faz um pedido a Deus com confiança, sem te deixares abalar pela dúvida."
60,1,3,fr,"Cette lettre est adressée à des chrétiens dispersés et probablement déjà en butte à des persécutions locales (v.6) : l'espérance dont il est question n'est donc pas un optimisme facile, mais une confiance fondée précisément sur un événement historique, la résurrection.",,,Ce que tu traverses n'est pas la fin de l'histoire.
60,1,3,en,"This letter is addressed to Christians scattered abroad and probably already facing local persecution (v.6): the hope in question here is thus not an easy optimism, but a confidence grounded precisely in a historical event — the resurrection.",,,What you are walking through is not the end of the story.
60,1,3,es,"Esta carta se dirige a cristianos dispersos y probablemente ya expuestos a persecuciones locales (v.6): la esperanza de la que aquí se habla no es, pues, un optimismo fácil, sino una confianza fundada precisamente en un acontecimiento histórico, la resurrección.",,,Lo que estás atravesando no es el final de la historia.
60,1,3,pt,"Esta carta dirige-se a cristãos dispersos e provavelmente já expostos a perseguições locais (v.6): a esperança de que aqui se fala não é, pois, um otimismo fácil, mas uma confiança fundada precisamente num acontecimento histórico, a ressurreição.",,,Aquilo que atravessas não é o fim da história.
60,1,8,fr,"Pierre écrit à des chrétiens qui, contrairement à lui, n'ont jamais rencontré Jésus de son vivant : ce verset reconnaît explicitement cette différence, tout en affirmant que la joie et l'amour qu'ils éprouvent n'en sont pas moins réels ni moins profonds.",,,"La joie ne dépend pas du jour, mais de Celui qui le donne."
60,1,8,en,"Peter writes to Christians who, unlike him, never met Jesus during his lifetime: this verse explicitly acknowledges that difference, while affirming that the joy and love they feel are no less real or profound for it.",,,"Joy does not depend on the day, but on the One who gives it."
60,1,8,es,"Pedro escribe a cristianos que, a diferencia de él, nunca conocieron a Jesús en vida: este versículo reconoce explícitamente esta diferencia, afirmando a la vez que el gozo y el amor que sienten no son por ello menos reales ni menos profundos.",,,"La alegría no depende del día, sino de Aquel que lo da."
60,1,8,pt,"Pedro escreve a cristãos que, ao contrário dele, nunca conheceram Jesus em vida: este versículo reconhece explicitamente esta diferença, afirmando ao mesmo tempo que a alegria e o amor que sentem não são, por isso, menos reais nem menos profundos.",,,"A alegria não depende do dia, mas Daquele que o dá."
60,5,7,fr,"Le verbe grec traduit par « déchargez-vous » (epiripto) est le même employé dans l'épisode où les disciples jettent leurs manteaux sur l'ânon pour Jésus (Lc 19,35) : l'image suggère un geste net et volontaire de dépôt, plutôt qu'une inquiétude qu'on essaierait vaguement de calmer.",,,Remets tes soucis du jour entre les mains de ton berger.
60,5,7,en,"The Greek verb translated ""cast"" (epiriptō) is the same one used in the episode where the disciples throw their cloaks over the colt for Jesus (Luke 19:35): the image suggests a clean, deliberate act of setting something down, rather than a worry one vaguely tries to calm.",,,Place the worries of your day into your shepherd's hands.
60,5,7,es,"El verbo griego traducido como «descargad» (epiriptó) es el mismo que se usa en el episodio en que los discípulos echan sus mantos sobre el pollino para Jesús (Lc 19,35): la imagen sugiere un gesto neto y voluntario de depósito, más que una inquietud que uno intenta vagamente calmar.",,,Pon las preocupaciones del día en manos de tu pastor.
60,5,7,pt,"O verbo grego traduzido por «lançai» (epiriptó) é o mesmo usado no episódio em que os discípulos lançam as suas capas sobre o jumentinho para Jesus (Lc 19,35): a imagem sugere um gesto nítido e voluntário de depositar, mais do que uma inquietação que se tenta vagamente acalmar.",,,Entrega as preocupações do dia nas mãos do teu pastor.
62,1,9,fr,"« Fidèle et juste » peut surprendre : on attendrait plutôt « miséricordieux ». Jean insiste ainsi sur le fait que le pardon de Dieu n'est pas une simple faveur arbitraire, mais la conséquence cohérente de ce que le Christ a déjà accompli sur la croix.",,,"Ose aujourd'hui confesser, même dans le secret de ton coeur, ce qui pèse encore sur toi."
62,1,9,en,"""Faithful and just"" may come as a surprise: one might expect ""merciful"" instead. John thus insists that God's forgiveness is not a mere arbitrary favor, but the consistent consequence of what Christ has already accomplished on the cross.",,,"Dare today to confess, even in the secrecy of your heart, what still weighs on you."
62,1,9,es,"«Fiel y justo» puede sorprender: se esperaría más bien «misericordioso». Juan insiste así en que el perdón de Dios no es un simple favor arbitrario, sino la consecuencia coherente de lo que Cristo ya ha realizado en la cruz.",,,"Atrévete hoy a confesar, aunque sea en el secreto de tu corazón, lo que todavía pesa sobre ti."
62,1,9,pt,"«Fiel e justo» pode surpreender: esperar-se-ia antes «misericordioso». João insiste assim em que o perdão de Deus não é um simples favor arbitrário, mas a consequência coerente daquilo que Cristo já realizou na cruz.",,,"Ousa hoje confessar, mesmo no segredo do teu coração, aquilo que ainda pesa sobre ti."
62,3,1,fr,"Le verbe « voyez » traduit un impératif grec qui invite littéralement à s'arrêter et regarder, comme devant un spectacle étonnant. La deuxième phrase, « et nous le sommes », est un ajout de Jean par rapport à l'attente : il ne s'agit pas seulement d'un titre honorifique, mais d'une réalité déjà accomplie.",,,"L'amour de Dieu ne se mérite pas, il se reçoit."
62,3,1,en,"The word ""see"" translates a Greek imperative that literally invites one to stop and look, as at an astonishing sight. The second clause, ""and so we are,"" is John's own addition beyond what one might expect: it is not merely an honorary title, but an already accomplished reality.",,,"God's love is not earned, it is received."
62,3,1,es,"El verbo «ved» traduce un imperativo griego que invita literalmente a detenerse y mirar, como ante un espectáculo asombroso. La segunda frase, «y lo somos», es una añadidura de Juan respecto a lo esperado: no se trata solo de un título honorífico, sino de una realidad ya cumplida.",,,"El amor de Dios no se merece, se recibe."
62,3,1,pt,"O verbo «vede» traduz um imperativo grego que convida literalmente a parar e olhar, como perante um espetáculo espantoso. A segunda frase, «e somo-lo», é um acrescento de João em relação ao esperado: não se trata apenas de um título honorífico, mas de uma realidade já cumprida.",,,"O amor de Deus não se merece, recebe-se."
62,4,8,fr,"« Dieu est amour » est l'une des deux seules définitions directes de Dieu dans toute la Bible (avec « Dieu est lumière » en 1 Jn 1,5) : ce n'est pas simplement une de ses qualités parmi d'autres, mais ce qu'il est dans sa nature même.",,,"L'amour de Dieu ne se mérite pas, il se reçoit."
62,4,8,en,"""God is love"" is one of only two direct definitions of God in the whole Bible (along with ""God is light"" in 1 John 1:5): it is not simply one of his qualities among others, but what he is in his very nature.",,,"God's love is not earned, it is received."
62,4,8,es,"«Dios es amor» es una de las dos únicas definiciones directas de Dios en toda la Biblia (junto con «Dios es luz» en 1 Jn 1,5): no es simplemente una de sus cualidades entre otras, sino lo que él es en su naturaleza misma.",,,"El amor de Dios no se merece, se recibe."
62,4,8,pt,"«Deus é amor» é uma das duas únicas definições diretas de Deus em toda a Bíblia (juntamente com «Deus é luz» em 1 Jo 1,5): não é simplesmente uma das suas qualidades entre outras, mas o que ele é na sua própria natureza.",,,"O amor de Deus não se merece, recebe-se."
62,4,19,fr,"Ce verset conclut un développement où Jean explique que l'amour humain pour Dieu n'est jamais premier ni spontané, mais toujours une réponse : toute la théologie de l'amour, dans cette lettre, part de l'initiative divine, jamais de l'effort humain.",,,"L'amour de Dieu ne se mérite pas, il se reçoit."
62,4,19,en,"This verse closes a passage where John explains that human love for God is never first or spontaneous, but always a response: the whole theology of love in this letter starts from divine initiative, never from human effort.",,,"God's love is not earned, it is received."
62,4,19,es,"Este versículo concluye un desarrollo en el que Juan explica que el amor humano por Dios nunca es primero ni espontáneo, sino siempre una respuesta: toda la teología del amor, en esta carta, parte de la iniciativa divina, nunca del esfuerzo humano.",,,"El amor de Dios no se merece, se recibe."
62,4,19,pt,"Este versículo conclui um desenvolvimento em que João explica que o amor humano por Deus nunca é primeiro nem espontâneo, mas sempre uma resposta: toda a teologia do amor, nesta carta, parte da iniciativa divina, nunca do esforço humano.",,,"O amor de Deus não se merece, recebe-se."
